[
  {
    "type": "mapgen",
    "method": "json",
    "om_terrain": [ "Bio_Weapon_Lab_1" ],
    "object": {
      "rows": [
        "----&,.,&&,.,,,&,,,.&---",
        "|,,.,,,,.,,,,.,..,,,,,,|",
        "|,,,,,,..,,,,,,,,..,,,,|",
        "|,,,,,,,,,,,,,..,,,,,,,&",
        "|,,,,,,.,,,,..,,,,..,,,&",
        "|,,..,,,,,,,,,,,..,,,,.&",
        "|,,,,,,,,,..,,,,.,,,,,,|",
        "|,,..,,,,,,,,..,,,,,,,,|",
        "|,,,,,,..,,,,.,,,,,,,,.|",
        "|,,..,,,,,,,,,,,,,,,,,,|",
        "|.,,,,,,,,.,,,,.,,,,,,,|",
        "|,,,,,,,,,,,,,,,,,.,,,,|",
        "|,,.,,,,,,,,,,,,,,,,,,,|",
        "|,,..,,,,,,,,..,,,,,,,,|",
        "&,,,..,,,,..,,,,..,,,,.|",
        ",,,.,,,,,,,,,,,,,,,.,,,|",
        ",,,,,,,..,,,,.,,,,.,,,,|",
        "&,,..,,,,.,,,,..,,,,,,,|",
        "&,,..,,,,,,,,,,,,..,,,,|",
        "|.,,,,..,,,,,,,,,,,.,,,|",
        "|,,..,..,,,,.,..,,,,,,,|",
        "|,,,,,.,,,,.,,,,,,,,,,,|",
        "|,,..,,,,,,,,,,,,,,,,,,|",
        "|,,.,,,,.,,,,,,,,,,,,,,|"
      ],
      "terrain": {
        " ": "t_null",
        ",": "t_grass",
        ".": "t_dirt",
        "|": "t_chainfence",
        "-": "t_chainfence",
        "&": "t_chainfence_posts"
      },
      "place_loot": [
        { "item": "pipe", "x": [ 3, 21 ], "y": [ 0, 2 ], "repeat": [ 2, 6 ] },
        { "item": "wire", "x": [ 3, 21 ], "y": [ 0, 2 ], "repeat": [ 4, 10 ] },
        { "item": "scrap", "x": [ 3, 21 ], "y": [ 0, 2 ], "repeat": [ 1, 5 ] },
        { "item": "pipe", "x": [ 0, 2 ], "y": [ 13, 19 ], "repeat": [ 1, 2 ] },
        { "item": "wire", "x": [ 0, 2 ], "y": [ 13, 19 ], "repeat": [ 3, 6 ] },
        { "item": "scrap", "x": [ 0, 2 ], "y": [ 13, 19 ], "repeat": [ 1, 3 ] },
        { "item": "wire", "x": [ 21, 23 ], "y": [ 2, 6 ], "repeat": [ 2, 4 ] },
        { "item": "scrap", "x": [ 21, 23 ], "y": [ 2, 6 ], "repeat": [ 0, 2 ] }
      ],
      "place_monster": [
        { "monster": "mon_failed_weapon", "x": 3, "y": 6 },
        { "monster": "mon_failed_weapon", "x": 17, "y": 7 },
        { "monster": "mon_failed_weapon", "x": 2, "y": 15 },
        { "monster": "mon_failed_weapon", "x": 19, "y": 15 },
        { "monster": "mon_failed_weapon", "x": 6, "y": 20 },
        { "monster": "mon_failed_weapon", "x": 12, "y": 20 },
        { "monster": "mon_failed_weapon", "x": 13, "y": 22 },
        { "monster": "mon_failed_weapon", "x": 20, "y": 12 }
      ],
      "place_vehicles": [ { "vehicle": "humvee", "x": 9, "y": 10, "chance": 99, "fuel": 85, "status": -1, "rotation": 90 } ]
    }
  },
  {
    "type": "mapgen",
    "method": "json",
    "om_terrain": [ "Bio_Weapon_Lab_2" ],
    "object": {
      "rows": [
        "|,,.,,,,,######,.,,,,,,|",
        "|,,,,,,.##_>>_##,.,,,,.|",
        "|,,,,,,,#_u__u_#,,,,,,,|",
        "|,,,,,,.#6____6#,..,,,,|",
        "|,,..,,,#6____6#.,,,,..|",
        "|,,,,,,,#_u__u_#,,,,,,,|",
        "|,,..,,,##____##,,,,,,.|",
        "|,,,,,,.,#C++##.,,,,,..|",
        "|.,,,,.,,,,..,.,,,,.,,,&",
        "|,,..,,,,,,,,,,,,,,,,,.&",
        "|.,,,,,,,.,,,,.,,,,,,,.&",
        "&,,,,,,,,,,,,,,,,.,,,,.|",
        ".,,.,,,,,,,,,,,,,,,,,,.|",
        "&,,..,,,,,,,,..,,,,,,,,|",
        "|,,,..,,,,..,,,,..,,,,.|",
        "--------&&...,&&&-------",
        ",.,,,,,,,.,,,,.,,,,,,,.,",
        ",,,,,,,,,,,,,,,,,.,,,,.,",
        ",,,.,,,,,,,,,,,,,,,,,,.,",
        ",,,..,,,,,,,,..,,,,,,,,,",
        ".,,,,,,,,,,,,,,.,,,.,,.,",
        ",,,,,,,.,,.,.,,,,,,,,,,,",
        ",,,..,,,,,,,,,,,,,,,,,,.",
        ",.,,,,,,,.,,,,.,,,,,,,.,"
      ],
      "terrain": {
        "|": "t_chainfence",
        "-": "t_chainfence",
        "&": "t_chainfence_posts",
        ",": "t_grass",
        ".": "t_dirt",
        "#": "t_wall_metal",
        "+": "t_door_metal_c",
        "C": "t_card_reader_broken",
        "u": "t_utility_light",
        "6": "t_metal_floor",
        "_": "t_metal_floor",
        ">": "t_stairs_down"
      },
      "furniture": { "6": "f_console_broken" },
      "place_monster": [
        { "monster": "mon_zombie_failed_weapon", "x": 3, "y": 4 },
        { "monster": "mon_zombie_failed_weapon", "x": 20, "y": 5 },
        { "monster": "mon_zombie_failed_weapon", "x": 5, "y": 12 },
        { "monster": "mon_zombie_failed_weapon", "x": 19, "y": 13 },
        { "monster": "mon_zombie_failed_weapon", "x": 12, "y": 14 },
        { "monster": "mon_zombie_failed_weapon", "x": 14, "y": 13 }
      ],
      "place_loot": [
        { "item": "pipe", "x": [ 6, 16 ], "y": [ 14, 16 ], "repeat": [ 2, 6 ] },
        { "item": "wire", "x": [ 6, 16 ], "y": [ 14, 16 ], "repeat": [ 4, 10 ] },
        { "item": "scrap", "x": [ 6, 16 ], "y": [ 14, 16 ], "repeat": [ 1, 5 ] },
        { "item": "pipe", "x": [ 0, 2 ], "y": [ 11, 13 ], "repeat": [ 1, 2 ] },
        { "item": "wire", "x": [ 0, 2 ], "y": [ 11, 13 ], "repeat": [ 3, 6 ] },
        { "item": "scrap", "x": [ 0, 2 ], "y": [ 11, 13 ], "repeat": [ 1, 3 ] },
        { "item": "wire", "x": [ 21, 23 ], "y": [ 8, 10 ], "repeat": [ 2, 4 ] },
        { "item": "scrap", "x": [ 21, 23 ], "y": [ 8, 10 ], "repeat": [ 0, 2 ] }
      ]
    }
  },
  {
    "type": "mapgen",
    "method": "json",
    "om_terrain": [ "Bio_Weapon_Lab_b" ],
    "object": {
      "rows": [
        "||||||||||||||||||||||||",
        "|&.cac.66-_<<_-66.cac.&|",
        "|L.......-....-.......L|",
        "|L.._....+....+...._..L|",
        "|L.......+....+.......L|",
        "|L.sSs.21-_.._-12.sSs.L|",
        "|----------DD----------|",
        "|r...+............+...r|",
        "|r...-............-...r|",
        "|r..--.._######_..--..r|",
        "|r..-b..#tttttt#..b-..r|",
        "|----b..#tttttt#..b----|",
        "|e._-b..#tttttt#..b-_.e|",
        "|...--.._######_..--...|",
        "|T...-............-...T|",
        "|f...+............+...f|",
        "|||||||WW||==C|WW|||||||",
        "|{.....66......66.....{|",
        "|{.._.............._..{|",
        "|{....................{|",
        "|o....................o|",
        "|..........UA..........|",
        "|E.vvvvvvv.rr.vvvvvvv.E|",
        "||||||||||||||||||||||||"
      ],
      "terrain": {
        "#": "t_metal_floor",
        "&": "t_metal_floor",
        ".": "t_metal_floor",
        "=": "t_door_metal_o",
        "+": "t_door_metal_pickable",
        "1": "t_metal_floor",
        "2": "t_metal_floor",
        "6": "t_metal_floor",
        "A": "t_metal_floor",
        "C": "t_card_reader_broken",
        "D": [ "t_door_o", "t_door_b", "t_door_frame" ],
        "E": "t_elevator_control_off",
        "F": "t_chainfence",
        "L": "t_metal_floor",
        "S": "t_station_disc",
        "T": "t_metal_floor",
        "U": "t_metal_floor",
        "W": "t_reinforced_glass",
        "_": "t_utility_light",
        "a": "t_switchgear_l",
        "b": "t_metal_floor",
        "c": "t_current_trans",
        "e": "t_metal_floor",
        "f": "t_metal_floor",
        "o": "t_metal_floor",
        "r": "t_metal_floor",
        "s": "t_switchgear_s",
        "t": "t_metal_floor",
        "v": "t_vat",
        "{": "t_metal_floor",
        "|": "t_wall_metal",
        "-": "t_wall",
        "<": "t_stairs_up"
      },
      "furniture": {
        "&": "f_compact_ASRG_containment",
        "#": "f_chair",
        "1": "f_machinery_light",
        "2": "f_machinery_heavy",
        "6": "f_console_broken",
        "A": "f_autodoc",
        "L": "f_locker",
        "T": "f_trashcan",
        "U": "f_autodoc_couch",
        "b": "f_bench",
        "e": "f_toilet",
        "f": "f_sink",
        "o": "f_oven",
        "r": "f_rack",
        "t": "f_table",
        "{": "f_fridge"
      },
      "place_toilets": [ { "x": 1, "y": 12 }, { "x": 22, "y": 12 } ],
      "place_items": [
        { "item": "fridge", "x": 22, "y": [ 17, 19 ], "chance": 90, "repeat": 4 },
        { "item": "fridge", "x": 1, "y": [ 17, 19 ], "chance": 80, "repeat": 4 },
        { "item": "oven", "x": 22, "y": 20, "chance": 80, "repeat": 2 },
        { "item": "oven", "x": 1, "y": 20, "chance": 80, "repeat": 2 },
        { "item": "science", "x": 1, "y": [ 2, 5 ], "chance": 90, "repeat": 3 },
        { "item": "science", "x": 22, "y": [ 2, 5 ], "chance": 90, "repeat": 3 },
        { "item": "supplies_electronics", "x": 22, "y": [ 7, 10 ], "chance": 80, "repeat": 3 },
        { "item": "map_extra_science", "x": [ 13, 18 ], "y": [ 20, 21 ], "chance": 50 },
        { "item": "map_extra_science", "x": [ 8, 10 ], "y": [ 19, 21 ], "chance": 50 },
        { "item": "map_extra_science", "x": [ 2, 4 ], "y": [ 18, 21 ], "chance": 50 },
        { "item": "map_extra_science", "x": [ 19, 21 ], "y": [ 18, 21 ], "chance": 50 },
        { "item": "map_extra_science", "x": [ 14, 16 ], "y": [ 12, 15 ], "chance": 50 },
        { "item": "map_extra_science", "x": [ 7, 9 ], "y": [ 12, 15 ], "chance": 50 },
        { "item": "map_extra_science", "x": [ 9, 14 ], "y": [ 7, 8 ], "chance": 50 },
        { "item": "map_extra_science", "x": [ 4, 8 ], "y": [ 2, 4 ], "chance": 50 },
        { "item": "map_extra_science", "x": [ 15, 19 ], "y": [ 2, 4 ], "chance": 50 }
      ],
      "add": [
        { "item": "mccmap", "x": 12, "y": 12 },
        { "item": "laser_rifle", "x": 1, "y": 8 },
        { "item": "goggles_welding", "x": 1, "y": 9 },
        { "item": "anesthetic_kit", "x": [ 11, 12 ], "y": 22, "chance": 50, "repeat": 3 },
        { "item": "iv_mutagen_super_soldier", "x": [ 11, 12 ], "y": 22, "chance": 75 }
      ],
      "place_npcs": [ { "class": "bio_hunter", "x": 13, "y": 2 } ],
      "place_monster": [
        { "monster": "mon_zombie_soldier", "x": 6, "y": 3 },
        { "monster": "mon_zombie_soldier", "x": 17, "y": 3 },
        { "monster": "mon_zombie_soldier", "x": 3, "y": 8 },
        { "monster": "mon_zombie_soldier", "x": 20, "y": 8 },
        { "monster": "mon_zombie_soldier", "x": 11, "y": 14 },
        { "monster": "mon_zombie_soldier", "x": 6, "y": 11 },
        { "monster": "mon_zombie_soldier", "x": 16, "y": 12 },
        { "monster": "mon_zombie_soldier", "x": 2, "y": 13 },
        { "monster": "mon_zombie_soldier", "x": 21, "y": 13 }
      ],
      "place_vehicles": [
        { "vehicle": "welding_cart", "x": 1, "y": 21, "chance": 99, "fuel": 25, "status": 25, "rotation": 0 },
        { "vehicle": "chem_cart", "x": 22, "y": 21, "chance": 99, "fuel": 25, "status": 25, "rotation": 0 },
        { "vehicle": "autoclave_cart", "x": 5, "y": 17, "chance": 99, "fuel": 25, "status": 25, "rotation": 0 }
      ],
      "place_zones": [ { "type": "NPC_INVESTIGATE_ONLY", "faction": "super_soldiers", "x": [ 10, 13 ], "y": [ 1, 5 ] } ]
    }
  }
]
