[
  {
    "id": "encyclopedia_mechanics_advance",
    "type": "BOOK",
    "looks_like": "textbook_chemistry",
    "name": { "str_sp": "Rebuilding Civilization: Mechanics" },
    "description": "The mechanics volume of the Rebuilding Civilization encyclopedia.  This book contains everything from simple machines to the inner workings of submarine engines in extremly fine detail no practical exam.  This book is so technical, longwinded and dry that even bookworms and fast readers would find it hard to read.  Literally any other book on the subject would be a more efficient way to learn but if the books you have are missing specific information then this is a good substitute until you find something better.",
    "weight": "1800 g",
    "volume": "2000 ml",
    "price": "100 USD",
    "price_postapoc": "10 USD",
    "bashing": 4,
    "material": [ "paper" ],
    "symbol": "?",
    "color": "blue",
    "skill": "mechanics",
    "required_level": 0,
    "max_level": 10,
    "intelligence": 12,
    "time": "180 m",
    "fun": -5
  },
  {
    "id": "encyclopedia_fabrication_advance",
    "type": "BOOK",
    "looks_like": "textbook_chemistry",
    "name": { "str_sp": "Rebuilding Civilization: Fabrication" },
    "description": "The fabrication volume of the Rebuilding Civilization encyclopedia.  This book contains everything from creating how to create simple stone tools to the creation of the pyramids of Egypt in fine detail.  This book is so technical, longwinded and dry that even bookworms and fast readers would find it hard to read.  Literally any other book on the subject would be a more efficient way to learn but if the books you have are missing specific information then this is a good substitute until you find something better.",
    "weight": "1800 g",
    "volume": "2000 ml",
    "price": "100 USD",
    "price_postapoc": "10 USD",
    "bashing": 4,
    "material": [ "paper" ],
    "symbol": "?",
    "color": "blue",
    "skill": "fabrication",
    "required_level": 0,
    "max_level": 10,
    "intelligence": 12,
    "time": "180 m",
    "fun": -5
  },
  {
    "id": "encyclopedia_archery_advance",
    "type": "BOOK",
    "looks_like": "textbook_chemistry",
    "name": { "str_sp": "Rebuilding Civilization: Archery" },
    "description": "The archery volume of the Rebuilding Civilization encyclopedia.  This book contains everything from correct positioning to the usage of advanced bows in fine detail.  This book is so technical, longwinded and dry that even bookworms and fast readers would find it hard to read.  Literally any other book on the subject would be a more efficient way to learn but if the books you have are missing specific information then this is a good substitute until you find something better.",
    "weight": "1800 g",
    "volume": "2000 ml",
    "price": "100 USD",
    "price_postapoc": "10 USD",
    "bashing": 4,
    "material": [ "paper" ],
    "symbol": "?",
    "color": "blue",
    "skill": "archery",
    "required_level": 0,
    "max_level": 10,
    "intelligence": 12,
    "time": "180 m",
    "fun": -5
  },
  {
    "id": "encyclopedia_barter_advance",
    "type": "BOOK",
    "looks_like": "textbook_chemistry",
    "name": { "str_sp": "Rebuilding Civilization: Barter" },
    "description": "The bartering volume of the Rebuilding Civilization encyclopedia.  This book contains everything from what supplies are worth more after the cataclysm to what economic system to use in your new society in fine detail.  This book is so technical, longwinded and dry that even bookworms and fast readers would find it hard to read.  Literally any other book on the subject would be a more efficient way to learn but if the books you have are missing specific information then this is a good substitute until you find something better.",
    "weight": "1800 g",
    "volume": "2000 ml",
    "price": "100 USD",
    "price_postapoc": "10 USD",
    "bashing": 4,
    "material": [ "paper" ],
    "symbol": "?",
    "color": "blue",
    "skill": "barter",
    "required_level": 0,
    "max_level": 10,
    "intelligence": 12,
    "time": "180 m",
    "fun": -5
  },
  {
    "id": "encyclopedia_bashing_advance",
    "type": "BOOK",
    "looks_like": "textbook_chemistry",
    "name": { "str_sp": "Rebuilding Civilization: Bashing Weapons" },
    "description": "The bashing weapons volume of the Rebuilding Civilization encyclopedia.  This book contains everything from self defense with a pipe to the proper swinging technique for a sledge hammer in fine detail.  This book is so technical, longwinded and dry that even bookworms and fast readers would find it hard to read.  Literally any other book on the subject would be a more efficient way to learn but if the books you have are missing specific information then this is a good substitute until you find something better.",
    "weight": "1800 g",
    "volume": "2000 ml",
    "price": "100 USD",
    "price_postapoc": "10 USD",
    "bashing": 4,
    "material": [ "paper" ],
    "symbol": "?",
    "color": "blue",
    "skill": "bashing",
    "required_level": 0,
    "max_level": 10,
    "intelligence": 12,
    "time": "180 m",
    "fun": -5
  },
  {
    "id": "encyclopedia_computer_advance",
    "type": "BOOK",
    "looks_like": "textbook_chemistry",
    "name": { "str_sp": "Rebuilding Civilization: Computers" },
    "description": "The computer volume of the Rebuilding Civilization encyclopedia.  This book contains everything from basic programing to cyber security algorithms in fine detail.  This book is so technical, longwinded and dry that even bookworms and fast readers would find it hard to read.  Literally any other book on the subject would be a more efficient way to learn but if the books you have are missing specific information then this is a good substitute until you find something better.",
    "weight": "1800 g",
    "volume": "2000 ml",
    "price": "100 USD",
    "price_postapoc": "10 USD",
    "bashing": 4,
    "material": [ "paper" ],
    "symbol": "?",
    "color": "blue",
    "skill": "computer",
    "required_level": 0,
    "max_level": 10,
    "intelligence": 12,
    "time": "180 m",
    "fun": -5
  },
  {
    "id": "encyclopedia_cooking_advance",
    "type": "BOOK",
    "looks_like": "textbook_chemistry",
    "name": { "str_sp": "Rebuilding Civilization: Cooking" },
    "description": "The cooking volume of the Rebuilding Civilization encyclopedia.  This book contains everything from cooking small game to basic chemistry in fine detail.  This book is so technical, longwinded and dry that even bookworms and fast readers would find it hard to read.  Literally any other book on the subject would be a more efficient way to learn but if the books you have are missing specific information then this is a good substitute until you find something better.",
    "weight": "1800 g",
    "volume": "2000 ml",
    "price": "100 USD",
    "price_postapoc": "10 USD",
    "bashing": 4,
    "material": [ "paper" ],
    "symbol": "?",
    "color": "blue",
    "skill": "cooking",
    "required_level": 0,
    "max_level": 10,
    "intelligence": 12,
    "time": "180 m",
    "fun": -5
  },
  {
    "id": "encyclopedia_cutting_advance",
    "type": "BOOK",
    "looks_like": "textbook_chemistry",
    "name": { "str_sp": "Rebuilding Civilization: Cutting Weapons" },
    "description": "The cutting weapons volume of the Rebuilding Civilization encyclopedia.  This book contains everything from using a glass shiv to medieval swordsmanship in fine detail.  This book is so technical, longwinded and dry that even bookworms and fast readers would find it hard to read.  Literally any other book on the subject would be a more efficient way to learn but if the books you have are missing specific information then this is a good substitute until you find something better.",
    "weight": "1800 g",
    "volume": "2000 ml",
    "price": "100 USD",
    "price_postapoc": "10 USD",
    "bashing": 4,
    "material": [ "paper" ],
    "symbol": "?",
    "color": "blue",
    "skill": "cutting",
    "required_level": 0,
    "max_level": 10,
    "intelligence": 12,
    "time": "180 m",
    "fun": -5
  },
  {
    "id": "encyclopedia_dodge_advance",
    "type": "BOOK",
    "looks_like": "textbook_chemistry",
    "name": { "str_sp": "Rebuilding Civilization: Dodging" },
    "description": "The dodging volume of the Rebuilding Civilization encyclopedia.  This book contains everything from dancing for beginners to parkour in fine detail.  This book is so technical, longwinded and dry that even bookworms and fast readers would find it hard to read.  Literally any other book on the subject would be a more efficient way to learn but if the books you have are missing specific information then this is a good substitute until you find something better.",
    "weight": "1800 g",
    "volume": "2000 ml",
    "price": "100 USD",
    "price_postapoc": "10 USD",
    "bashing": 4,
    "material": [ "paper" ],
    "symbol": "?",
    "color": "blue",
    "skill": "dodge",
    "required_level": 0,
    "max_level": 10,
    "intelligence": 12,
    "time": "180 m",
    "fun": -5
  },
  {
    "id": "encyclopedia_driving_advance",
    "type": "BOOK",
    "looks_like": "textbook_chemistry",
    "name": { "str_sp": "Rebuilding Civilization: Driving" },
    "description": "The driving volume of the Rebuilding Civilization encyclopedia.  This book contains everything from acquiring a driving license to professional racing in fine detail.  This book is so technical, longwinded and dry that even bookworms and fast readers would find it hard to read.  Literally any other book on the subject would be a more efficient way to learn but if the books you have are missing specific information then this is a good substitute until you find something better.",
    "weight": "1800 g",
    "volume": "2000 ml",
    "price": "100 USD",
    "price_postapoc": "10 USD",
    "bashing": 4,
    "material": [ "paper" ],
    "symbol": "?",
    "color": "blue",
    "skill": "driving",
    "required_level": 0,
    "max_level": 10,
    "intelligence": 12,
    "time": "180 m",
    "fun": -5
  },
  {
    "id": "encyclopedia_electronics_advance",
    "type": "BOOK",
    "looks_like": "textbook_chemistry",
    "name": { "str_sp": "Rebuilding Civilization: Electronics" },
    "description": "The electronics volume of the Rebuilding Civilization encyclopedia.  This book contains everything from simple circuits to military robotics in fine detail.  This book is so technical, longwinded and dry that even bookworms and fast readers would find it hard to read.  Literally any other book on the subject would be a more efficient way to learn but if the books you have are missing specific information then this is a good substitute until you find something better.",
    "weight": "1800 g",
    "volume": "2000 ml",
    "price": "100 USD",
    "price_postapoc": "10 USD",
    "bashing": 4,
    "material": [ "paper" ],
    "symbol": "?",
    "color": "blue",
    "skill": "electronics",
    "required_level": 0,
    "max_level": 10,
    "intelligence": 12,
    "time": "180 m",
    "fun": -5
  },
  {
    "id": "encyclopedia_firstaid_advance",
    "type": "BOOK",
    "looks_like": "textbook_chemistry",
    "name": { "str_sp": "Rebuilding Civilization: First Aid" },
    "description": "The first aid volume of the Rebuilding Civilization encyclopedia.  This book contains everything from proper bandage application to exploratory surgery in fine detail.  This book is so technical, longwinded and dry that even bookworms and fast readers would find it hard to read.  Literally any other book on the subject would be a more efficient way to learn but if the books you have are missing specific information then this is a good substitute until you find something better.",
    "weight": "1800 g",
    "volume": "2000 ml",
    "price": "100 USD",
    "price_postapoc": "10 USD",
    "bashing": 4,
    "material": [ "paper" ],
    "symbol": "?",
    "color": "blue",
    "skill": "firstaid",
    "required_level": 0,
    "max_level": 10,
    "intelligence": 12,
    "time": "180 m",
    "fun": -5
  },
  {
    "id": "encyclopedia_gun_advance",
    "type": "BOOK",
    "looks_like": "textbook_chemistry",
    "name": { "str_sp": "Rebuilding Civilization: Marksmanship" },
    "description": "The marksmanship volume of the Rebuilding Civilization encyclopedia.  This book contains everything from proper iron sight aiming to military sniper techniques in fine detail.  This book is so technical, longwinded and dry that even bookworms and fast readers would find it hard to read.  Literally any other book on the subject would be a more efficient way to learn but if the books you have are missing specific information then this is a good substitute until you find something better.",
    "weight": "1800 g",
    "volume": "2000 ml",
    "price": "100 USD",
    "price_postapoc": "10 USD",
    "bashing": 4,
    "material": [ "paper" ],
    "symbol": "?",
    "color": "blue",
    "skill": "gun",
    "required_level": 0,
    "max_level": 10,
    "intelligence": 12,
    "time": "180 m",
    "fun": -5
  },
  {
    "id": "encyclopedia_launcher_advance",
    "type": "BOOK",
    "looks_like": "textbook_chemistry",
    "name": { "str_sp": "Rebuilding Civilization: Launchers" },
    "description": "The launchers volume of the Rebuilding Civilization encyclopedia.  This book contains everything from the use of spraycan flamethrowers to recoiless rifles in fine detail.  This book is so technical, longwinded and dry that even bookworms and fast readers would find it hard to read.  Literally any other book on the subject would be a more efficient way to learn but if the books you have are missing specific information then this is a good substitute until you find something better.",
    "weight": "1800 g",
    "volume": "2000 ml",
    "price": "100 USD",
    "price_postapoc": "10 USD",
    "bashing": 4,
    "material": [ "paper" ],
    "symbol": "?",
    "color": "blue",
    "skill": "launcher",
    "required_level": 0,
    "max_level": 10,
    "intelligence": 12,
    "time": "180 m",
    "fun": -5
  },
  {
    "id": "encyclopedia_melee_advance",
    "type": "BOOK",
    "looks_like": "textbook_chemistry",
    "name": { "str_sp": "Rebuilding Civilization: Melee Combat" },
    "description": "The melee combat volume of the Rebuilding Civilization encyclopedia.  This book contains everything from using a branch to martial arts techniques in fine detail.  This book is so technical, longwinded and dry that even bookworms and fast readers would find it hard to read.  Literally any other book on the subject would be a more efficient way to learn but if the books you have are missing specific information then this is a good substitute until you find something better.",
    "weight": "1800 g",
    "volume": "2000 ml",
    "price": "100 USD",
    "price_postapoc": "10 USD",
    "bashing": 4,
    "material": [ "paper" ],
    "symbol": "?",
    "color": "blue",
    "skill": "melee",
    "required_level": 0,
    "max_level": 10,
    "intelligence": 12,
    "time": "180 m",
    "fun": -5
  },
  {
    "id": "encyclopedia_pistol_advance",
    "type": "BOOK",
    "looks_like": "textbook_chemistry",
    "name": { "str": "Rebuilding Civilization: Pistols", "str_pl": "Rebuilding Civilization: Pistols" },
    "description": "The pistols volume of the Rebuilding Civilization encyclopedia.  This book contains everything from using zip pistols to laser pistols in fine detail.  This book is so technical, longwinded and dry that even bookworms and fast readers would find it hard to read.  Literally any other book on the subject would be a more efficient way to learn but if the books you have are missing specific information then this is a good substitute until you find something better.",
    "weight": "1800 g",
    "volume": "2000 ml",
    "price": "100 USD",
    "price_postapoc": "10 USD",
    "bashing": 4,
    "material": [ "paper" ],
    "symbol": "?",
    "color": "blue",
    "skill": "pistol",
    "required_level": 0,
    "max_level": 10,
    "intelligence": 12,
    "time": "180 m",
    "fun": -5
  },
  {
    "id": "encyclopedia_rifle_advance",
    "type": "BOOK",
    "looks_like": "textbook_chemistry",
    "name": { "str_sp": "Rebuilding Civilization: Rifles" },
    "description": "The rifles volume of the Rebuilding Civilization encyclopedia.  This book contains everything from using zip rifles to laser rifles in fine detail.  This book is so technical, longwinded and dry that even bookworms and fast readers would find it hard to read.  Literally any other book on the subject would be a more efficient way to learn but if the books you have are missing specific information then this is a good substitute until you find something better.",
    "weight": "1800 g",
    "volume": "2000 ml",
    "price": "100 USD",
    "price_postapoc": "10 USD",
    "bashing": 4,
    "material": [ "paper" ],
    "symbol": "?",
    "color": "blue",
    "skill": "rifle",
    "required_level": 0,
    "max_level": 10,
    "intelligence": 12,
    "time": "180 m",
    "fun": -5
  },
  {
    "id": "encyclopedia_shotgun_advance",
    "type": "BOOK",
    "looks_like": "textbook_chemistry",
    "name": { "str_sp": "Rebuilding Civilization: Shotguns" },
    "description": "The shotguns volume of the Rebuilding Civilization encyclopedia.  This book contains everything from using zip shotguns to laser scatter guns in fine detail.  This book is so technical, longwinded and dry that even bookworms and fast readers would find it hard to read.  Literally any other book on the subject would be a more efficient way to learn but if the books you have are missing specific information then this is a good substitute until you find something better.",
    "weight": "1800 g",
    "volume": "2000 ml",
    "price": "100 USD",
    "price_postapoc": "10 USD",
    "bashing": 4,
    "material": [ "paper" ],
    "symbol": "?",
    "color": "blue",
    "skill": "shotgun",
    "required_level": 0,
    "max_level": 10,
    "intelligence": 12,
    "time": "180 m",
    "fun": -5
  },
  {
    "id": "encyclopedia_smg_advance",
    "type": "BOOK",
    "looks_like": "textbook_chemistry",
    "name": { "str_sp": "Rebuilding Civilization: Sub Machineguns" },
    "description": "The sub machineguns volume of the Rebuilding Civilization encyclopedia.  This book contains everything from using makeshift smgs to automatic laser carbines in fine detail.  This book is so technical, longwinded and dry that even bookworms and fast readers would find it hard to read.  Literally any other book on the subject would be a more efficient way to learn but if the books you have are missing specific information then this is a good substitute until you find something better.",
    "weight": "1800 g",
    "volume": "2000 ml",
    "price": "100 USD",
    "price_postapoc": "10 USD",
    "bashing": 4,
    "material": [ "paper" ],
    "symbol": "?",
    "color": "blue",
    "skill": "smg",
    "required_level": 0,
    "max_level": 10,
    "intelligence": 12,
    "time": "180 m",
    "fun": -5
  },
  {
    "id": "encyclopedia_speech_advance",
    "type": "BOOK",
    "looks_like": "textbook_chemistry",
    "name": { "str_sp": "Rebuilding Civilization: Speech" },
    "description": "The speech volume of the Rebuilding Civilization encyclopedia.  This book contains everything from recruiting survivors to running for political office in fine detail.  This book is so technical, longwinded and dry that even bookworms and fast readers would find it hard to read.  Literally any other book on the subject would be a more efficient way to learn but if the books you have are missing specific information then this is a good substitute until you find something better.",
    "weight": "1800 g",
    "volume": "2000 ml",
    "price": "100 USD",
    "price_postapoc": "10 USD",
    "bashing": 4,
    "material": [ "paper" ],
    "symbol": "?",
    "color": "blue",
    "skill": "speech",
    "required_level": 0,
    "max_level": 10,
    "intelligence": 12,
    "time": "180 m",
    "fun": -5
  },
  {
    "id": "encyclopedia_stabbing_advance",
    "type": "BOOK",
    "looks_like": "textbook_chemistry",
    "name": { "str_sp": "Rebuilding Civilization: Piercing Weapons" },
    "description": "The piercing weapons volume of the Rebuilding Civilization encyclopedia.  This book contains everything from using switchblades to spear combat in fine detail.  This book is so technical, longwinded and dry that even bookworms and fast readers would find it hard to read.  Literally any other book on the subject would be a more efficient way to learn but if the books you have are missing specific information then this is a good substitute until you find something better.",
    "weight": "1800 g",
    "volume": "2000 ml",
    "price": "100 USD",
    "price_postapoc": "10 USD",
    "bashing": 4,
    "material": [ "paper" ],
    "symbol": "?",
    "color": "blue",
    "skill": "stabbing",
    "required_level": 0,
    "max_level": 10,
    "intelligence": 12,
    "time": "180 m",
    "fun": -5
  },
  {
    "id": "encyclopedia_survival_advance",
    "type": "BOOK",
    "looks_like": "textbook_chemistry",
    "name": { "str_sp": "Rebuilding Civilization: Survival" },
    "description": "The survival volume of the Rebuilding Civilization encyclopedia.  This book contains everything from camping to survival on a deserted island in fine detail.  This book is so technical, longwinded and dry that even bookworms and fast readers would find it hard to read.  Literally any other book on the subject would be a more efficient way to learn but if the books you have are missing specific information then this is a good substitute until you find something better.",
    "weight": "1800 g",
    "volume": "2000 ml",
    "price": "100 USD",
    "price_postapoc": "10 USD",
    "bashing": 4,
    "material": [ "paper" ],
    "symbol": "?",
    "color": "blue",
    "skill": "survival",
    "required_level": 0,
    "max_level": 10,
    "intelligence": 12,
    "time": "180 m",
    "fun": -5
  },
  {
    "id": "encyclopedia_swimming_advance",
    "type": "BOOK",
    "looks_like": "textbook_chemistry",
    "name": { "str_sp": "Rebuilding Civilization: Swimming" },
    "description": "The swimming volume of the Rebuilding Civilization encyclopedia.  This book contains everything from recreational swimming to crossing rivers in fine detail.  This book is so technical, longwinded and dry that even bookworms and fast readers would find it hard to read.  Literally any other book on the subject would be a more efficient way to learn but if the books you have are missing specific information then this is a good substitute until you find something better.",
    "weight": "1800 g",
    "volume": "2000 ml",
    "price": "100 USD",
    "price_postapoc": "10 USD",
    "bashing": 4,
    "material": [ "paper" ],
    "symbol": "?",
    "color": "blue",
    "skill": "swimming",
    "required_level": 0,
    "max_level": 10,
    "intelligence": 12,
    "time": "180 m",
    "fun": -5
  },
  {
    "id": "encyclopedia_tailor_advance",
    "type": "BOOK",
    "looks_like": "textbook_chemistry",
    "name": { "str_sp": "Rebuilding Civilization: Tailoring" },
    "description": "The tailoring volume of the Rebuilding Civilization encyclopedia.  This book contains everything from fixing clothing tears to fashion designing in fine detail.  This book is so technical, longwinded and dry that even bookworms and fast readers would find it hard to read.  Literally any other book on the subject would be a more efficient way to learn but if the books you have are missing specific information then this is a good substitute until you find something better.",
    "weight": "1800 g",
    "volume": "2000 ml",
    "price": "100 USD",
    "price_postapoc": "10 USD",
    "bashing": 4,
    "material": [ "paper" ],
    "symbol": "?",
    "color": "blue",
    "skill": "tailor",
    "required_level": 0,
    "max_level": 10,
    "intelligence": 12,
    "time": "180 m",
    "fun": -5
  },
  {
    "id": "encyclopedia_throw_advance",
    "type": "BOOK",
    "looks_like": "textbook_chemistry",
    "name": { "str_sp": "Rebuilding Civilization: Throwing" },
    "description": "The throwing volume of the Rebuilding Civilization encyclopedia.  This book contains everything from throwing stones to spear hunting in fine detail.  This book is so technical, longwinded and dry that even bookworms and fast readers would find it hard to read.  Literally any other book on the subject would be a more efficient way to learn but if the books you have are missing specific information then this is a good substitute until you find something better.",
    "weight": "1800 g",
    "volume": "2000 ml",
    "price": "100 USD",
    "price_postapoc": "10 USD",
    "bashing": 4,
    "material": [ "paper" ],
    "symbol": "?",
    "color": "blue",
    "skill": "throw",
    "required_level": 0,
    "max_level": 10,
    "intelligence": 12,
    "time": "180 m",
    "fun": -5
  },
  {
    "id": "encyclopedia_traps_advance",
    "type": "BOOK",
    "looks_like": "textbook_chemistry",
    "name": { "str_sp": "Rebuilding Civilization: Traps" },
    "description": "The traps volume of the Rebuilding Civilization encyclopedia.  This book contains everything from spike pits to disarming landmines in fine detail.  This book is so technical, longwinded and dry that even bookworms and fast readers would find it hard to read.  Literally any other book on the subject would be a more efficient way to learn but if the books you have are missing specific information then this is a good substitute until you find something better.",
    "weight": "1800 g",
    "volume": "2000 ml",
    "price": "100 USD",
    "price_postapoc": "10 USD",
    "bashing": 4,
    "material": [ "paper" ],
    "symbol": "?",
    "color": "blue",
    "skill": "traps",
    "required_level": 0,
    "max_level": 10,
    "intelligence": 12,
    "time": "180 m",
    "fun": -5
  },
  {
    "id": "encyclopedia_unarmed_advance",
    "type": "BOOK",
    "looks_like": "textbook_chemistry",
    "name": { "str_sp": "Rebuilding Civilization: Unarmed Combat" },
    "description": "The unarmed volume of the Rebuilding Civilization encyclopedia.  This book contains everything from self defense techniques to MMA fighting in fine detail.  This book is so technical, longwinded and dry that even bookworms and fast readers would find it hard to read.  Literally any other book on the subject would be a more efficient way to learn but if the books you have are missing specific information then this is a good substitute until you find something better.",
    "weight": "1800 g",
    "volume": "2000 ml",
    "price": "100 USD",
    "price_postapoc": "10 USD",
    "bashing": 4,
    "material": [ "paper" ],
    "symbol": "?",
    "color": "blue",
    "skill": "unarmed",
    "required_level": 0,
    "max_level": 10,
    "intelligence": 12,
    "time": "180 m",
    "fun": -5
  },
  {
    "id": "c_flesh_pistol_regen",
    "type": "SPELL",
    "name": { "str": "Weave Magazine" },
    "description": "Creates a small fleshwoven magazine.",
    "valid_targets": [ "self" ],
    "message": "A tendril slithers from the biological pistol and jabs into you, draining something before a small magazine of living flesh weaves itself together and sloughs off the weapon.",
    "extra_effects": [ { "id": "c_flesh_pistol_regen_2", "hit_self": true } ],
    "flags": [ "SILENT", "PERMANENT", "NO_HANDS", "NO_LEGS" ],
    "effect": "spawn_item",
    "effect_str": "flesh_pistol_magazine",
    "min_damage": 1,
    "max_damage": 1,
    "energy_source": "HP",
    "base_energy_cost": 4,
    "final_energy_cost": 4
  },
  {
    "id": "c_flesh_pistol_regen_2",
    "type": "SPELL",
    "name": { "str": "Fleshweaving Side Effect" },
    "description": "Small amount of extra hunger.",
    "valid_targets": [ "self" ],
    "flags": [ "SILENT", "NO_HANDS", "NO_LEGS" ],
    "effect": "target_attack",
    "effect_str": "c_flesh_magazine_side_effect",
    "min_duration": 100,
    "max_duration": 100
  },
  {
    "id": "c_flesh_smg_regen",
    "type": "SPELL",
    "name": { "str": "Weave Magazine" },
    "description": "Creates a fleshwoven magazine.",
    "valid_targets": [ "self" ],
    "message": "A tendril slithers from the biological sub-machinegun and jabs into you, draining something before a small magazine of living flesh weaves itself together and sloughs off the weapon.",
    "extra_effects": [ { "id": "c_flesh_smg_regen_2", "hit_self": true } ],
    "flags": [ "SILENT", "PERMANENT", "NO_HANDS", "NO_LEGS" ],
    "effect": "spawn_item",
    "effect_str": "flesh_smg_magazine",
    "min_damage": 1,
    "max_damage": 1,
    "energy_source": "HP",
    "base_energy_cost": 8,
    "final_energy_cost": 8
  },
  {
    "id": "c_flesh_smg_regen_2",
    "type": "SPELL",
    "name": { "str": "Fleshweaving Side Effect" },
    "description": "Small amount of extra hunger.",
    "valid_targets": [ "self" ],
    "flags": [ "SILENT", "NO_HANDS", "NO_LEGS" ],
    "effect": "target_attack",
    "effect_str": "c_flesh_magazine_side_effect",
    "min_duration": 200,
    "max_duration": 200
  },
  {
    "id": "c_flesh_rifle_regen",
    "type": "SPELL",
    "name": { "str": "Weave Magazine" },
    "description": "Creates a fleshwoven magazine.",
    "valid_targets": [ "self" ],
    "message": "A tendril slithers from the biological rifle and jabs into you, draining something before a small magazine of living flesh weaves itself together and sloughs off the weapon.",
    "extra_effects": [ { "id": "c_flesh_rifle_regen_2", "hit_self": true } ],
    "flags": [ "SILENT", "PERMANENT", "NO_HANDS", "NO_LEGS" ],
    "effect": "spawn_item",
    "effect_str": "flesh_rifle_magazine",
    "min_damage": 1,
    "max_damage": 1,
    "energy_source": "HP",
    "base_energy_cost": 16,
    "final_energy_cost": 16
  },
  {
    "id": "c_flesh_rifle_regen_2",
    "type": "SPELL",
    "name": { "str": "Fleshweaving Side Effect" },
    "description": "Small amount of extra hunger.",
    "valid_targets": [ "self" ],
    "flags": [ "SILENT", "NO_HANDS", "NO_LEGS" ],
    "effect": "target_attack",
    "effect_str": "c_flesh_magazine_side_effect",
    "min_duration": 400,
    "max_duration": 400
  },
  {
    "id": "c_flesh_lmg_regen",
    "type": "SPELL",
    "name": { "str": "Weave Magazine" },
    "description": "Creates a fleshwoven magazine.",
    "valid_targets": [ "self" ],
    "message": "A tendril slithers from the biological machinegun and jabs into you, draining something before a small magazine of living flesh weaves itself together and sloughs off the weapon.",
    "extra_effects": [ { "id": "c_flesh_lmg_regen_2", "hit_self": true } ],
    "flags": [ "SILENT", "PERMANENT", "NO_HANDS", "NO_LEGS" ],
    "effect": "spawn_item",
    "effect_str": "flesh_lmg_magazine",
    "min_damage": 1,
    "max_damage": 1,
    "energy_source": "HP",
    "base_energy_cost": 20,
    "final_energy_cost": 20
  },
  {
    "id": "c_flesh_lmg_regen_2",
    "type": "SPELL",
    "name": { "str": "Fleshweaving Side Effect" },
    "description": "Small amount of extra hunger.",
    "valid_targets": [ "self" ],
    "flags": [ "SILENT", "RANDOM_DURATION", "NO_HANDS", "NO_LEGS" ],
    "effect": "target_attack",
    "effect_str": "c_flesh_magazine_side_effect",
    "min_duration": 500,
    "max_duration": 500
  },
  {
    "id": "c_flesh_shotgun_regen",
    "type": "SPELL",
    "name": { "str": "Weave Magazine" },
    "description": "Creates a fleshwoven magazine.",
    "valid_targets": [ "self" ],
    "message": "A tendril slithers from the biological scattergun and jabs into you, draining something before a small magazine of living flesh weaves itself together and sloughs off the weapon.",
    "extra_effects": [ { "id": "c_flesh_shotgun_regen_2", "hit_self": true } ],
    "flags": [ "SILENT", "PERMANENT", "NO_HANDS", "NO_LEGS" ],
    "effect": "spawn_item",
    "effect_str": "flesh_shotgun_magazine",
    "min_damage": 1,
    "max_damage": 1,
    "energy_source": "HP",
    "base_energy_cost": 12,
    "final_energy_cost": 12
  },
  {
    "id": "c_flesh_shotgun_regen_2",
    "type": "SPELL",
    "name": { "str": "Fleshweaving Side Effect" },
    "description": "Small amount of extra hunger.",
    "valid_targets": [ "self" ],
    "flags": [ "SILENT", "NO_HANDS", "NO_LEGS" ],
    "effect": "target_attack",
    "effect_str": "c_flesh_magazine_side_effect",
    "min_duration": 300,
    "max_duration": 300
  },
  {
    "type": "effect_type",
    "id": "c_flesh_magazine_side_effect",
    "max_duration": "1 m",
    "base_mods": { "hunger_min": [ 1 ] }
  },
  {
    "id": "flesh_pistol_magazine",
    "type": "MAGAZINE",
    "name": { "str": "fleshwoven pistol magazine" },
    "description": "A chunk of woven sinew and mutated bone, that feels like it's holding some sort of liquid.  It was grown for use with the biological pistol.",
    "weight": "200 g",
    "volume": "200 ml",
    "material": [ "flesh" ],
    "symbol": "#",
    "color": "light_gray",
    "ammo_type": [ "battery" ],
    "count": 10,
    "capacity": 10,
    "reliability": 10,
    "reload_time": 100,
    "flags": [ "MAG_COMPACT", "MAG_DESTROY", "NO_UNLOAD" ]
  },
  {
    "id": "flesh_smg_magazine",
    "type": "MAGAZINE",
    "name": { "str": "fleshwoven SMG magazine" },
    "description": "A chunk of woven sinew and mutated bone, that feels like it's holding some sort of liquid.  It was grown for use with the biological sub-machinegun.",
    "weight": "600 g",
    "volume": "600 ml",
    "material": [ "flesh" ],
    "symbol": "#",
    "color": "light_gray",
    "ammo_type": [ "battery" ],
    "count": 30,
    "capacity": 30,
    "reliability": 10,
    "reload_time": 100,
    "flags": [ "MAG_COMPACT", "MAG_DESTROY", "NO_UNLOAD" ]
  },
  {
    "id": "flesh_rifle_magazine",
    "type": "MAGAZINE",
    "name": { "str": "fleshwoven rifle magazine" },
    "description": "A chunk of woven sinew and mutated bone, that feels like it's holding some sort of liquid.  It was grown for use with the biological rifle.",
    "weight": "300 g",
    "volume": "300 ml",
    "material": [ "flesh" ],
    "symbol": "#",
    "color": "light_gray",
    "ammo_type": [ "battery" ],
    "count": 15,
    "capacity": 15,
    "reliability": 10,
    "reload_time": 100,
    "flags": [ "MAG_COMPACT", "MAG_DESTROY", "NO_UNLOAD" ]
  },
  {
    "id": "flesh_lmg_magazine",
    "type": "MAGAZINE",
    "name": { "str": "fleshwoven LMG magazine" },
    "description": "A small chunk of woven sinew and mutated bone, that feels like it's holding some sort of liquid.  It was grown for use with the biological machinegun.",
    "weight": "1 kg",
    "volume": "1 L",
    "material": [ "flesh" ],
    "symbol": "#",
    "color": "light_gray",
    "ammo_type": [ "battery" ],
    "count": 50,
    "capacity": 50,
    "reliability": 10,
    "reload_time": 100,
    "flags": [ "MAG_BULKY", "MAG_DESTROY", "NO_UNLOAD" ]
  },
  {
    "id": "flesh_shotgun_magazine",
    "type": "MAGAZINE",
    "name": { "str": "fleshwoven shotgun magazine" },
    "description": "A small chunk of woven sinew and mutated bone, that feels like it's holding some sort of liquid.  It was grown for use with the biological scattergun.",
    "weight": "400 g",
    "volume": "400 ml",
    "material": [ "flesh" ],
    "symbol": "#",
    "color": "light_gray",
    "ammo_type": [ "battery" ],
    "count": 20,
    "capacity": 20,
    "reliability": 10,
    "reload_time": 100,
    "flags": [ "MAG_COMPACT", "MAG_DESTROY", "NO_UNLOAD" ]
  },
  {
    "id": "bio_atomic_battery_2",
    "type": "bionic",
    "name": { "str": "Obsolete CBM" },
    "description": "This is a now-unneeded holdover from back when Atomic Battery had to work around code bugs and would only generate power when turned off instead of when turned on.",
    "occupied_bodyparts": [ [ "torso", 10 ] ],
    "flags": [ "BIONIC_SHOCKPROOF" ]
  },
  {
    "id": "bio_atomic_battery_2",
    "copy-from": "bionic_general",
    "type": "BIONIC_ITEM",
    "name": { "str": "Obsolete CBM" },
    "description": "This is a now-unneeded holdover from back when Atomic Battery had to work around code bugs and would only generate power when turned off instead of when turned on."
  },
  {
    "id": "shmap",
    "category": "maps",
    "type": "GENERIC",
    "symbol": ";",
    "color": "blue",
    "looks_like": "survivormap",
    "name": { "str_sp": "Bugout Location Directions" },
    "description": "A map and set of directions, leading to somebody's rendezvous point.  The name scribbled in one corner seems faintly familiar.",
    "material": [ "paper" ],
    "weight": "30 g",
    "volume": "250 ml",
    "to_hit": -1,
    "use_action": {
      "type": "reveal_map",
      "radius": 180,
      "terrain": [ "Survivor_Holdout_1" ],
      "message": "Thoroughly poring over the map, you memorize the location."
    }
  },
  {
    "id": "surcan",
    "type": "MIGRATION",
    "replace": "survival_kit"
  },
  {
    "type": "recipe",
    "result": "surcanuncraft",
    "obsolete": true
  },
  {
    "id": "b_field",
    "type": "overmap_terrain",
    "name": "field",
    "sym": ".",
    "color": "brown",
    "see_cost": 2,
    "looks_like": "field",
    "mondensity": 0,
    "extras": "field",
    "flags": [ "NO_ROTATE" ]
  },
  {
    "type": "mapgen",
    "method": "json",
    "om_terrain": [ "b_field" ],
    "weight": 1000,
    "object": {
      "rows": [
        ",,,,,,.,,,,.,,,,,,,.,,,,",
        ",,,.,,,,.,,,,.,..,,,,,,,",
        ",,,,,,,..,,,,,,,,..,,,,.",
        ",,,,,,,,,,,,,,..,,,,,,,,",
        ",,,,,,,.,,,,..,,,,..,,,,",
        ",,,..,,,,,,,,,,,..,,,,..",
        ",,,,,,,,,,..,,,,.,,,,,,,",
        ",,,..,,,,,,,,..,,,,,,,,.",
        ",,,,,,,..,,,,.,,,,,,,,..",
        ",,,..,,,,,,,,,,,,,,,,,,.",
        "..,,,,,,,,.,,,,.,,,,,,,.",
        ",,,,,,,,,,,,,,,,,,.,,,,.",
        ",,,.,,,,,,,,,,,,,,,,,,,.",
        ",,,..,,,,,,,,..,,,,,,,,.",
        ",,,,..,,,,..,,,,..,,,,..",
        ",,,.,,,,,,,,,,,,,,,.,,,,",
        ",,,,,,,..,,,,.,,,,.,,,,.",
        ",,,..,,,,.,,,,..,,,,,,,,",
        ",,,..,,,,,,,,,,,,..,,,,.",
        "..,,,,..,,,,,,,,,,,.,,,,",
        ",,,..,..,,,,.,..,,,,,,,.",
        ",,,,,,.,,,,.,,,,,,,,,,,.",
        ",,,..,,,,,,,,,,,,,,,,,,.",
        ",,,.,,,,.,,,,,,,,,,,,,,,"
      ],
      "terrain": { ",": "t_grass", ".": "t_dirt" }
    }
  },
  {
    "type": "recipe",
    "result": "charcoal",
    "id_suffix": "simple",
    "obsolete": true
  },
  {
    "type": "recipe",
    "result": "bag_plastic",
    "id_suffix": "simple bag_plastic",
    "obsolete": true
  },
  {
    "type": "recipe",
    "result": "c_hydrogen_gas",
    "id_suffix": "from_tanks",
    "obsolete": true
  },
  {
    "id": "wire_saw_makeshift",
    "type": "MIGRATION",
    "replace": "wire_saw"
  },
  {
    "type": "recipe",
    "result": "wire_saw_makeshift",
    "obsolete": true
  },
  {
    "id": "bio_plasma_cell_hydrogen",
    "type": "bionic",
    "name": { "str": "Hydrogen Pulse Cell" },
    "description": "A small, advanced form of hydrogen fuel cell, designed to produce a spike of power production for cutting-edge military cybernetics.  This is the separate chamber for burning lower-pressure hydrogen, for less intense bursts of bionic energy.",
    "fuel_options": [ "c_hydrogen_gas" ],
    "fuel_capacity": 5,
    "fuel_efficiency": 0.25,
    "exothermic_power_gen": true,
    "time": 1,
    "flags": [ "BIONIC_TOGGLED", "BIONIC_POWER_SOURCE", "BIONIC_NPC_USABLE" ],
    "included": true
  },
  {
    "id": "mutagenic_ampoule",
    "type": "COMESTIBLE",
    "name": { "str": "mutagenic hemoampoule" },
    "description": "A resinous capsule filled with what looks like congealed blood, mixed with mutagenic compounds.  Not as strong as mutagenic serum, but will require a syringe to use.",
    "price": "1000 USD",
    "price_postapoc": "50 cent",
    "comestible_type": "MED",
    "category": "mutagen",
    "weight": "250 g",
    "volume": "100 ml",
    "symbol": "!",
    "color": "red",
    "healthy": -2,
    "addiction_potential": 6,
    "addiction_type": "mutagen",
    "tool": "syringe",
    "flags": [ "NO_INGEST" ],
    "use_action": { "type": "mutagen", "is_strong": true }
  },
  {
    "id": "purified_ampoule",
    "type": "COMESTIBLE",
    "name": { "str": "purified hemoampoule" },
    "description": "A resinous capsule filled with what looks like congealed blood, mixed with stabilizing compounds.  Mimics the effects of purifier, but requires a syringe to use.",
    "price": "6000 USD",
    "price_postapoc": "5 USD",
    "comestible_type": "MED",
    "category": "mutagen",
    "weight": "250 g",
    "volume": "100 ml",
    "symbol": "!",
    "color": "red",
    "healthy": 5,
    "addiction_potential": 8,
    "addiction_type": "mutagen",
    "tool": "syringe",
    "flags": [ "NO_INGEST" ],
    "use_action": [ "PURIFIER" ]
  },
  {
    "id": "c_infusion",
    "type": "SPELL",
    "name": { "str": "Hemocatalyzed Infusion" },
    "description": "Creates a bio-ampoule filled with mutagen, adds additional side effects.",
    "valid_targets": [ "self" ],
    "message": "",
    "flags": [ "NO_EXPLOSION_VFX", "SILENT", "PERMANENT", "NO_HANDS", "NO_LEGS" ],
    "effect": "spawn_item",
    "effect_str": "mutagenic_ampoule",
    "//": "Reuses the pain effect Biostim calls for.",
    "extra_effects": [ { "id": "c_biostim_pain", "hit_self": true }, { "id": "c_hemo_damage", "hit_self": true } ],
    "min_duration": 1,
    "max_duration": 1
  },
  {
    "id": "c_hemo_damage",
    "type": "SPELL",
    "name": { "str": "Hemocatalyst Damage" },
    "description": "Adds the damaging side effect to the infuser and defuser.",
    "message": "",
    "valid_targets": [ "self" ],
    "flags": [ "NO_EXPLOSION_VFX", "SILENT" ],
    "effect": "target_attack",
    "min_damage": 10,
    "max_damage": 10
  },
  {
    "id": "c_defusion",
    "type": "SPELL",
    "name": { "str": "Hemocatalyzed Defusion" },
    "description": "Creates a bio-ampoule filled with purifer, adds additional side effects.",
    "valid_targets": [ "self" ],
    "message": "",
    "flags": [ "NO_EXPLOSION_VFX", "SILENT", "PERMANENT", "NO_HANDS", "NO_LEGS" ],
    "effect": "spawn_item",
    "effect_str": "purified_ampoule",
    "extra_effects": [ { "id": "c_biostim_pain", "hit_self": true }, { "id": "c_hemo_damage", "hit_self": true } ],
    "min_duration": 1,
    "max_duration": 1
  }
]
