[
  {
    "type": "MOD_INFO",
    "id": "Cata++",
    "name": "<color_light_green>Cataclysm++</color>",
    "authors": [ "Noctifer" ],
    "description": "The unofficial expansion mod for Cataclysm: Bright Nights.\n\nThe gigantic jabberwock of a mod that adds a lot of content to the game: new items, buildings, scenarios, monsters, etc. It also reworks and adds alternatives to many things from recipes to scenarios. It also adds a pseudo-story and lore on the works.\n\nThe Bio-Weapon, Super Soldier, Commandeers, Slave Fighters and the Old World Prepper NPC factions join the world.\n\nSeek the Bio-weapons, find loot, take down new monsters and invest in skills for new craftable items.",
    "category": "content",
    "dependencies": [ "bn" ]
  }
]
