[
  {
    "type": "mutation_category",
    "id": "BIO-WEAPON",
    "name": "Bio-Weapon",
    "threshold_mut": "THRESH_BIO-WEAPON",
    "mutagen_message": "This is a bug, report to Noctifer if you see this.",
    "iv_message": "This is a bug, report to Noctifer if you see this.",
    "memorial_message": "All your enhancements came short of immortality."
  },
  {
    "type": "mutation",
    "id": "THRESH_BIO-WEAPON",
    "name": "Bio-Weapon",
    "points": 0,
    "description": "You are not human.  You can't even remember anymore, whether you were ever human to begin with.  What matters is that now, you are more than human.",
    "valid": false,
    "purifiable": false,
    "threshold": true
  },
  {
    "type": "mutation_category",
    "id": "SUPER_SOLDIER",
    "name": "Sentinel",
    "threshold_mut": "THRESH_SUPER_SOLDIER",
    "mutagen_message": "Seeing this is probably a bug.",
    "iv_message": "You're left reeling as the chemicals make your biology reach new heights.",
    "iv_min_mutations": 1,
    "iv_additional_mutations": 1,
    "iv_additional_mutations_chance": 10,
    "iv_hunger": 5,
    "iv_thirst": 3,
    "iv_pain": 3,
    "iv_fatigue": 5,
    "memorial_message": "You found your comrades and regrouped in hell."
  },
  {
    "type": "mutation",
    "id": "THRESH_SUPER_SOLDIER",
    "name": "Sentinel",
    "points": 0,
    "description": "You have transcended your humanity in both mind and body; your biology freed from the shackles of living flesh.  Now a warrior with battle running through your veins, you are what humanity would consider the next step in evolution.",
    "valid": false,
    "purifiable": false,
    "threshold": true
  }
]
