[
  {
    "type": "mutation",
    "id": "SENTINEL_PERK_STR",
    "name": { "str": "Sentinel Physicality I" },
    "points": 1,
    "visibility": 1,
    "bodytemp_modifiers": [ 100, 100 ],
    "description": "Targeted mutagenic treatment has improved your muscular development.  Your maximum stamina, stamina regeneration, and maximum weight carried is 25% greater, and you heal slightly faster.  In exchange, your metabolism and thirst is slightly increased, and your body runs a bit warm.",
    "valid": false,
    "mixed_effect": true,
    "types": [ "METABOLISM", "HEALING" ],
    "cancels": [ "NO_THIRST", "THIRST", "THIRST2", "THIRST3", "GOODCARDIO", "GOODCARDIO2", "BADCARDIO" ],
    "changes_to": [ "SENTINEL_PERK_STR_2" ],
    "category": [ "SUPER_SOLDIER" ],
    "//": "Max stamina intrinsically affects stamina regen to the same extent.",
    "max_stamina_modifier": 1.25,
    "weight_capacity_modifier": 1.25,
    "healing_awake": 0.1,
    "healing_resting": 0.25,
    "mending_modifier": 1.0,
    "metabolism_modifier": 0.25,
    "thirst_modifier": 0.25
  },
  {
    "type": "mutation",
    "id": "SENTINEL_PERK_STR_2",
    "name": { "str": "Sentinel Physicality II" },
    "points": 2,
    "visibility": 1,
    "bodytemp_modifiers": [ 200, 200 ],
    "description": "Targeted mutagenic treatment has improved your muscular development.  Your maximum stamina, stamina regeneration, and maximum weight carried is 50% greater, and you heal faster.  In exchange, your metabolism and thirst is increased, and your body runs slightly hotter.",
    "valid": false,
    "mixed_effect": true,
    "types": [ "METABOLISM", "HEALING" ],
    "cancels": [ "NO_THIRST", "THIRST", "THIRST2", "THIRST3", "GOODCARDIO", "GOODCARDIO2", "BADCARDIO" ],
    "changes_to": [ "SENTINEL_PERK_STR_3" ],
    "prereqs": [ "SENTINEL_PERK_STR" ],
    "category": [ "SUPER_SOLDIER" ],
    "max_stamina_modifier": 1.5,
    "weight_capacity_modifier": 1.5,
    "healing_awake": 0.2,
    "healing_resting": 0.5,
    "mending_modifier": 2.0,
    "metabolism_modifier": 0.5,
    "thirst_modifier": 0.5
  },
  {
    "type": "mutation",
    "id": "SENTINEL_PERK_STR_3",
    "name": { "str": "Sentinel Physicality III" },
    "points": 4,
    "visibility": 1,
    "bodytemp_modifiers": [ 400, 400 ],
    "description": "Targeted mutagenic treatment has improved your muscular development.  Your maximum stamina, stamina regeneration, and maximum weight carried is doubled, and you heal much faster.  In exchange, your metabolism and thirst is further increased, and your body runs hotter.",
    "valid": false,
    "mixed_effect": true,
    "types": [ "METABOLISM", "HEALING" ],
    "cancels": [ "NO_THIRST", "THIRST", "THIRST2", "THIRST3", "GOODCARDIO", "GOODCARDIO2", "BADCARDIO" ],
    "prereqs": [ "SENTINEL_PERK_STR_2" ],
    "category": [ "SUPER_SOLDIER" ],
    "threshreq": [ "THRESH_SUPER_SOLDIER" ],
    "max_stamina_modifier": 2.0,
    "weight_capacity_modifier": 2.0,
    "healing_awake": 0.4,
    "healing_resting": 1.0,
    "mending_modifier": 4.0,
    "metabolism_modifier": 1.0,
    "thirst_modifier": 1.0
  },
  {
    "type": "mutation",
    "id": "SENTINEL_STAT_STR",
    "name": { "str": "Sentinel Strength I" },
    "points": 1,
    "description": "Your strength has been increased slightly by your physical alterations, relative to your natural physique.  Strength +2.",
    "valid": false,
    "cancels": [ "STR_UP", "STR_UP_2", "STR_UP_3", "STR_UP_4", "STR_ALPHA" ],
    "prereqs": [ "SENTINEL_PERK_STR", "SENTINEL_PERK_STR_2", "SENTINEL_PERK_STR_3" ],
    "changes_to": [ "SENTINEL_STAT_STR_2" ],
    "category": [ "SUPER_SOLDIER" ],
    "passive_mods": { "str_mod": 2 }
  },
  {
    "type": "mutation",
    "id": "SENTINEL_STAT_STR_2",
    "name": { "str": "Sentinel Strength II" },
    "points": 2,
    "description": "Your strength has been increased somewhat by your physical alterations, relative to your natural physique.  Strength +4.",
    "valid": false,
    "cancels": [ "STR_UP", "STR_UP_2", "STR_UP_3", "STR_UP_4", "STR_ALPHA" ],
    "prereqs": [ "SENTINEL_PERK_STR", "SENTINEL_PERK_STR_2", "SENTINEL_PERK_STR_3" ],
    "prereqs2": [ "SENTINEL_STAT_STR" ],
    "changes_to": [ "SENTINEL_STAT_STR_3" ],
    "category": [ "SUPER_SOLDIER" ],
    "passive_mods": { "str_mod": 4 }
  },
  {
    "type": "mutation",
    "id": "SENTINEL_STAT_STR_3",
    "name": { "str": "Sentinel Strength III" },
    "points": 3,
    "description": "Your strength has been increased by your physical alterations, relative to your natural physique.  Strength +6.",
    "valid": false,
    "cancels": [ "STR_UP", "STR_UP_2", "STR_UP_3", "STR_UP_4", "STR_ALPHA" ],
    "prereqs": [ "SENTINEL_PERK_STR_2", "SENTINEL_PERK_STR_3" ],
    "prereqs2": [ "SENTINEL_STAT_STR_2" ],
    "changes_to": [ "SENTINEL_STAT_STR_4" ],
    "category": [ "SUPER_SOLDIER" ],
    "threshreq": [ "THRESH_SUPER_SOLDIER" ],
    "passive_mods": { "str_mod": 6 }
  },
  {
    "type": "mutation",
    "id": "SENTINEL_STAT_STR_4",
    "name": { "str": "Sentinel Strength IV" },
    "points": 4,
    "description": "Your strength has been greatly increased by your physical alterations, relative to your natural physique.  Strength +8.",
    "valid": false,
    "cancels": [ "STR_UP", "STR_UP_2", "STR_UP_3", "STR_UP_4", "STR_ALPHA" ],
    "prereqs": [ "SENTINEL_PERK_STR_2", "SENTINEL_PERK_STR_3" ],
    "prereqs2": [ "SENTINEL_STAT_STR_3" ],
    "changes_to": [ "SENTINEL_STAT_STR_5" ],
    "category": [ "SUPER_SOLDIER" ],
    "threshreq": [ "THRESH_SUPER_SOLDIER" ],
    "passive_mods": { "str_mod": 8 }
  },
  {
    "type": "mutation",
    "id": "SENTINEL_STAT_STR_5",
    "name": { "str": "Sentinel Strength V" },
    "points": 5,
    "description": "Your strength has been massively increased by your physical alterations, relative to your natural physique.  Strength +10.",
    "valid": false,
    "cancels": [ "STR_UP", "STR_UP_2", "STR_UP_3", "STR_UP_4", "STR_ALPHA" ],
    "prereqs": [ "SENTINEL_PERK_STR_3" ],
    "prereqs2": [ "SENTINEL_STAT_STR_4" ],
    "category": [ "SUPER_SOLDIER" ],
    "threshreq": [ "THRESH_SUPER_SOLDIER" ],
    "passive_mods": { "str_mod": 10 }
  },
  {
    "type": "mutation",
    "id": "SENTINEL_PERK_DEX",
    "name": { "str": "Sentinel Reflexes I" },
    "points": 1,
    "description": "Targeted mutagenic treatment has sharpened your reflexes.  You can move and attack a bit faster, and your dodging is improved slightly.  In exchange, you need slightly more rest than normal, and are slightly more sensitive to electrical discharges.",
    "valid": false,
    "mixed_effect": true,
    "types": [ "SLEEP", "RUNNING" ],
    "cancels": [ "PARKOUR", "BADKNEES" ],
    "changes_to": [ "SENTINEL_PERK_DEX_2" ],
    "category": [ "SUPER_SOLDIER" ],
    "movecost_modifier": 0.875,
    "attackcost_modifier": 0.9375,
    "dodge_modifier": 1,
    "fatigue_modifier": 0.25,
    "armor": [ { "parts": "ALL", "electric": -1 } ]
  },
  {
    "type": "mutation",
    "id": "SENTINEL_PERK_DEX_2",
    "name": { "str": "Sentinel Reflexes II" },
    "points": 2,
    "description": "Targeted mutagenic treatment has sharpened your reflexes.  You can move and attack faster, and your dodging is improved.  In exchange, you need more rest than normal, and are more sensitive to electrical discharges.",
    "valid": false,
    "mixed_effect": true,
    "types": [ "SLEEP", "RUNNING" ],
    "cancels": [ "PARKOUR", "BADKNEES" ],
    "changes_to": [ "SENTINEL_PERK_DEX_3" ],
    "prereqs": [ "SENTINEL_PERK_DEX" ],
    "category": [ "SUPER_SOLDIER" ],
    "movecost_modifier": 0.75,
    "attackcost_modifier": 0.875,
    "dodge_modifier": 2,
    "fatigue_modifier": 0.5,
    "armor": [ { "parts": "ALL", "electric": -2 } ]
  },
  {
    "type": "mutation",
    "id": "SENTINEL_PERK_DEX_3",
    "name": { "str": "Sentinel Reflexes III" },
    "points": 4,
    "description": "Targeted mutagenic treatment has sharpened your reflexes.  You can move and attack much faster, and your dodging is greatly improved.  In exchange, you need much more rest than normal, and are much more sensitive to electrical discharges.",
    "valid": false,
    "purifiable": false,
    "mixed_effect": true,
    "types": [ "SLEEP", "RUNNING" ],
    "cancels": [ "PARKOUR", "BADKNEES" ],
    "prereqs": [ "SENTINEL_PERK_DEX_2" ],
    "category": [ "SUPER_SOLDIER" ],
    "threshreq": [ "THRESH_SUPER_SOLDIER" ],
    "movecost_modifier": 0.5,
    "attackcost_modifier": 0.75,
    "dodge_modifier": 4,
    "fatigue_modifier": 1.0,
    "armor": [ { "parts": "ALL", "electric": -4 } ]
  },
  {
    "type": "mutation",
    "id": "SENTINEL_STAT_DEX",
    "name": { "str": "Sentinel Dexterity I" },
    "points": 1,
    "description": "Your dexterity has been increased slightly by your physical alterations, relative to your natural agility.  Dexterity +2.",
    "valid": false,
    "cancels": [ "DEX_UP", "DEX_UP_2", "DEX_UP_3", "DEX_UP_4", "DEX_ALPHA" ],
    "prereqs": [ "SENTINEL_PERK_DEX", "SENTINEL_PERK_DEX_2", "SENTINEL_PERK_DEX_3" ],
    "changes_to": [ "SENTINEL_STAT_DEX_2" ],
    "category": [ "SUPER_SOLDIER" ],
    "passive_mods": { "dex_mod": 2 }
  },
  {
    "type": "mutation",
    "id": "SENTINEL_STAT_DEX_2",
    "name": { "str": "Sentinel Dexterity II" },
    "points": 2,
    "description": "Your dexterity has been increased somewhat by your physical alterations, relative to your natural agility.  Dexterity +4.",
    "valid": false,
    "cancels": [ "DEX_UP", "DEX_UP_2", "DEX_UP_3", "DEX_UP_4", "DEX_ALPHA" ],
    "prereqs": [ "SENTINEL_PERK_DEX", "SENTINEL_PERK_DEX_2", "SENTINEL_PERK_DEX_3" ],
    "prereqs2": [ "SENTINEL_STAT_DEX" ],
    "changes_to": [ "SENTINEL_STAT_DEX_3" ],
    "category": [ "SUPER_SOLDIER" ],
    "passive_mods": { "dex_mod": 4 }
  },
  {
    "type": "mutation",
    "id": "SENTINEL_STAT_DEX_3",
    "name": { "str": "Sentinel Dexterity III" },
    "points": 3,
    "description": "Your dexterity has been increased by your physical alterations, relative to your natural agility.  Dexterity +6.",
    "valid": false,
    "cancels": [ "DEX_UP", "DEX_UP_2", "DEX_UP_3", "DEX_UP_4", "DEX_ALPHA" ],
    "prereqs": [ "SENTINEL_PERK_DEX_2", "SENTINEL_PERK_DEX_3" ],
    "prereqs2": [ "SENTINEL_STAT_DEX_2" ],
    "changes_to": [ "SENTINEL_STAT_DEX_4" ],
    "category": [ "SUPER_SOLDIER" ],
    "threshreq": [ "THRESH_SUPER_SOLDIER" ],
    "passive_mods": { "dex_mod": 6 }
  },
  {
    "type": "mutation",
    "id": "SENTINEL_STAT_DEX_4",
    "name": { "str": "Sentinel Dexterity IV" },
    "points": 4,
    "description": "Your dexterity has been greatly increased by your physical alterations, relative to your natural agility.  Dexterity +8.",
    "valid": false,
    "cancels": [ "DEX_UP", "DEX_UP_2", "DEX_UP_3", "DEX_UP_4", "DEX_ALPHA" ],
    "prereqs": [ "SENTINEL_PERK_DEX_2", "SENTINEL_PERK_DEX_3" ],
    "prereqs2": [ "SENTINEL_STAT_DEX_3" ],
    "changes_to": [ "SENTINEL_STAT_DEX_5" ],
    "category": [ "SUPER_SOLDIER" ],
    "threshreq": [ "THRESH_SUPER_SOLDIER" ],
    "passive_mods": { "dex_mod": 8 }
  },
  {
    "type": "mutation",
    "id": "SENTINEL_STAT_DEX_5",
    "name": { "str": "Sentinel Dexterity V" },
    "points": 5,
    "description": "Your dexterity has been massively increased by your physical alterations, relative to your natural agility.  Dexterity +10.",
    "valid": false,
    "cancels": [ "DEX_UP", "DEX_UP_2", "DEX_UP_3", "DEX_UP_4", "DEX_ALPHA" ],
    "prereqs": [ "SENTINEL_PERK_DEX_3" ],
    "prereqs2": [ "SENTINEL_STAT_DEX_4" ],
    "category": [ "SUPER_SOLDIER" ],
    "threshreq": [ "THRESH_SUPER_SOLDIER" ],
    "passive_mods": { "dex_mod": 10 }
  },
  {
    "type": "mutation",
    "id": "SENTINEL_PERK_INT",
    "name": { "str": "Sentinel Synapse I" },
    "points": 1,
    "description": "Targeted mutagenic treatment has altered your neurology.  You find it a bit easier to handle the death of your enemies, combat skills develop somewhat faster, and you find technical skills slightly easier.  In exchange, you find learning from books a bit slower, and it is slightly harder to persuade or deceive others.",
    "valid": false,
    "mixed_effect": true,
    "cancels": [ "LIAR", "FASTREADER", "SLOWREADER", "PRED1", "PRED2", "PRED3", "PRED4", "PACIFIST" ],
    "changes_to": [ "SENTINEL_PERK_INT_2" ],
    "category": [ "SUPER_SOLDIER" ],
    "social_modifiers": { "lie": -10 },
    "craft_skill_bonus": [ [ "electronics", 1 ], [ "mechanics", 1 ], [ "firstaid", 1 ], [ "computer", 1 ], [ "fabrication", 1 ] ],
    "reading_speed_multiplier": 1.25,
    "flags": [ "PRED2" ]
  },
  {
    "type": "mutation",
    "id": "SENTINEL_PERK_INT_2",
    "name": { "str": "Sentinel Synapse II" },
    "points": 2,
    "description": "Targeted mutagenic treatment has altered your neurology.  You find it easier to handle the death of your enemies, combat skills develop faster, and you find technical skills easier.  In exchange, you find learning from books to be slower, and it is harder to persuade or deceive others.",
    "valid": false,
    "mixed_effect": true,
    "cancels": [ "LIAR", "FASTREADER", "SLOWREADER", "PRED1", "PRED2", "PRED3", "PRED4", "PACIFIST" ],
    "changes_to": [ "SENTINEL_PERK_INT_3" ],
    "prereqs": [ "SENTINEL_PERK_INT" ],
    "category": [ "SUPER_SOLDIER" ],
    "social_modifiers": { "lie": -20 },
    "craft_skill_bonus": [ [ "electronics", 2 ], [ "mechanics", 2 ], [ "firstaid", 2 ], [ "computer", 2 ], [ "fabrication", 2 ] ],
    "reading_speed_multiplier": 1.5,
    "flags": [ "PRED3" ]
  },
  {
    "type": "mutation",
    "id": "SENTINEL_PERK_INT_3",
    "name": { "str": "Sentinel Synapse III" },
    "points": 4,
    "description": "Targeted mutagenic treatment has altered your neurology.  You find it much easier to handle the death of your enemies, combat skills develop far faster, and you find technical skills a lot easier.  In exchange, you find learning from books to be much slower, and it is far harder to deceive others.",
    "valid": false,
    "purifiable": false,
    "mixed_effect": true,
    "cancels": [ "LIAR", "FASTREADER", "SLOWREADER", "PRED1", "PRED2", "PRED3", "PRED4", "PACIFIST" ],
    "prereqs": [ "SENTINEL_PERK_INT_2" ],
    "category": [ "SUPER_SOLDIER" ],
    "threshreq": [ "THRESH_SUPER_SOLDIER" ],
    "social_modifiers": { "lie": -40 },
    "craft_skill_bonus": [ [ "electronics", 4 ], [ "mechanics", 4 ], [ "firstaid", 4 ], [ "computer", 4 ], [ "fabrication", 4 ] ],
    "reading_speed_multiplier": 2.0,
    "flags": [ "PRED4" ]
  },
  {
    "type": "mutation",
    "id": "SENTINEL_STAT_INT",
    "name": { "str": "Sentinel Intelligence I" },
    "points": 1,
    "description": "Your intelligence has been increased slightly by your mental alterations, relative to your natural neurology.  Intelligence +2.",
    "valid": false,
    "cancels": [ "INT_UP", "INT_UP_2", "INT_UP_3", "INT_UP_4", "INT_ALPHA" ],
    "prereqs": [ "SENTINEL_PERK_INT", "SENTINEL_PERK_INT_2", "SENTINEL_PERK_INT_3" ],
    "changes_to": [ "SENTINEL_STAT_INT_2" ],
    "category": [ "SUPER_SOLDIER" ],
    "passive_mods": { "int_mod": 2 }
  },
  {
    "type": "mutation",
    "id": "SENTINEL_STAT_INT_2",
    "name": { "str": "Sentinel Intelligence II" },
    "points": 2,
    "description": "Your intelligence has been increased somewhat by your mental alterations, relative to your natural neurology.  Intelligence +4.",
    "valid": false,
    "cancels": [ "INT_UP", "INT_UP_2", "INT_UP_3", "INT_UP_4", "INT_ALPHA" ],
    "prereqs": [ "SENTINEL_PERK_INT", "SENTINEL_PERK_INT_2", "SENTINEL_PERK_INT_3" ],
    "prereqs2": [ "SENTINEL_STAT_INT" ],
    "changes_to": [ "SENTINEL_STAT_INT_3" ],
    "category": [ "SUPER_SOLDIER" ],
    "passive_mods": { "int_mod": 4 }
  },
  {
    "type": "mutation",
    "id": "SENTINEL_STAT_INT_3",
    "name": { "str": "Sentinel Intelligence III" },
    "points": 3,
    "description": "Your intelligence has been increased by your mental alterations, relative to your natural neurology.  Intelligence +6.",
    "valid": false,
    "cancels": [ "INT_UP", "INT_UP_2", "INT_UP_3", "INT_UP_4", "INT_ALPHA" ],
    "prereqs": [ "SENTINEL_PERK_INT_2", "SENTINEL_PERK_INT_3" ],
    "prereqs2": [ "SENTINEL_STAT_INT_2" ],
    "changes_to": [ "SENTINEL_STAT_INT_4" ],
    "category": [ "SUPER_SOLDIER" ],
    "threshreq": [ "THRESH_SUPER_SOLDIER" ],
    "passive_mods": { "int_mod": 6 }
  },
  {
    "type": "mutation",
    "id": "SENTINEL_STAT_INT_4",
    "name": { "str": "Sentinel Intelligence IV" },
    "points": 4,
    "description": "Your intelligence has been greatly increased by your mental alterations, relative to your natural neurology.  Intelligence +8.",
    "valid": false,
    "cancels": [ "INT_UP", "INT_UP_2", "INT_UP_3", "INT_UP_4", "INT_ALPHA" ],
    "prereqs": [ "SENTINEL_PERK_INT_2", "SENTINEL_PERK_INT_3" ],
    "prereqs2": [ "SENTINEL_STAT_INT_3" ],
    "changes_to": [ "SENTINEL_STAT_INT_5" ],
    "category": [ "SUPER_SOLDIER" ],
    "threshreq": [ "THRESH_SUPER_SOLDIER" ],
    "passive_mods": { "int_mod": 8 }
  },
  {
    "type": "mutation",
    "id": "SENTINEL_STAT_INT_5",
    "name": { "str": "Sentinel Intelligence V" },
    "points": 5,
    "description": "Your intelligence has been massively increased by your mental alterations, relative to your natural neurology.  Intelligence +10.",
    "valid": false,
    "cancels": [ "INT_UP", "INT_UP_2", "INT_UP_3", "INT_UP_4", "INT_ALPHA" ],
    "prereqs": [ "SENTINEL_PERK_INT_3" ],
    "prereqs2": [ "SENTINEL_STAT_INT_4" ],
    "category": [ "SUPER_SOLDIER" ],
    "threshreq": [ "THRESH_SUPER_SOLDIER" ],
    "passive_mods": { "int_mod": 10 }
  },
  {
    "type": "mutation",
    "id": "SENTINEL_PERK_PER",
    "name": { "str": "Sentinel Readiness I" },
    "points": 1,
    "description": "Targeted mutagenic treatment has honed your senses.  Your sight radius on the overmap is extended, you hear a bit better, and instinctively move a bit more quietly.  In exchange, your reflexive reaction to potential threats slightly agitates wildlife and unsettles people.",
    "valid": false,
    "mixed_effect": true,
    "cancels": [ "EAGLEEYED", "UNOBSERVANT", "GOODHEARING", "BADHEARING", "DEAF", "LIGHTSTEP", "CLUMSY" ],
    "changes_to": [ "SENTINEL_PERK_PER_2" ],
    "category": [ "SUPER_SOLDIER" ],
    "overmap_sight": 5,
    "hearing_modifier": 1.25,
    "noise_modifier": 0.75,
    "anger_relations": [ [ "MAMMAL", 5 ], [ "BIRD", 5 ] ],
    "social_modifiers": { "persuade": -5 }
  },
  {
    "type": "mutation",
    "id": "SENTINEL_PERK_PER_2",
    "name": { "str": "Sentinel Readiness II" },
    "points": 2,
    "description": "Targeted mutagenic treatment has honed your senses.  Your sight radius on the overmap is greatly extended, you hear better, and instinctively move more quietly.  In exchange, your reflexive reaction to potential threats somewhat agitates wildlife and unsettles people.",
    "valid": false,
    "mixed_effect": true,
    "cancels": [ "EAGLEEYED", "UNOBSERVANT", "GOODHEARING", "BADHEARING", "DEAF", "LIGHTSTEP", "CLUMSY" ],
    "prereqs": [ "SENTINEL_PERK_PER" ],
    "changes_to": [ "SENTINEL_PERK_PER_3" ],
    "category": [ "SUPER_SOLDIER" ],
    "overmap_sight": 10,
    "hearing_modifier": 1.5,
    "noise_modifier": 0.5,
    "anger_relations": [ [ "MAMMAL", 10 ], [ "BIRD", 10 ] ],
    "social_modifiers": { "persuade": -10 }
  },
  {
    "type": "mutation",
    "id": "SENTINEL_PERK_PER_3",
    "name": { "str": "Sentinel Readiness III" },
    "points": 4,
    "description": "Targeted mutagenic treatment has honed your senses.  Your sight radius on the overmap is massively extended, you hear much better, and instinctively move silently.  In exchange, your reflexive reaction to potential threats agitates wildlife and unsettles people.",
    "valid": false,
    "purifiable": false,
    "mixed_effect": true,
    "cancels": [ "EAGLEEYED", "UNOBSERVANT", "GOODHEARING", "BADHEARING", "DEAF", "LIGHTSTEP", "CLUMSY" ],
    "prereqs": [ "SENTINEL_PERK_PER_2" ],
    "category": [ "SUPER_SOLDIER" ],
    "threshreq": [ "THRESH_SUPER_SOLDIER" ],
    "overmap_sight": 15,
    "hearing_modifier": 2.0,
    "noise_modifier": 0.0,
    "anger_relations": [ [ "MAMMAL", 20 ], [ "BIRD", 20 ] ],
    "social_modifiers": { "persuade": -20 }
  },
  {
    "type": "mutation",
    "id": "SENTINEL_STAT_PER",
    "name": { "str": "Sentinel Perception I" },
    "points": 1,
    "description": "Your perception has been increased slightly by your mental alterations, relative to your natural alertness.  Perception +2.",
    "valid": false,
    "cancels": [ "PER_UP", "PER_UP_2", "PER_UP_3", "PER_UP_4", "PER_ALPHA" ],
    "prereqs": [ "SENTINEL_PERK_PER", "SENTINEL_PERK_PER_2", "SENTINEL_PERK_PER_3" ],
    "changes_to": [ "SENTINEL_STAT_PER_2" ],
    "category": [ "SUPER_SOLDIER" ],
    "passive_mods": { "per_mod": 2 }
  },
  {
    "type": "mutation",
    "id": "SENTINEL_STAT_PER_2",
    "name": { "str": "Sentinel Perception II" },
    "points": 2,
    "description": "Your perception has been increased somewhat by your mental alterations, relative to your natural alertness.  Perception +4.",
    "valid": false,
    "cancels": [ "PER_UP", "PER_UP_2", "PER_UP_3", "PER_UP_4", "PER_ALPHA" ],
    "prereqs": [ "SENTINEL_PERK_PER", "SENTINEL_PERK_PER_2", "SENTINEL_PERK_PER_3" ],
    "prereqs2": [ "SENTINEL_STAT_PER" ],
    "changes_to": [ "SENTINEL_STAT_PER_3" ],
    "category": [ "SUPER_SOLDIER" ],
    "passive_mods": { "per_mod": 4 }
  },
  {
    "type": "mutation",
    "id": "SENTINEL_STAT_PER_3",
    "name": { "str": "Sentinel Perception III" },
    "points": 3,
    "description": "Your perception has been increased by your mental alterations, relative to your natural alertness.  Perception +6.",
    "valid": false,
    "cancels": [ "PER_UP", "PER_UP_2", "PER_UP_3", "PER_UP_4", "PER_ALPHA" ],
    "prereqs": [ "SENTINEL_PERK_PER_2", "SENTINEL_PERK_PER_3" ],
    "prereqs2": [ "SENTINEL_STAT_PER_2" ],
    "changes_to": [ "SENTINEL_STAT_PER_4" ],
    "category": [ "SUPER_SOLDIER" ],
    "threshreq": [ "THRESH_SUPER_SOLDIER" ],
    "passive_mods": { "per_mod": 6 }
  },
  {
    "type": "mutation",
    "id": "SENTINEL_STAT_PER_4",
    "name": { "str": "Sentinel Perception IV" },
    "points": 4,
    "description": "Your perception has been greatly increased by your mental alterations, relative to your natural alertness.  Perception +8.",
    "valid": false,
    "cancels": [ "PER_UP", "PER_UP_2", "PER_UP_3", "PER_UP_4", "PER_ALPHA" ],
    "prereqs": [ "SENTINEL_PERK_PER_2", "SENTINEL_PERK_PER_3" ],
    "prereqs2": [ "SENTINEL_STAT_PER_3" ],
    "changes_to": [ "SENTINEL_STAT_PER_5" ],
    "category": [ "SUPER_SOLDIER" ],
    "threshreq": [ "THRESH_SUPER_SOLDIER" ],
    "passive_mods": { "per_mod": 8 }
  },
  {
    "type": "mutation",
    "id": "SENTINEL_STAT_PER_5",
    "name": { "str": "Sentinel Perception V" },
    "points": 5,
    "description": "Your perception has been massively increased by your mental alterations, relative to your natural alertness.  Perception +10.",
    "valid": false,
    "cancels": [ "PER_UP", "PER_UP_2", "PER_UP_3", "PER_UP_4", "PER_ALPHA" ],
    "prereqs": [ "SENTINEL_PERK_PER_3" ],
    "prereqs2": [ "SENTINEL_STAT_PER_4" ],
    "category": [ "SUPER_SOLDIER" ],
    "threshreq": [ "THRESH_SUPER_SOLDIER" ],
    "passive_mods": { "per_mod": 10 }
  },
  {
    "type": "mutation",
    "id": "SENTINEL_PEAK_PHYS",
    "name": { "str": "Sentinel Conditioning: Physical" },
    "points": 8,
    "visibility": 2,
    "description": "Your physical genetic conditioning has reached its peak, beyond all human limits.  Your body is hardened against physical damage slightly and your figure is more intimidating, but you've also developed an immunity to most toxins, as well as depressant and painkilling drugs.  Your metabolism also processes radioactive contaminants faster, and you recover from pain quickly.",
    "valid": false,
    "purifiable": false,
    "mixed_effect": true,
    "cancels": [ "THICKSKIN", "THINSKIN" ],
    "prereqs": [ "SENTINEL_STAT_STR_5" ],
    "prereqs2": [ "SENTINEL_STAT_DEX_5" ],
    "category": [ "SUPER_SOLDIER" ],
    "threshreq": [ "THRESH_SUPER_SOLDIER" ],
    "armor": [ { "parts": "ALL", "physical": 3 } ],
    "social_modifiers": { "intimidate": 30 },
    "enchantments": [ "C_MEP_SENTINEL_PHYS" ]
  },
  {
    "type": "mutation",
    "id": "SENTINEL_PEAK_MENT",
    "name": { "str": "Sentinel Conditioning: Mental" },
    "points": 8,
    "description": "Your mental genetic conditioning has reached its peak, beyond all human limits.  You don't mind the rain as much and you need less sleep.  You've also developed an immunity to various mind-altering and neurological effects.",
    "valid": false,
    "purifiable": false,
    "mixed_effect": true,
    "cancels": [ "OUTDOORSMAN" ],
    "prereqs": [ "SENTINEL_STAT_PER_5" ],
    "prereqs2": [ "SENTINEL_STAT_INT_5" ],
    "category": [ "SUPER_SOLDIER" ],
    "threshreq": [ "THRESH_SUPER_SOLDIER" ],
    "wet_protection": [
      { "part": "head", "neutral": 9 },
      { "part": "leg_l", "neutral": 12 },
      { "part": "leg_r", "neutral": 12 },
      { "part": "foot_l", "neutral": 3 },
      { "part": "foot_r", "neutral": 3 },
      { "part": "arm_l", "neutral": 12 },
      { "part": "arm_r", "neutral": 12 },
      { "part": "hand_l", "neutral": 18 },
      { "part": "hand_r", "neutral": 18 },
      { "part": "torso", "neutral": 15 }
    ],
    "fatigue_regen_modifier": 0.5,
    "enchantments": [ "C_MEP_SENTINEL_MENT" ]
  }
]
