[
  {
    "type": "enchantment",
    "id": "C_MEP_SENTINEL_PHYS",
    "condition": "ALWAYS",
    "ench_effects": [ { "effect": "c_sentinel_phys", "intensity": 1 } ]
  },
  {
    "type": "enchantment",
    "id": "C_MEP_SENTINEL_MENT",
    "condition": "ALWAYS",
    "ench_effects": [ { "effect": "c_sentinel_ment", "intensity": 1 } ]
  },
  {
    "type": "enchantment",
    "id": "C_MEP_BIO_PAINREC",
    "condition": "ALWAYS",
    "ench_effects": [ { "effect": "c_bio_painrec", "intensity": 1 } ]
  }
]
