[
  {
    "id": "surv_223_mag",
    "type": "MAGAZINE",
    "name": { "str": "survivor's .223 magazine" },
    "//": "Allows more storage options.",
    "description": "A magazine built for the survivor's .223 assault rifle.  A well-made but still makeshift imitation of STANAG designs.",
    "weight": "400 g",
    "volume": "500 ml",
    "price": "80 USD",
    "price_postapoc": "4 USD",
    "material": [ "steel" ],
    "symbol": "#",
    "color": "light_gray",
    "ammo_type": [ "223" ],
    "capacity": 20,
    "reliability": 6,
    "reload_time": 100,
    "flags": [ "MAG_COMPACT" ]
  },
  {
    "id": "surv_762_mag",
    "type": "MAGAZINE",
    "name": { "str": "survivor's 7.62x39 magazine" },
    "description": "A magazine built for the survivor's 7.62x39 assault rifle.  A rough simplification of the AKM magazine pattern.",
    "weight": "400 g",
    "volume": "500 ml",
    "price": "80 USD",
    "price_postapoc": "4 USD",
    "material": [ "steel" ],
    "symbol": "#",
    "color": "light_gray",
    "ammo_type": [ "762" ],
    "capacity": 20,
    "reliability": 7,
    "reload_time": 100,
    "flags": [ "MAG_COMPACT" ]
  },
  {
    "id": "surv_308_mag",
    "type": "MAGAZINE",
    "name": { "str": "survivor's .308 magazine" },
    "description": "A magazine built for the survivor's .308 battle rifle.  Based on the design of the venerable M14's magazine.",
    "weight": "400 g",
    "volume": "500 ml",
    "price": "80 USD",
    "price_postapoc": "4 USD",
    "material": [ "steel" ],
    "symbol": "#",
    "color": "light_gray",
    "ammo_type": [ "308" ],
    "capacity": 20,
    "reliability": 6,
    "reload_time": 100,
    "flags": [ "MAG_COMPACT" ]
  },
  {
    "id": "surv_762R_mag",
    "type": "MAGAZINE",
    "name": { "str": "survivor's 7.62x54 magazine" },
    "description": "A magazine built for the survivor's 7.62x54 battle rifle.  Vaguely based off the magazine design used by the SVT-40, its handmade design makes it incompatible with any production firearm.",
    "weight": "400 g",
    "volume": "500 ml",
    "price": "80 USD",
    "price_postapoc": "4 USD",
    "material": [ "steel" ],
    "symbol": "#",
    "color": "light_gray",
    "ammo_type": [ "762R" ],
    "capacity": 20,
    "reliability": 6,
    "reload_time": 100,
    "flags": [ "MAG_COMPACT" ]
  },
  {
    "id": "surv_3006_mag",
    "type": "MAGAZINE",
    "name": { "str": "survivor's .30-06 magazine" },
    "description": "A magazine built for the survivor's .30-06 battle rifle.  A rough copy of the Browning Automatic Rifle's standard magazine.",
    "weight": "400 g",
    "volume": "500 ml",
    "price": "80 USD",
    "price_postapoc": "4 USD",
    "material": [ "steel" ],
    "symbol": "#",
    "color": "light_gray",
    "ammo_type": [ "3006" ],
    "capacity": 20,
    "reliability": 6,
    "reload_time": 100,
    "flags": [ "MAG_COMPACT" ]
  },
  {
    "id": "surv_12_mag",
    "type": "MAGAZINE",
    "name": { "str": "survivor's 12 gauge magazine" },
    "//": "Requires special pouch.",
    "description": "A magazine built for the survivor's full auto shotgun.  A well-made simplification of the Saiga 12's variant of the AK pattern.",
    "weight": "450 g",
    "volume": "750 ml",
    "price": "80 USD",
    "price_postapoc": "4 USD",
    "material": [ "steel" ],
    "symbol": "#",
    "color": "light_gray",
    "ammo_type": [ "shot" ],
    "capacity": 15,
    "reliability": 7,
    "reload_time": 100,
    "flags": [ "MAG_BULKY" ]
  },
  {
    "id": "surv_9mm_mag",
    "type": "MAGAZINE",
    "name": { "str": "survivor's 9mm magazine" },
    "description": "A magazine built for the survivor's 9mm SMG.  Uses a simplified design as seen by handmade magazines for the STEN submachine gun.",
    "weight": "200 g",
    "volume": "250 ml",
    "price": "80 USD",
    "price_postapoc": "4 USD",
    "material": [ "steel" ],
    "symbol": "#",
    "color": "light_gray",
    "ammo_type": [ "9mm" ],
    "capacity": 30,
    "reliability": 6,
    "reload_time": 100,
    "flags": [ "MAG_COMPACT" ]
  },
  {
    "id": "surv_45_mag",
    "type": "MAGAZINE",
    "name": { "str": "survivor's .45 magazine" },
    "description": "A magazine built for the survivor's .45 SMG.  Roughly modeled after the MAC-10 magazine in design.",
    "weight": "200 g",
    "volume": "250 ml",
    "price": "80 USD",
    "price_postapoc": "4 USD",
    "material": [ "steel" ],
    "symbol": "#",
    "color": "light_gray",
    "ammo_type": [ "45" ],
    "capacity": 30,
    "reliability": 6,
    "reload_time": 100,
    "flags": [ "MAG_COMPACT" ]
  },
  {
    "id": "surv_22_mag",
    "type": "MAGAZINE",
    "name": { "str": "survivor's .22 magazine" },
    "description": "A magazine built for the survivor's .22 SMG.  Although well-made, it isn't compatible with any production firearm.",
    "weight": "200 g",
    "volume": "250 ml",
    "price": "80 USD",
    "price_postapoc": "4 USD",
    "material": [ "steel" ],
    "symbol": "#",
    "color": "light_gray",
    "ammo_type": [ "22" ],
    "capacity": 30,
    "reliability": 6,
    "reload_time": 100,
    "flags": [ "MAG_COMPACT" ]
  },
  {
    "id": "surv_belt_223",
    "type": "MAGAZINE",
    "name": { "str": "survivor's .223 ammo belt" },
    "description": "An ammo belt for the survivor's .223 LMG, using canvas and steel wire to form non-disintegrating links.  Not as effective as factory-made ammunition belts, and more awkward to reload too.",
    "weight": "200 g",
    "volume": "1 L",
    "material": [ "steel" ],
    "symbol": "#",
    "color": "light_gray",
    "ammo_type": [ "223" ],
    "capacity": 80,
    "reliability": 5,
    "reload_time": 200,
    "armor_data": { "covers": [ "torso" ], "coverage": 5, "encumbrance": 10 },
    "flags": [ "BELTED", "OVERSIZE" ]
  },
  {
    "id": "surv_belt_762",
    "type": "MAGAZINE",
    "name": { "str": "survivor's 7.62x39 ammo belt" },
    "description": "An ammo belt for the survivor's 7.62x39 LMG, using canvas and steel wire to form non-disintegrating links.  Not as effective as factory-made ammunition belts, and more awkward to reload too.",
    "weight": "200 g",
    "volume": "1 L",
    "material": [ "steel" ],
    "symbol": "#",
    "color": "light_gray",
    "ammo_type": [ "762" ],
    "capacity": 80,
    "reliability": 5,
    "reload_time": 200,
    "armor_data": { "covers": [ "torso" ], "coverage": 5, "encumbrance": 10 },
    "flags": [ "BELTED", "OVERSIZE" ]
  },
  {
    "id": "surv_belt_308",
    "type": "MAGAZINE",
    "name": { "str": "survivor's .308 ammo belt" },
    "description": "An ammo belt for the survivor's .308 GPMG, using canvas and steel wire to form non-disintegrating links.  Not as effective as factory-made ammunition belts, and more awkward to reload too.",
    "weight": "200 g",
    "volume": "1 L",
    "material": [ "steel" ],
    "symbol": "#",
    "color": "light_gray",
    "ammo_type": [ "308" ],
    "capacity": 80,
    "reliability": 5,
    "reload_time": 200,
    "armor_data": { "covers": [ "torso" ], "coverage": 5, "encumbrance": 10 },
    "flags": [ "BELTED", "OVERSIZE" ]
  },
  {
    "id": "surv_belt_762R",
    "type": "MAGAZINE",
    "name": { "str": "survivor's 7.62x54 ammo belt" },
    "description": "An ammo belt for the survivor's 7.62x54 GPMG, using canvas and steel wire to form non-disintegrating links.  Not as effective as factory-made ammunition belts, and more awkward to reload too.",
    "weight": "200 g",
    "volume": "1 L",
    "looks_like": "surv_belt_308",
    "material": [ "steel" ],
    "symbol": "#",
    "color": "light_gray",
    "ammo_type": [ "762R" ],
    "capacity": 80,
    "reliability": 5,
    "reload_time": 200,
    "armor_data": { "covers": [ "torso" ], "coverage": 5, "encumbrance": 10 },
    "flags": [ "BELTED", "OVERSIZE" ]
  },
  {
    "id": "surv_belt_3006",
    "type": "MAGAZINE",
    "name": { "str": "survivor's .30-06 ammo belt" },
    "description": "An ammo belt for the survivor's .30-06 GPMG, using canvas and steel wire to form non-disintegrating links.  Not as effective as factory-made ammunition belts, and more awkward to reload too.",
    "weight": "200 g",
    "volume": "1 L",
    "looks_like": "surv_belt_308",
    "material": [ "steel" ],
    "symbol": "#",
    "color": "light_gray",
    "ammo_type": [ "3006" ],
    "capacity": 80,
    "reliability": 5,
    "reload_time": 200,
    "armor_data": { "covers": [ "torso" ], "coverage": 5, "encumbrance": 10 },
    "flags": [ "BELTED", "OVERSIZE" ]
  },
  {
    "id": "surv_50_mag",
    "type": "MAGAZINE",
    "name": { "str": "survivor's .50 magazine" },
    "description": "A magazine built for the survivor's .50 automatic AMR.  Well-made but makeshift, vaguely resembling the magazine from the Barrett M107A1.",
    "weight": "450 g",
    "volume": "750 ml",
    "price": "80 USD",
    "price_postapoc": "4 USD",
    "material": [ "steel" ],
    "symbol": "#",
    "color": "light_gray",
    "ammo_type": [ "50" ],
    "capacity": 15,
    "reliability": 6,
    "reload_time": 100,
    "flags": [ "MAG_BULKY" ]
  },
  {
    "id": "rifle_crank_battery_cell",
    "type": "MAGAZINE",
    "category": "battery",
    "name": { "str": "crank rifle capacitor bank" },
    "description": "This is a homemade power cell made from household batteries along with a series of capacitors, designed to translate mechanical force into enough voltage to more efficiently power a survivor's crank rifle.  It's a wonder this thing isn't an electrocution hazard.",
    "weight": "900 g",
    "volume": "600 ml",
    "price": "50 USD",
    "price_postapoc": "3 USD",
    "material": [ "iron", "plastic" ],
    "symbol": "=",
    "color": "yellow",
    "ammo_type": "battery",
    "capacity": 10,
    "reliability": 5,
    "looks_like": "battery",
    "flags": [ "NO_SALVAGE", "NO_UNLOAD", "RECHARGE", "MAG_COMPACT" ]
  },
  {
    "id": "light_atomic_battery_cell_rechargeable",
    "copy-from": "light_atomic_battery_cell",
    "type": "MAGAZINE",
    "name": { "str": "light rechargeable plutonium cell" },
    "description": "This battery uses a thin plutonium-244 rod to stabilize multiple proprietary exotic compounds.  Designed by Omnitech for a military contract, this modified plutonium battery is rechargeable, but as it made for military purposes there is very little this is compatible with.",
    "extend": { "flags": [ "RECHARGE" ] }
  },
  {
    "id": "medium_atomic_battery_cell_rechargeable",
    "copy-from": "medium_atomic_battery_cell",
    "type": "MAGAZINE",
    "name": { "str": "medium rechargeable plutonium cell" },
    "description": "This battery uses a thin plutonium-244 rod to stabilize multiple proprietary exotic compounds.  Designed by Omnitech for a military contract, this modified plutonium battery is rechargeable, but as it made for military purposes there is very little this is compatible with.",
    "extend": { "flags": [ "RECHARGE" ] }
  },
  {
    "id": "heavy_atomic_battery_cell_rechargeable",
    "copy-from": "heavy_atomic_battery_cell",
    "type": "MAGAZINE",
    "name": { "str": "heavy rechargeable plutonium cell" },
    "description": "This battery uses a thin plutonium-244 rod to stabilize multiple proprietary exotic compounds.  Designed by Omnitech for a military contract, this modified plutonium battery is rechargeable, but as it made for military purposes there is very little this is compatible with.",
    "extend": { "flags": [ "RECHARGE" ] }
  }
]
