[
  {
    "id": "aux_flamer_diesel",
    "weapon_category": [ "FLAMETHROWERS" ],
    "type": "GUNMOD",
    "name": { "str": "survivor's auxiliary flamethrower" },
    "description": "A miniature, custom-built flamethrower that can be attached to all sorts of weapons.  It can use a wide range of fuels and is relatively fuel-efficient.  It is less effective than a proper flamethrower however, and pressurizing the integral tank takes time.",
    "weight": "1820 g",
    "volume": "1 L",
    "price": "850 USD",
    "price_postapoc": "850 cent",
    "material": [ "steel" ],
    "dispersion_modifier": 10,
    "symbol": ":",
    "color": "light_red",
    "location": "underbarrel",
    "mod_target_category": [
      [ "SUBMACHINE_GUNS" ],
      [ "RIFLES" ],
      [ "MACHINE_GUNS" ],
      [ "GATLING_GUNS" ],
      [ "SHOTGUNS" ],
      [ "M_XBOWS" ],
      [ "GRENADE_LAUNCHERS" ],
      [ "ROCKET_LAUNCHERS" ],
      [ "FLAMETHROWERS" ]
    ],
    "gun_data": {
      "ammo": [ "diesel", "gasoline", "flammable", "lamp_oil", "motor_oil", "jp8", "avgas" ],
      "skill": "launcher",
      "ranged_damage": { "damage_type": "heat", "amount": -1 },
      "dispersion": 600,
      "range": 2,
      "durability": 7,
      "reload": 150,
      "clip_size": 250,
      "ammo_to_fire": 50
    },
    "min_skills": [ [ "weapon", 2 ], [ "launcher", 1 ] ],
    "install_time": "30 m",
    "flags": [ "STR_RELOAD", "PUMP_RAIL_COMPATIBLE", "NON_FOULING", "PYROMANIAC_WEAPON" ]
  },
  {
    "type": "GUNMOD",
    "//": "Stats are overall a hybrid of all the pistols you can use to craft it, with 10% higher dispersion (rounded up) and increased reload time.",
    "id": "22aux",
    "name": { "str": "survivor's auxiliary .22 pistol" },
    "location": "underbarrel",
    "weight": "1020 g",
    "volume": "500 ml",
    "color": "dark_gray",
    "handling_modifier": -2,
    "to_hit": -3,
    "price": "120 USD",
    "price_postapoc": "12 USD",
    "description": "A common .22 LR semi-automatic pistol, modified to attach to another firearm under the barrel at the expense of the base weapon's handling.  Its magazine well has been permanently, almost crudely altered to allow it to use various magazines from similar weapons, at the expense of accuracy and ease of reloading.",
    "symbol": ":",
    "material": [ "steel", "plastic" ],
    "mod_target_category": [
      [ "SUBMACHINE_GUNS" ],
      [ "RIFLES" ],
      [ "MACHINE_GUNS" ],
      [ "GATLING_GUNS" ],
      [ "SHOTGUNS" ],
      [ "M_XBOWS" ],
      [ "GRENADE_LAUNCHERS" ],
      [ "ROCKET_LAUNCHERS" ],
      [ "FLAMETHROWERS" ]
    ],
    "bashing": 9,
    "gun_data": {
      "skill": "pistol",
      "ammo": "22",
      "ranged_damage": { "damage_type": "bullet", "amount": -1 },
      "dispersion": 530,
      "min_cycle_recoil": 39,
      "durability": 6,
      "reload": 200
    },
    "min_skills": [ [ "weapon", 2 ], [ "pistol", 1 ] ],
    "install_time": "20 m",
    "magazine_well": "250 ml",
    "magazines": [ [ "22", [ "mosquitomag", "sw22mag", "wp22mag", "surv_22_mag" ] ] ]
  },
  {
    "type": "GUNMOD",
    "id": "9mmaux",
    "name": { "str": "survivor's auxiliary 9mm pistol" },
    "location": "underbarrel",
    "weight": "961 g",
    "volume": "528 ml",
    "color": "dark_gray",
    "handling_modifier": -2,
    "to_hit": -2,
    "price": "120 USD",
    "price_postapoc": "12 USD",
    "description": "A common 9x19mm semi-automatic pistol, modified to attach to another firearm under the barrel at the expense of the base weapon's handling.  Its magazine well has been permanently, almost crudely altered to allow it to use various magazines from similar weapons, at the expense of accuracy and ease of reloading, plus its purpose makes some high-capacity magazines unusable.",
    "symbol": ":",
    "material": [ "steel", "plastic" ],
    "mod_target_category": [
      [ "SUBMACHINE_GUNS" ],
      [ "RIFLES" ],
      [ "MACHINE_GUNS" ],
      [ "GATLING_GUNS" ],
      [ "SHOTGUNS" ],
      [ "M_XBOWS" ],
      [ "GRENADE_LAUNCHERS" ],
      [ "ROCKET_LAUNCHERS" ],
      [ "FLAMETHROWERS" ]
    ],
    "bashing": 8,
    "gun_data": {
      "skill": "pistol",
      "ammo": "9mm",
      "ranged_damage": { "damage_type": "bullet", "amount": -1 },
      "dispersion": 530,
      "min_cycle_recoil": 450,
      "durability": 5,
      "reload": 200
    },
    "min_skills": [ [ "weapon", 2 ], [ "pistol", 1 ] ],
    "install_time": "20 m",
    "magazine_well": "250 ml",
    "magazines": [ [ "9mm", [ "glockmag", "glock17_17", "glock17_22", "glockbigmag", "m9mag", "m9bigmag", "usp9mag", "surv_9mm_mag" ] ] ]
  },
  {
    "type": "GUNMOD",
    "id": "45aux",
    "name": { "str": "survivor's auxiliary .45 pistol" },
    "location": "underbarrel",
    "weight": "1120 g",
    "volume": "1607 ml",
    "color": "dark_gray",
    "handling_modifier": -2,
    "to_hit": -2,
    "price": "120 USD",
    "price_postapoc": "12 USD",
    "description": "A common .45 ACP semi-automatic pistol, modified to attach to another firearm under the barrel at the expense of the base weapon's handling.  Its magazine well has been permanently, almost crudely altered to allow it to use various magazines from similar weapons, at the expense of accuracy and ease of reloading.",
    "symbol": ":",
    "material": [ "steel", "plastic" ],
    "mod_target_category": [
      [ "SUBMACHINE_GUNS" ],
      [ "RIFLES" ],
      [ "MACHINE_GUNS" ],
      [ "GATLING_GUNS" ],
      [ "SHOTGUNS" ],
      [ "M_XBOWS" ],
      [ "GRENADE_LAUNCHERS" ],
      [ "ROCKET_LAUNCHERS" ],
      [ "FLAMETHROWERS" ]
    ],
    "bashing": 8,
    "gun_data": {
      "skill": "pistol",
      "ammo": "45",
      "ranged_damage": { "damage_type": "bullet", "amount": -1 },
      "dispersion": 530,
      "min_cycle_recoil": 540,
      "durability": 6,
      "reload": 200
    },
    "min_skills": [ [ "weapon", 2 ], [ "pistol", 1 ] ],
    "install_time": "20 m",
    "magazine_well": "250 ml",
    "magazines": [ [ "45", [ "m1911mag", "m1911bigmag", "usp45mag", "surv_45_mag" ] ] ]
  },
  {
    "type": "GUNMOD",
    "id": "surv_laser_sight",
    "name": { "str": "survivor's laser sight" },
    "location": "sights",
    "sight_dispersion": 20,
    "aim_speed": 7,
    "description": "A sight made for maximum target acquisition.  It is composed of a small makeshift red dot sight that emits a laser beam at what it targets.  The reticle in the sight allows proper aiming while the laser beam allows for quick target aim.",
    "weight": "150 g",
    "to_hit": -1,
    "color": "dark_gray",
    "symbol": ":",
    "material": [ "plastic", "steel" ],
    "mod_target_category": [
      [ "BOWS" ],
      [ "PISTOLS" ],
      [ "REVOLVERS" ],
      [ "SUBMACHINE_GUNS" ],
      [ "RIFLES" ],
      [ "MACHINE_GUNS" ],
      [ "GATLING_GUNS" ],
      [ "SHOTGUNS" ],
      [ "S_XBOWS" ],
      [ "M_XBOWS" ],
      [ "GRENADE_LAUNCHERS" ],
      [ "ROCKET_LAUNCHERS" ],
      [ "FLAMETHROWERS" ]
    ],
    "volume": "250 ml",
    "integral_volume": "125 ml",
    "price": "850 USD",
    "price_postapoc": "850 cent",
    "install_time": "30 m",
    "min_skills": [ [ "weapon", 2 ], [ "gun", 1 ] ],
    "flags": [ "DISABLE_SIGHTS" ]
  },
  {
    "type": "GUNMOD",
    "id": "lmg_handle",
    "name": { "str": "survivor's LMG recoil handle" },
    "location": "grip",
    "dispersion_modifier": -25,
    "handling_modifier": 10,
    "description": "A side-mounted handle designed for machine guns, to help in hip fire.  Makes aiming easier and greatly reduces recoil, but hinders the use of the weapon's sights and makes it slower to wield.",
    "weight": "120 g",
    "volume": "250 ml",
    "integral_volume": "0 ml",
    "to_hit": -1,
    "color": "dark_gray",
    "symbol": ":",
    "material": [ "plastic", "steel" ],
    "mod_target_category": [ [ "MACHINE_GUNS" ], [ "GATLING_GUNS" ] ],
    "install_time": "20 m",
    "min_skills": [ [ "weapon", 2 ], [ "gun", 1 ] ],
    "flags": [ "DISABLE_SIGHTS", "NEEDS_UNFOLD" ]
  },
  {
    "id": "hydrogen_convertor",
    "type": "GUNMOD",
    "name": { "str": "hydrogen density converter" },
    "description": "An ad-hoc conversion kit designed by Omnitech for experimental plasma weaponry.  Its purpose is to reconfigure the emitter to function with much lower compression rates, allowing it to use commercial-grade hydrogen instead of now-irreplaceable compressed hydrogen canisters.  This will give the weapon reduced power, range, and accuracy.",
    "weight": "380 g",
    "volume": "250 ml",
    "integral_volume": "0 ml",
    "price": "1000 USD",
    "price_postapoc": "5 USD",
    "material": [ "steel" ],
    "symbol": ":",
    "color": "light_gray",
    "location": "emitter",
    "mod_target_category": [ [ "ENERGY_WEAPONS", "PISTOLS" ], [ "ENERGY_WEAPONS", "RIFLES" ], [ "ENERGY_WEAPONS", "ROCKET_LAUNCHERS" ] ],
    "install_time": "30 m",
    "min_skills": [ [ "weapon", 3 ], [ "electronics", 2 ] ],
    "acceptable_ammo": [ "plasma" ],
    "ammo_modifier": [ "c_hydrogen" ]
  }
]
