[
  {
    "type": "mapgen",
    "method": "json",
    "om_terrain": [ "makeshift_command_center_1" ],
    "object": {
      "rows": [
        "------&&&&&&&&&&&&------",
        "|,,.,,,,.,,,,.,..,,,,,,|",
        "|,,,,,,..,,,,,,,,.,,,,.|",
        "|,,,,,,,,,,,,,..,,,,,,,|",
        "|,,,,,,.,,,,..,,,..,,,,|",
        "|,,..,,,,,,,,,,..,,,,..|",
        "|,,,,,,,,,..,,,.,,,,,,,|",
        "|,,..,,,,,,,,.,,,,,,,,.|",
        "|,,,,,,..,,,.,,,,,,,,..|",
        "|,,..,,,,,,,,,,,,,,,,,.|",
        "|.,,,,,,,.,,,,.,,,,,,,.|",
        "|,,,,,,,,,,,,,,,,.,,,,.|",
        "|,,.,,,,,,,,,,,,,,,,,,.|",
        "|,,..,,,,,,,,..,,,,,,,,|",
        "|,,,..,,,,..,,,,..,,,,.|",
        "|,,.,,,,,,,,,,,,,,.,,,,|",
        "|,,,,,,..,,,,.,,,,.,,,.|",
        "|,,..,,,,.,,,,..,,,,,,,|",
        "|,,..,,,,,,,,,,,,..,,,.|",
        "|.,,,,..,,,,,,,,,,,.,,,|",
        "|,,..,..,,,,.,..,,,,,,,|",
        "|,,,,,.,,,,.,,,,,,,,,,,|",
        "|,,..,,,,,,,,,,,,,,,,,,|",
        "|,,.,,,,.,,,,,,,,,,,,,,|"
      ],
      "terrain": { "|": "t_chainfence_v", "-": "t_chainfence_h", "&": "t_chaingate_c", ",": "t_grass", ".": "t_dirt" },
      "place_vehicles": [ { "vehicle": "command_center_rvs", "x": 11, "y": 12, "chance": 99, "fuel": 85, "status": -1, "rotation": 90 } ]
    }
  },
  {
    "type": "mapgen",
    "method": "json",
    "om_terrain": [ "makeshift_command_center_2" ],
    "object": {
      "rows": [
        "|,,.,,,,,######,.,,,,,,|",
        "|,,,,,,.##_>>_##,.,,,,.|",
        "|,,,,,,,#_u__u_#,,,,,,,|",
        "|,,,,,,.#6____6#,..,,,,|",
        "|,,..,,,#6____6#.,,,,..|",
        "|,,,,,,,#_u__u_#,,,,,,,|",
        "|,,..,,,##____##,,,,,,.|",
        "|,,,,,,.,#C++##.,,,,,..|",
        "|.,,,,.,,,,..,.,,,,.,,,|",
        "|,SS.,,,,,,,,,,,,,==,,,|",
        "|,SS,,,,.,.,,,,,,LLLL,.|",
        "|,,,,,,.,.,,.,,.,DfcL,,|",
        "|,,ddddd,,ddddd,,DflL,,|",
        "|.,ddddd,,ddddd,,LLLL,,|",
        "|,,,..,,,,..,,,,..,,,,.|",
        "------------------------",
        ",,,..,,,,,,,,,,,,,,,,,,.",
        ",,,,,,,,,,,,,.,,,,,,,,,,",
        ".,.,,,,,.,,,,,,,,,.,,,.,",
        ",,,,,,,.,.,,.,,.,,,,,,,,",
        ",,,,.,,,,,,.,,,,,,..,,,.",
        ",.,,,,,,,,,.,,,,,,,.,,,,",
        ",,,,,,.,,,,,.,.,,.,,,.,,",
        ".,,,,,,,,,,,,,,,,,,,,,,,"
      ],
      "terrain": {
        "|": "t_chainfence_v",
        "-": "t_chainfence_h",
        "&": "t_chaingate_c",
        ",": "t_grass",
        ".": "t_dirt",
        "=": "t_dirt",
        "#": "t_wall_metal",
        "+": "t_door_metal_c",
        "C": "t_card_reader_broken",
        "D": "t_door_c",
        "L": "t_wall_log",
        "P": "t_palisade",
        "S": "t_concrete",
        "c": "t_floor_primitive",
        "d": "t_dirtmound",
        "f": "t_floor_primitive",
        "l": "t_floor_primitive",
        "u": "t_utility_light",
        "6": "t_console_broken",
        "_": "t_metal_floor",
        ">": "t_stairs_down"
      },
      "furniture": {
        "=": "f_smoking_rack",
        "S": "f_solar_unit",
        "c": "f_counter",
        "l": "f_locker"
      },
      "place_items": [
        { "item": "farming_seeds", "x": 19, "y": 11, "chance": 75, "repeat": 8 },
        { "item": "farming_tools", "x": 19, "y": 12, "chance": 50, "repeat": 4 }
      ],
      "place_npcs": [
        { "class": "cmnd_guard_2", "x": 14, "y": 5 }
      ]
    }
  },
  {
    "type": "mapgen",
    "method": "json",
    "om_terrain": [ "makeshift_command_center_b" ],
    "object": {
      "rows": [
        "FFFFFFFFFF!!!!FFFFFFFFFF",
        "!!!!!!!!!!!<<!!!!!!!!!!!",
        "!Wbaaaa.f|K..|.....6T.Z!",
        "!........|>//|.ppp._..Z!",
        "!..&CC&..|K....ppp._..Z!",
        "!_.C##C..+............&!",
        "!_.C##C..|Z..ZZZZ&..ZZZ!",
        "!..&CC&..||++|||||++|||!",
        "!........|_.._|HH{..{mm!",
        "!........+....|.......{!",
        "!eD......|....|......mm!",
        "!|||++||||....+...__..{!",
        "!.......^|....|......mm!",
        "!..w.w...|....|.......{!",
        "!_.ww....+....|HH{..{mm!",
        "!_w..w...+....||||++|||!",
        "!.w.ww...|....|4......r!",
        "!..www...|....|4......R!",
        "!||||||+||....|.......l!",
        "!Bs|.t|.S|....+...__..l!",
        "!._|._|..+....|.......l!",
        "!+||+||..+....|.......m!",
        "!......._|_.._|.....O.v!",
        "!!!!!!!!!!!!!!!!!!!!!!!!"
      ],
      "terrain": {
        "!": "t_wall_metal",
        "#": "t_metal_floor",
        "&": "t_metal_floor",
        "+": "t_rdoor_c",
        "-": "t_metal_floor",
        ".": "t_metal_floor",
        "/": "t_door_metal_locked",
        "4": "t_metal_floor",
        "6": "t_metal_floor",
        "<": "t_stairs_up",
        ">": "t_wall",
        "A": "t_metal_floor",
        "B": "t_metal_floor",
        "C": "t_metal_floor",
        "D": "t_metal_floor",
        "F": "t_rock",
        "H": "t_metal_floor",
        "K": "t_gates_mech_control",
        "O": "t_metal_floor",
        "R": "t_radio_controls",
        "S": "t_metal_floor",
        "T": "t_metal_floor",
        "U": "t_metal_floor",
        "W": "t_metal_floor",
        "Z": "t_metal_floor",
        "^": "t_metal_floor",
        "_": "t_utility_light",
        "a": "t_metal_floor",
        "b": "t_water_pump",
        "c": "t_metal_floor",
        "d": "t_dirtmound",
        "e": "t_metal_floor",
        "f": "t_metal_floor",
        "g": "t_console",
        "h": "t_metal_floor",
        "l": "t_metal_floor",
        "m": "t_metal_floor",
        "p": "t_metal_floor",
        "r": "t_radio_tower",
        "s": "t_metal_floor",
        "t": "t_metal_floor",
        "v": "t_vat",
        "w": "t_metal_floor",
        "{": "t_metal_floor",
        "|": "t_wall_log"
      },
      "furniture": {
        "#": "f_table",
        "&": "f_trashcan",
        "4": "f_grid_plut_generator",
        "6": "f_arcade_machine",
        "=": "f_smoking_rack",
        "B": "f_bathtub",
        "C": "f_chair",
        "D": "f_dryer",
        "H": "f_sofa",
        "O": "f_standing_tank",
        "S": "f_sink",
        "T": "f_ball_mach",
        "W": "f_woodstove",
        "Z": "f_bench",
        "^": "f_battery",
        "a": "f_cupboard",
        "c": "f_counter",
        "e": "f_washer",
        "f": "f_fridge",
        "l": "f_locker",
        "m": "f_makeshift_bed",
        "p": "f_pool_table",
        "s": "f_shower",
        "t": "f_toilet",
        "w": "f_wreckage",
        "{": "f_dresser"
      },
      "place_toilets": [ { "x": 5, "y": 19 } ],
      "place_items": [
        { "item": "stash_food", "x": 8, "y": 2, "chance": 85, "repeat": 12 },
        { "item": "textbooks", "x": 17, "y": 14, "chance": 75, "repeat": 4 },
        { "item": "textbooks", "x": 17, "y": 8, "chance": 75, "repeat": 4 },
        { "item": "allclothes", "x": 22, "y": 13, "chance": 80, "repeat": 7 },
        { "item": "allclothes", "x": 22, "y": 11, "chance": 80, "repeat": 7 },
        { "item": "allclothes", "x": 22, "y": 9, "chance": 80, "repeat": 7 },
        { "item": "tools_common", "x": 20, "y": 8, "chance": 80, "repeat": 10 },
        { "item": "science", "x": 22, "y": [ 18, 20 ], "chance": 60, "repeat": 8 },
        { "item": "surgery", "x": 22, "y": [ 18, 20 ], "chance": 75, "repeat": 7 },
        { "item": "sketchy_cabin_weapons", "x": 20, "y": 14, "chance": 50, "repeat": 10 }
      ],
      "add": [
        { "item": "ulmap", "x": 22, "y": 20 },
        { "item": "recipe_surv", "x": 10, "y": 6 },
        { "item": "broken_manhack", "x": 1, "y": 12 },
        { "item": "broken_manhack", "x": 3, "y": 12 },
        { "item": "broken_manhack", "x": 1, "y": 13 },
        { "item": "broken_manhack", "x": 3, "y": 13 },
        { "item": "broken_manhack", "x": 5, "y": 13 },
        { "item": "broken_manhack", "x": 1, "y": 14 },
        { "item": "broken_manhack", "x": 4, "y": 14 },
        { "item": "broken_manhack", "x": 5, "y": 14 },
        { "item": "broken_manhack", "x": 2, "y": 15 },
        { "item": "broken_tankbot", "x": 3, "y": 15 },
        { "item": "broken_manhack", "x": 5, "y": 15 },
        { "item": "broken_manhack", "x": 2, "y": 16 },
        { "item": "broken_manhack", "x": 5, "y": 16 },
        { "item": "broken_manhack", "x": 1, "y": 17 },
        { "item": "broken_manhack", "x": 5, "y": 17 }
      ],
      "place_zones": [
        { "type": "NPC_NO_INVESTIGATE", "faction": "commandeers", "x": [ 0, 23 ], "y": [ 0, 23 ] },
        { "type": "NPC_NO_INVESTIGATE", "faction": "bio_weapons", "x": [ 0, 23 ], "y": [ 0, 23 ] }
      ],
      "place_npcs": [
        { "class": "main_bio_sci", "x": 20, "y": 22 },
        { "class": "bio_weapon_1", "x": 22, "y": 10 },
        { "class": "bio_weapon_2", "x": 22, "y": 14 },
        { "class": "cmnd_guard_1", "x": 15, "y": 6 }
      ],
      "place_vehicles": [ { "vehicle": "autoclave_cart", "x": 15, "y": 21, "chance": 99, "fuel": 85, "status": -1, "rotation": 90 } ]
    }
  }
]
