[
  {
    "type": "mapgen",
    "method": "json",
    "om_terrain": [ "surv_camp" ],
    "weight": 1000,
    "object": {
      "//": "Can make all the meat jerky you want!",
      "rows": [
        "........................",
        "........................",
        "........................",
        "........................",
        ".........000000.........",
        "........0pppppp0........",
        "........________........",
        "........________........",
        ".......__00__00__.......",
        "......._00p__p00_.......",
        "......._0p____p0_.......",
        "......._0p____p0_.......",
        "......._0p_^i_p0_.......",
        "......._0p____p0_.......",
        "......._00pppp00_.......",
        ".......__000000__.......",
        "........________........",
        "........................",
        "........................",
        "........................",
        "........................",
        "........................",
        "........................",
        "........................"
      ],
      "terrain": {
        ".": [ [ "t_region_groundcover_forest", 10 ], [ "t_region_shrub", 2 ], "t_region_tree", "t_swater_sh" ],
        "_": "t_region_groundcover_forest",
        "^": "t_pit_shallow",
        "0": "t_pit_spiked",
        "i": "t_improvised_shelter",
        "p": "t_pit"
      },
      "furniture": { "^": "f_firering" },
      "place_items": [
        {
          "item": "forest",
          "x": [ 1, 22 ],
          "y": [ 1, 22 ],
          "chance": 75,
          "repeat": [ 10 ],
          "//": "Drops to make it blend with the forest."
        }
      ],
      "place_npcs": [ { "class": "survn_special", "x": 10, "y": 10 } ]
    }
  }
]
