[
  {
    "type": "mapgen",
    "method": "json",
    "om_terrain": [ "Unknown_Lab_1" ],
    "weight": 1000,
    "object": {
      "rows": [
        "--------xxxxxxxx--------",
        "f   #   ........   #    ",
        "f #   7 ........  #     ",
        "f 7     ........    7 # ",
        "f   #   ........|II|    ",
        "f#    7 ........Id_+.   ",
        "f  7    ........I6c|. 7 ",
        "f7# #   ........|Iw|.#  ",
        "f  7#   ................",
        "f#     #................",
        "f7# #   ................",
        "f  7    ................",
        "f     # ................",
        "f 7#    ................",
        "f #  #  ................",
        "f7      ................",
        "f 7#   7  ....     7    ",
        "f         .... #       7",
        "f# # 7   #....7  #   #  ",
        "f      7  ....      #  #",
        "f# 7#     ....   ## 7   ",
        "f     # 7 .... 7     7  ",
        "f   7 7#  ....  #   7 7 ",
        "f  #      ....    7  #  "
      ],
      "terrain": {
        " ": [ "t_grass", "t_grass", "t_grass", "t_dirt" ],
        "#": [ "t_shrub", "t_underbrush", "t_grass" ],
        "|": "t_concrete_wall",
        "+": "t_door_c",
        "-": "t_chainfence_h",
        ".": "t_dirt",
        "6": "t_console_broken",
        "7": [ "t_tree", "t_tree_dead", "t_tree_deadpine", "t_tree_hickory_dead", "t_tree_cottonwood", "t_tree_young", "t_grass" ],
        "I": "t_reinforced_glass",
        "_": "t_floor",
        "c": "t_floor",
        "d": "t_floor",
        "f": "t_chainfence_v",
        "w": "t_floor",
        "x": "t_chaingate_l"
      },
      "furniture": { "c": "f_chair", "d": "f_desk" },
      "place_loot": [
        { "item": "note_apophis", "x": 17, "y": 5 },
        { "item": "glass_shard", "x": 18, "y": 7, "repeat": [ 5, 10 ] },
        { "item": "wire", "x": 18, "y": 7, "chance": 20 },
        { "group": "map_extra_science", "x": 18, "y": 6, "chance": 75 }
      ],
      "place_fields": [
        { "field": "fd_blood", "x": 18, "y": 6 },
        { "field": "fd_blood", "x": 18, "y": 5 },
        { "field": "fd_blood", "x": 18, "y": 4 }
      ],
      "place_monster": [
        { "monster": "mon_turret_longrange", "x": 1, "y": 1 },
        { "monster": "mon_turret_longrange", "x": 7, "y": 3 },
        { "monster": "mon_turret_longrange", "x": 16, "y": 3 },
        { "monster": "mon_turret_medium", "x": 2, "y": 22 },
        { "monster": "mon_turret_medium", "x": 22, "y": 2 },
        { "monster": "mon_zombie_bio_infantry_shotgun", "x": 18, "y": 5 },
        { "monster": "mon_zombie_bio_knight_lmg", "x": 12, "y": 18 }
      ]
    }
  },
  {
    "type": "mapgen",
    "method": "json",
    "om_terrain": [ "Unknown_Lab_2" ],
    "weight": 1000,
    "object": {
      "rows": [
        "------------------------",
        "    #7    7 7  #7  #   f",
        "   7   7   #     #   7 f",
        "# _____e_____e_____#  #f",
        " 7_____e_____e_____ 7  f",
        "# _____e_____e_____  # f",
        "  _____e_____e_____ #  f",
        "7 _____e_____e_____ # 7f",
        ".._____e_____e_____    f",
        ".._________________7  #f",
        ".._________________  7 f",
        ".._________________ # 7f",
        ".._________________    f",
        ".._________________# 7#f",
        ".._________________ # 7f",
        ".._____e_____e_____  7 f",
        " #_____e_____e_____7  #f",
        "  _____e_____e_____ #  f",
        "# _____e_____e_____  # f",
        " 7_____e_____e_____ #  f",
        " #_____e_____e_____ 7  f",
        "7  #    7     7      # f",
        "      7#  # 7   # #    f",
        "7   7   7  #  # 7  #  #f"
      ],
      "terrain": {
        " ": [ "t_grass", "t_grass", "t_grass", "t_dirt" ],
        "#": [ "t_shrub", "t_underbrush", "t_grass" ],
        "-": "t_chainfence_h",
        ".": "t_dirt",
        "7": [ "t_tree", "t_tree_dead", "t_tree_deadpine", "t_tree_hickory_dead", "t_tree_cottonwood", "t_tree_young", "t_grass" ],
        "_": "t_pavement",
        "e": "t_pavement_y",
        "f": "t_chainfence_v"
      },
      "place_loot": [ { "group": "map_extra_science", "x": 14, "y": 8, "chance": 75 } ],
      "place_fields": [
        { "field": "fd_blood", "x": 14, "y": 8 },
        { "field": "fd_blood", "x": 14, "y": 7 },
        { "field": "fd_blood", "x": 14, "y": 6 }
      ],
      "place_monster": [
        { "monster": "mon_turret_longrange", "x": 22, "y": 1 },
        { "monster": "mon_turret_medium", "x": 1, "y": 2 },
        { "monster": "mon_turret_medium", "x": 21, "y": 22 },
        { "monster": "mon_zombie_bio_knight_lauhcher", "x": 2, "y": 22 }
      ],
      "place_vehicles": [
        { "vehicle": "aapc-gl", "x": 6, "y": 11, "chance": 100, "fuel": 10, "status": 1 },
        { "vehicle": "suv_electric", "x": 12, "y": 8, "chance": 100, "status": 1, "rotation": 60 }
      ]
    }
  },
  {
    "type": "mapgen",
    "method": "json",
    "om_terrain": [ "Unknown_Lab_3" ],
    "weight": 1000,
    "object": {
      "rows": [
        "f # 7 7   ....    7  # #",
        "f   #  #  .... #7  #    ",
        "f# ..................7  ",
        "f ....................  ",
        "f7..||||W|||||||||||.. #",
        "f#..|t_=_|T_______C|..  ",
        "f ..||||_|__cccc__CW.. #",
        "f7..|t_+_|_ceeeec_oW..7 ",
        "f ..||||_|_ceeeec_sW..  ",
        "f#..|t_+_|________F|..# ",
        "f7..||||+|||||+|||||....",
        "f ..Ws___+_________D....",
        "f ..Ws___+_________D....",
        "f#..||||+|||||+|||||....",
        "f ..|S_+_|bdb___bdb|..7 ",
        "f7..||||_|b_b___b_bW.. 7",
        "f ..|S_+_|_________W..# ",
        "f ..||||_|b_b___b_bW..  ",
        "f#..|S_+_|bdbBBBbdb|.. 7",
        "f7..||||W|||||||||||..  ",
        "f#....................# ",
        "f 7..................#  ",
        "f # 7 7#  # 7   # 7    #",
        "------------------------"
      ],
      "terrain": {
        " ": [ "t_grass", "t_grass", "t_grass", "t_dirt" ],
        "#": [ "t_shrub" ],
        "+": "t_door_c",
        "=": "t_door_o",
        "-": "t_chainfence_h",
        ".": "t_dirt",
        "7": [ "t_tree", "t_tree_dead", "t_tree_deadpine", "t_tree_hickory_dead", "t_tree_cottonwood", "t_tree_young", "t_grass" ],
        "B": "t_floor",
        "C": "t_floor",
        "D": "t_reinforced_door_glass_c",
        "F": "t_floor",
        "S": "t_floor",
        "T": "t_floor",
        "W": "t_reinforced_glass_shutter_open",
        "_": "t_floor",
        "b": "t_floor",
        "c": "t_floor",
        "d": "t_floor",
        "e": "t_floor",
        "f": "t_chainfence_v",
        "o": "t_floor",
        "s": "t_floor",
        "t": "t_floor",
        "|": "t_brick_wall"
      },
      "furniture": {
        "B": "f_bookcase",
        "C": "f_counter",
        "F": "f_fridge",
        "S": "f_shower",
        "T": "f_trashcan",
        "b": "f_bed",
        "c": "f_chair",
        "d": "f_dresser",
        "e": "f_table",
        "o": "f_oven",
        "s": "f_sink",
        "t": "f_toilet"
      },
      "mapping": {
        "b": { "items": { "item": "bed", "chance": 75 } },
        "e": { "items": { "item": "kitchen", "chance": 50 } },
        "d": { "items": { "item": "dresser", "chance": 90 } }
      },
      "toilets": { "t": {  } },
      "place_loot": [
        { "group": "fridge", "x": 18, "y": 9, "chance": 80, "repeat": 5 },
        { "group": "homebooks", "x": [ 13, 15 ], "y": 18, "chance": 75, "repeat": 6 },
        { "group": "oven", "x": 18, "y": 7, "chance": 75, "repeat": 3 },
        { "group": "trash_cart", "x": 10, "y": 5, "chance": 50, "repeat": 4 },
        { "group": "map_extra_science", "x": 11, "y": 17, "chance": 75 },
        { "group": "map_extra_science", "x": 16, "y": 7, "chance": 75 },
        { "group": "map_extra_science", "x": 6, "y": 12, "chance": 75 },
        { "group": "map_extra_science", "x": 7, "y": 5, "chance": 75 },
        { "group": "map_extra_science", "x": 20, "y": 10, "chance": 75 }
      ],
      "place_fields": [
        { "field": "fd_blood", "x": 11, "y": 17 },
        { "field": "fd_blood", "x": 10, "y": 17 },
        { "field": "fd_blood", "x": 10, "y": 18 },
        { "field": "fd_blood", "x": 16, "y": 7 },
        { "field": "fd_blood", "x": 17, "y": 6 },
        { "field": "fd_blood", "x": 17, "y": 5 },
        { "field": "fd_blood", "x": 6, "y": 12 },
        { "field": "fd_blood", "x": 5, "y": 12 },
        { "field": "fd_blood", "x": 5, "y": 11 },
        { "field": "fd_blood", "x": 7, "y": 5 },
        { "field": "fd_blood", "x": 6, "y": 5 },
        { "field": "fd_blood", "x": 5, "y": 5 },
        { "field": "fd_blood", "x": 20, "y": 10 },
        { "field": "fd_blood", "x": 20, "y": 11 },
        { "field": "fd_blood", "x": 20, "y": 12 }
      ],
      "place_monster": [
        { "monster": "mon_turret_longrange", "x": 1, "y": 22 },
        { "monster": "mon_turret_medium", "x": 2, "y": 1 },
        { "monster": "mon_turret_medium", "x": 22, "y": 21 },
        { "monster": "mon_zombie_bio_scout_sniper", "x": 21, "y": 12 },
        { "monster": "mon_zombie_bio_infantry_rifle", "x": 14, "y": 16 },
        { "monster": "mon_zombie_bio_scout_sniper", "x": 13, "y": 5 }
      ]
    }
  },
  {
    "type": "mapgen",
    "method": "json",
    "om_terrain": [ "Unknown_Lab_4" ],
    "weight": 1000,
    "object": {
      "rows": [
        "#      7      #   7    f",
        "   7#     7 7  #7  #   f",
        " 7#   # 7 # # 7   #7 # f",
        "  7     7  7   7      #f",
        " 7  #        #      7  f",
        " #     7   #    #    # f",
        "   7                #  f",
        "7       ########    # 7f",
        "   #   ##||||||##      f",
        "     # #||m12m||# 7   #f",
        "........Cmmccmm|#    7 f",
        "........+mmmmm>|#   # 7f",
        "........+mmmmm>|#      f",
        "........|mccccm|#    7#f",
        "  #    #||6666||#  7# 7f",
        "    #  ##||||||##  # 7 f",
        "        ########      #f",
        "7 #  #                 f",
        " #         7      #  # f",
        " 7     7 #  # #     #  f",
        " # 7#            ## 7  f",
        "      #  7 7#  7     7 f",
        "  # # 7#  # 7   # 7 #  f",
        "------------------------"
      ],
      "terrain": {
        " ": [ "t_grass", "t_grass", "t_grass", "t_dirt" ],
        "#": [ "t_shrub", "t_underbrush", "t_grass" ],
        "+": "t_door_metal_c",
        "-": "t_chainfence_h",
        ".": "t_dirt",
        "6": "t_console_broken",
        "1": "t_radio_controls",
        "2": "t_radio_tower",
        "7": [ "t_tree", "t_tree_dead", "t_tree_deadpine", "t_tree_hickory_dead", "t_tree_cottonwood", "t_tree_young", "t_grass" ],
        ">": "t_stairs_down",
        "C": "t_card_reader_broken",
        "_": "t_grass",
        "c": "t_metal_floor",
        "f": "t_chainfence_v",
        "m": "t_metal_floor",
        "|": "t_wall_metal"
      },
      "furniture": { "c": "f_chair" },
      "place_loot": [ { "group": "map_extra_science", "x": 10, "y": 13, "chance": 75 } ],
      "place_fields": [
        { "field": "fd_blood", "x": 10, "y": 13 },
        { "field": "fd_blood", "x": 11, "y": 14 },
        { "field": "fd_blood", "x": 12, "y": 14 }
      ],
      "place_monster": [
        { "monster": "mon_turret_longrange", "x": 22, "y": 22 },
        { "monster": "mon_turret_medium", "x": 1, "y": 21 },
        { "monster": "mon_turret_medium", "x": 21, "y": 1 },
        { "monster": "mon_laserturret", "x": 7, "y": 7 },
        { "monster": "mon_laserturret", "x": 7, "y": 16 },
        { "monster": "mon_zombie_bio_tool_pistol", "x": 13, "y": 12 }
      ]
    }
  },
  {
    "type": "mapgen",
    "method": "json",
    "om_terrain": [ "Unknown_Lab_b1" ],
    "weight": 1000,
    "object": {
      "fill_ter": "t_rock",
      "rows": [
        "                        ",
        "                        ",
        "                        ",
        "                        ",
        "                        ",
        "                        ",
        "                        ",
        "                        ",
        "                    ||||",
        "                    |{{{",
        "                    |...",
        "            |||||||||...",
        "   |||||||| |{{{_.%%|r..",
        "  ||PP66PP|||.....%%|r..",
        " ||....c...||.A^...r||R+",
        " |..........|.Uh...r||..",
        " |v.........+......$||..",
        " |v.........|.....&$||..",
        " |v.........||||+|||||R+",
        " |v.....................",
        " |v..212................",
        " |v..._.................",
        " |v..343................",
        " |v.........||IIIII||..|"
      ],
      "terrain": {
        "|": "t_wall_metal",
        "+": "t_door_metal_c",
        ".": "t_metal_floor",
        "_": "t_utility_light",
        "{": "t_metal_floor",
        "^": "t_metal_floor",
        "%": "t_machinery_heavy",
        "$": "t_machinery_electronic",
        "&": "t_metal_floor",
        "1": "t_switchgear_l",
        "2": "t_current_trans",
        "3": "t_switchgear_s",
        "4": "t_station_disc",
        "6": "t_console_broken",
        "A": "t_metal_floor",
        "I": "t_reinforced_glass",
        "P": "t_plut_generator",
        "R": "t_card_reader_broken",
        "U": "t_metal_floor",
        "c": "t_metal_floor",
        "h": "t_metal_floor",
        "r": "t_metal_floor",
        "v": "t_vat"
      },
      "furniture": {
        "{": "f_locker",
        "^": "f_forge",
        "&": "f_robotic_arm",
        "A": "f_anvil",
        "U": "f_kiln_metal_empty",
        "c": "f_chair",
        "h": "f_clay_kiln",
        "r": "f_rack"
      },
      "place_loot": [
        { "item": "UPS_off", "x": 13, "y": 12, "chance": 90 },
        { "item": "br_bolt_rifle_elec", "x": 13, "y": 12 },
        { "item": "large_repairkit", "x": 21, "y": 12 },
        { "item": "flesh_weapon_kit", "x": 21, "y": 13 },
        { "group": "electronics", "x": [ 14, 15 ], "y": 12, "chance": 50, "repeat": 10 },
        { "group": "tools_mechanic", "x": 19, "y": [ 14, 15 ], "chance": 50, "repeat": 5 },
        { "group": "ammo_milspec", "x": [ 21, 22 ], "y": 9, "chance": 50, "repeat": 6 },
        { "group": "mags_milspec", "x": 23, "y": 9, "chance": 25, "repeat": 3 },
        { "group": "map_extra_science", "x": 8, "y": 22, "chance": 75 }
      ],
      "place_fields": [
        { "field": "fd_blood", "x": 8, "y": 22 },
        { "field": "fd_blood", "x": 8, "y": 21 },
        { "field": "fd_blood", "x": 8, "y": 20 },
        { "field": "fd_blood", "x": 14, "y": 23 },
        { "field": "fd_blood", "x": 15, "y": 23 },
        { "field": "fd_blood", "x": 16, "y": 23 }
      ],
      "place_monster": [
        { "monster": "mon_failed_weapon", "x": 16, "y": 13 },
        { "monster": "mon_failed_weapon", "x": 23, "y": 16 },
        { "monster": "mon_failed_weapon", "x": 6, "y": 15 },
        { "monster": "mon_failed_weapon", "x": 12, "y": 21 },
        { "monster": "mon_failed_weapon", "x": 22, "y": 23 }
      ],
      "place_vehicles": [ { "vehicle": "autoclave_cart", "x": 13, "y": 17, "chance": 99, "fuel": 25, "status": 25, "rotation": 0 } ]
    }
  },
  {
    "type": "mapgen",
    "method": "json",
    "om_terrain": [ "Unknown_Lab_b2" ],
    "weight": 1000,
    "object": {
      "fill_ter": "t_rock",
      "rows": [
        "                        ",
        "  ||||||||||||||||||||| ",
        "  ||||||||||||||||||||| ",
        " |||_..ji.._.....+..{|| ",
        " ||6...CC........+..{|| ",
        " ||6c.......||++||..{|| ",
        " ||6........||..R|..{|| ",
        " |||WWWWWWWW||..||r.{|| ",
        "||||WWWWWWWW||++||||||| ",
        "{{|.............|       ",
        "..|.............|       ",
        "..|..vv..vv..|++||||    ",
        ".r|..vv..vv..|....r|    ",
        ".r|..........|....r|    ",
        "|||..........|g...r|    ",
        ".||...d..d...|CC..F|    ",
        ".||..c6..6c..|O...F|    ",
        ".||..........|....F|    ",
        "|||..........|....F|    ",
        "..|..d...d...|++||||    ",
        "..+..c6..6c..+..|       ",
        "..+..........+..|       ",
        "..|....__....||||       ",
        "||||||||||||||          "
      ],
      "terrain": {
        "|": "t_wall_metal",
        "+": "t_door_metal_c",
        ".": "t_metal_floor",
        "_": "t_utility_light",
        "{": "t_metal_floor",
        "6": "t_console_broken",
        "C": "t_metal_floor",
        "F": "t_metal_floor",
        "O": "t_metal_floor",
        "R": "t_card_reader_broken",
        "W": "t_window_bars",
        "c": "t_metal_floor",
        "d": "t_metal_floor",
        "g": "t_metal_floor",
        "i": "t_metal_floor",
        "j": "t_metal_floor",
        "r": "t_metal_floor",
        "v": "t_vat"
      },
      "furniture": {
        "{": "f_locker",
        "C": "f_counter",
        "F": "f_fridge",
        "O": "f_fvat_empty",
        "c": "f_chair",
        "d": "f_desk",
        "g": "f_still",
        "i": "f_autodoc",
        "j": "f_autodoc_couch",
        "r": "f_rack"
      },
      "place_loot": [
        { "item": "flesh_pistol", "x": 1, "y": 12 },
        { "item": "evil_invitation", "x": 1, "y": 12 },
        { "item": "omnitech_weapon_ups_kit", "x": 1, "y": 13 },
        { "item": "omnitech_weapon_ups_manual", "x": 1, "y": 13 },
        { "item": "blood_m", "x": 14, "y": 15 },
        { "item": "blood_p", "x": 15, "y": 15 },
        { "item": "acs_74_stealth_cloak", "x": 18, "y": 7 },
        { "item": "megamap", "x": 18, "y": 7 },
        { "group": "guns_milspec", "x": [ 0, 1 ], "y": 9, "chance": 50, "repeat": 3 },
        { "group": "chem_lab", "x": 18, "y": [ 12, 14 ], "chance": 75, "repeat": 9 },
        { "group": "mut_lab", "x": 18, "y": [ 15, 18 ], "chance": 50, "repeat": 12 },
        { "group": "bionics_mil", "x": 20, "y": [ 3, 7 ], "chance": 75, "repeat": 4 },
        { "group": "bionics_sci", "x": 20, "y": [ 3, 7 ], "chance": 75, "repeat": 4 },
        { "group": "bionic_power_storage_mil", "x": 20, "y": [ 3, 7 ], "chance": 75, "repeat": 2 },
        { "item": "cbm_rtg_inductor", "x": 20, "y": [ 3, 7 ] },
        { "item": "anesthetic_kit", "x": [ 7, 8 ], "y": 4, "chance": 75, "repeat": 2 },
        { "group": "remains_soldier", "x": 8, "y": 11, "chance": 95 },
        { "group": "remains_soldier", "x": 12, "y": 9, "chance": 95 },
        { "group": "remains_soldier", "x": 4, "y": 12, "chance": 95 },
        { "group": "remains_soldier", "x": 7, "y": 17, "chance": 95 },
        { "group": "remains_soldier", "x": 12, "y": 22, "chance": 95 }
      ],
      "place_fields": [
        { "field": "fd_blood", "x": 8, "y": 11 },
        { "field": "fd_blood", "x": 8, "y": 12 },
        { "field": "fd_blood", "x": 8, "y": 13 },
        { "field": "fd_blood", "x": 12, "y": 9 },
        { "field": "fd_blood", "x": 13, "y": 10 },
        { "field": "fd_blood", "x": 13, "y": 11 },
        { "field": "fd_blood", "x": 4, "y": 12 },
        { "field": "fd_blood", "x": 3, "y": 13 },
        { "field": "fd_blood", "x": 3, "y": 14 },
        { "field": "fd_blood", "x": 7, "y": 17 },
        { "field": "fd_blood", "x": 7, "y": 18 },
        { "field": "fd_blood", "x": 7, "y": 19 },
        { "field": "fd_blood", "x": 12, "y": 22 },
        { "field": "fd_blood", "x": 11, "y": 23 },
        { "field": "fd_blood", "x": 12, "y": 23 },
        { "field": "fd_blood", "x": 13, "y": 23 }
      ],
      "place_vehicles": [ { "vehicle": "chem_cart", "x": 16, "y": 12, "chance": 99, "fuel": 25, "status": 25, "rotation": 0 } ],
      "place_monster": [
        { "monster": "mon_failed_weapon", "x": 1, "y": 22 },
        { "monster": "mon_failed_weapon", "x": 15, "y": 21 },
        { "monster": "mon_failed_weapon", "x": 4, "y": 18 },
        { "monster": "mon_failed_weapon", "x": 13, "y": 22 },
        { "monster": "hulk_weapon", "x": 4, "y": 3 }
      ]
    }
  },
  {
    "type": "mapgen",
    "method": "json",
    "om_terrain": [ "Unknown_Lab_b3" ],
    "weight": 1000,
    "object": {
      "fill_ter": "t_rock",
      "rows": [
        " |v.........|f......+..|",
        " |v.........|.......+..|",
        " |v.........|...v..c||||",
        " |v.........+..Cj...|rr|",
        " |v.........+..Ci6..+..|",
        " |v.........|.......+..|",
        " |v.........|.......|..|",
        " |v.c.......|rrrro{{|..+",
        " |P666P||++||||||||||..+",
        " |||||||....|||S__S||rr|",
        "  |_.ss|....||......||||",
        "  |....|....+........+..",
        "  |....+....+........+..",
        "  |t..T|....||......||II",
        "  ||||||....|||bbbb||...",
        "  |_.ss|....|||||||||...",
        "  |....|............|...",
        "  |....+............+..c",
        "  |t..T|............+..c",
        "  ||||||............|...",
        "       ||||||||||||||V..",
        "                    |V..",
        "                    ||||",
        "                        "
      ],
      "terrain": {
        "|": "t_wall_metal",
        "+": "t_door_metal_c",
        ".": "t_metal_floor",
        "_": "t_utility_light",
        "{": "t_metal_floor",
        "6": "t_console_broken",
        "C": "t_metal_floor",
        "I": "t_reinforced_glass",
        "P": "t_plut_generator",
        "S": "t_metal_floor",
        "T": "t_metal_floor",
        "V": "t_metal_floor",
        "b": "t_metal_floor",
        "c": "t_metal_floor",
        "f": "t_metal_floor",
        "i": "t_metal_floor",
        "j": "t_metal_floor",
        "o": "t_metal_floor",
        "r": "t_metal_floor",
        "s": "t_metal_floor",
        "t": "t_metal_floor",
        "v": "t_vat"
      },
      "furniture": {
        "{": "f_locker",
        "C": "f_counter",
        "S": "f_statue",
        "T": "f_trashcan",
        "V": "f_vending_o",
        "b": "f_bench",
        "c": "f_chair",
        "f": "f_centrifuge",
        "i": "f_autodoc",
        "j": "f_autodoc_couch",
        "o": "f_oven",
        "r": "f_rack",
        "s": "f_sink",
        "t": "f_toilet"
      },
      "toilets": { "t": {  } },
      "place_loot": [
        { "item": "flesh_knife", "x": 15, "y": [ 3, 4 ] },
        { "item": "subsuit_xl", "x": [ 18, 19 ], "y": 7, "chance": 50, "repeat": 6 },
        { "group": "surgery", "x": [ 13, 16 ], "y": 7, "chance": 50, "repeat": 8 },
        { "group": "oven", "x": 17, "y": 7, "chance": 50, "repeat": 3 },
        { "group": "tools_home", "x": [ 21, 22 ], "y": 3, "chance": 75, "repeat": 5 },
        { "group": "cleaning", "x": [ 21, 22 ], "y": 9, "chance": 75, "repeat": 5 },
        { "group": "trash_cart", "x": 6, "y": 13, "chance": 25, "repeat": 3 },
        { "group": "trash_cart", "x": 6, "y": 18, "chance": 25, "repeat": 3 },
        { "group": "vending_food_items", "x": 21, "y": 20, "chance": 50, "repeat": 10 },
        { "group": "vending_drink_items", "x": 21, "y": 21, "chance": 50, "repeat": 10 },
        { "group": "map_extra_science", "x": 15, "y": 0, "chance": 75 },
        { "group": "map_extra_science", "x": 5, "y": 6, "chance": 75 },
        { "group": "map_extra_science", "x": 19, "y": 11, "chance": 75 }
      ],
      "place_fields": [
        { "field": "fd_blood", "x": 15, "y": 0 },
        { "field": "fd_blood", "x": 5, "y": 6 },
        { "field": "fd_blood", "x": 4, "y": 5 },
        { "field": "fd_blood", "x": 3, "y": 5 },
        { "field": "fd_blood", "x": 19, "y": 11 },
        { "field": "fd_blood", "x": 18, "y": 11 },
        { "field": "fd_blood", "x": 17, "y": 11 }
      ],
      "place_monster": [
        { "monster": "mon_failed_weapon", "x": 4, "y": 5 },
        { "monster": "mon_failed_weapon", "x": 3, "y": 17 },
        { "monster": "mon_failed_weapon", "x": 9, "y": 10 },
        { "monster": "mon_failed_weapon", "x": 15, "y": 12 },
        { "monster": "mon_failed_weapon", "x": 13, "y": 19 }
      ]
    }
  },
  {
    "type": "mapgen",
    "method": "json",
    "om_terrain": [ "Unknown_Lab_b4" ],
    "weight": 1000,
    "object": {
      "fill_ter": "t_rock",
      "rows": [
        "                        ",
        "                        ",
        "|||||||||||             ",
        "D...rr{{{{|             ",
        "E.........||            ",
        "6c...212..P|            ",
        "......_...P|            ",
        ".....343..P|            ",
        "..........||            ",
        "..........||||||        ",
        "||||++|||||....|        ",
        "..........+...<|        ",
        "..........+...<|        ",
        "IIIIIIII|||....|        ",
        ".........||IwII||       ",
        ".........|.dd6.{|       ",
        "cccccc...+..c..{|       ",
        "eeeeeec..R.....{|       ",
        "eeeeeec..||||||||       ",
        "cccccc...|              ",
        ".........|              ",
        ".TCCCsoFF|              ",
        "||||||||||              ",
        "                        "
      ],
      "terrain": {
        "|": "t_wall_metal",
        "+": "t_door_metal_c",
        ".": "t_metal_floor",
        "_": "t_utility_light",
        "{": "t_metal_floor",
        "<": "t_stairs_up",
        "1": "t_switchgear_l",
        "2": "t_current_trans",
        "3": "t_switchgear_s",
        "4": "t_station_disc",
        "6": "t_console_broken",
        "C": "t_metal_floor",
        "D": "t_cvdbody",
        "E": "t_cvdmachine",
        "F": "t_metal_floor",
        "I": "t_reinforced_glass",
        "P": "t_plut_generator",
        "R": "t_card_reader_broken",
        "T": "t_metal_floor",
        "c": "t_metal_floor",
        "d": "t_metal_floor",
        "e": "t_metal_floor",
        "o": "t_metal_floor",
        "r": "t_metal_floor",
        "s": "t_metal_floor",
        "w": "t_floor"
      },
      "furniture": {
        "{": "f_locker",
        "C": "f_counter",
        "F": "f_fridge",
        "T": "f_trashcan",
        "c": "f_chair",
        "d": "f_desk",
        "e": "f_table",
        "o": "f_oven",
        "r": "f_rack",
        "s": "f_sink"
      },
      "place_loot": [
        { "item": "note_apophis", "x": 11, "y": 15 },
        { "item": "glass_shard", "x": 12, "y": 14, "repeat": [ 5, 10 ] },
        { "item": "wire", "x": 12, "y": 21, "chance": 20 },
        { "item": "microwave", "x": 3, "y": 21, "chance": 90 },
        { "item": "plasma", "x": 4, "y": 3, "chance": 50, "repeat": 2 },
        { "item": "charcoal", "x": 5, "y": 3, "chance": 50, "repeat": 2 },
        { "group": "power_tools", "x": [ 6, 7 ], "y": 3, "chance": 75, "repeat": 4 },
        { "group": "science", "x": [ 8, 9 ], "y": 3, "chance": 50, "repeat": 8 },
        { "group": "oven", "x": 6, "y": 21, "chance": 50, "repeat": 3 },
        { "group": "trash_cart", "x": 1, "y": 21, "chance": 50, "repeat": 4 },
        { "group": "fridge", "x": [ 7, 8 ], "y": 21, "chance": 50, "repeat": 8 },
        { "group": "cop_armory", "x": 15, "y": [ 15, 17 ], "chance": 50, "repeat": 6 },
        { "group": "map_extra_science", "x": 12, "y": 16, "chance": 75 }
      ],
      "place_fields": [
        { "field": "fd_blood", "x": 12, "y": 16 },
        { "field": "fd_blood", "x": 12, "y": 17 },
        { "field": "fd_blood", "x": 12, "y": 18 }
      ],
      "place_vehicles": [ { "vehicle": "welding_cart", "x": 9, "y": 9, "chance": 99, "fuel": 25, "status": 25, "rotation": 0 } ],
      "place_monster": [
        { "monster": "mon_failed_weapon", "x": 3, "y": 6 },
        { "monster": "mon_failed_weapon", "x": 6, "y": 11 },
        { "monster": "mon_failed_weapon", "x": 1, "y": 15 },
        { "monster": "mon_failed_weapon", "x": 7, "y": 20 }
      ]
    }
  }
]
