[
  {
    "id": "laser_sniper",
    "type": "MIGRATION",
    "replace": "laser_rifle"
  },
  {
    "id": "bolt_rifle_elec",
    "type": "MIGRATION",
    "replace": "emp_gun"
  },
  {
    "id": "neo_33_manual",
    "type": "MIGRATION",
    "replace": "mag_pistol"
  },
  {
    "id": "akro_388_manual",
    "type": "MIGRATION",
    "replace": "mag_smg"
  },
  {
    "id": "arc_314_manual",
    "type": "MIGRATION",
    "replace": "mag_rifle"
  },
  {
    "id": "krx_108_manual",
    "type": "MIGRATION",
    "replace": "mag_rifle"
  },
  {
    "id": "mx_84_manual",
    "type": "MIGRATION",
    "replace": "mag_rifle"
  },
  {
    "id": "xarm_37_manual",
    "type": "MIGRATION",
    "replace": "mag_shotgun"
  },
  {
    "id": "neo_laser_pistol_plut",
    "type": "MIGRATION",
    "replace": "v29"
  },
  {
    "id": "akro_laser_smg_plut",
    "type": "MIGRATION",
    "replace": "laser_rifle"
  },
  {
    "id": "arc_laser_rifle_plut",
    "type": "MIGRATION",
    "replace": "laser_rifle"
  },
  {
    "id": "krx_laser_lmg_plut",
    "type": "MIGRATION",
    "replace": "laser_rifle"
  },
  {
    "id": "mx_laser_sniper_plut",
    "type": "MIGRATION",
    "replace": "laser_rifle"
  },
  {
    "id": "xarm_laser_shotgun_plut",
    "type": "MIGRATION",
    "replace": "laser_rifle"
  },
  {
    "id": "omnitech_plut_core",
    "type": "MIGRATION",
    "replace": "UPS_off"
  },
  {
    "id": "omnitech_ups_core",
    "type": "MIGRATION",
    "replace": "UPS_off"
  },
  {
    "id": "molded_saw",
    "type": "MIGRATION",
    "replace": "hacksaw"
  },
  {
    "id": "mon_zombie_bio_infantry",
    "copy-from": "mon_zombie_bio_infantry_rifle",
    "type": "MONSTER",
    "name": "zombie super soldier"
  },
  {
    "id": "mon_zombie_bio_knight",
    "copy-from": "mon_zombie_bio_knight_lmg",
    "type": "MONSTER",
    "name": "zombie super jauggernaut"
  },
  {
    "id": "mon_zombie_bio_scout",
    "copy-from": "mon_zombie_bio_scout_sniper",
    "type": "MONSTER",
    "name": "zombie super scout"
  },
  {
    "id": "mon_zombie_bio_tool",
    "copy-from": "mon_zombie_bio_tool_pistol",
    "type": "MONSTER",
    "name": "zombie super B.A.M.R.U"
  },
  {
    "id": "stealth_cloak_f",
    "copy-from": "acs_74_stealth_cloak_on",
    "type": "ITEM",
    "subtypes": [ "ARMOR" ],
    "name": "obsolete stealth cloak"
  },
  {
    "id": "stealth_cloak",
    "copy-from": "acs_74_stealth_cloak_on",
    "type": "ITEM",
    "subtypes": [ "ARMOR" ],
    "name": "obsolete stealth cloak (on)"
  },
  {
    "id": "flesh_blade_on",
    "copy-from": "flesh_blade",
    "type": "ITEM",
    "subtypes": [ "ARMOR" ],
    "name": "obsolete biological sword"
  },
  {
    "id": "mold_metal",
    "type": "ITEM",
    "subtypes": [ "TOOL" ],
    "color": "light_gray",
    "symbol": ";",
    "name": "metal mold",
    "description": "This is a makeshift mold made from plastic.  It could be shaped and used to craft items made of metal.",
    "price": "10 USD",
    "material": "plastic",
    "weight": "4g",
    "volume": "15ml"
  },
  {
    "id": "encyclopedia_barter",
    "type": "ITEM",
    "subtypes": [ "BOOK" ],
    "looks_like": "textbook_chemistry",
    "name": { "str_sp": "Rebuilding Civilization: Barter" },
    "description": "The bartering volume of the Rebuilding Civilization encyclopedia.  This book contains everything from what supplies are worth more after the cataclysm to what economic system to use in your new society in fine detail.  This book is so technical, longwinded and dry that even bookworms and fast readers would find it hard to read.  Literally any other book on the subject would be a more efficient way to learn but if the books you have are missing specific information then this is a good substitute until you find something better.",
    "weight": "1800 g",
    "volume": "2000 ml",
    "price": "100 USD",
    "price_postapoc": "10 USD",
    "melee_damage": { "bash": 4 },
    "material": [ "paper" ],
    "symbol": "?",
    "color": "blue",
    "read_skill": "speech",
    "required_level": 0,
    "max_level": 10,
    "intelligence": 12,
    "time": "180 m",
    "read_fun": -5
  },
  {
    "id": "c_mutagen_super_soldier",
    "type": "vitamin",
    "vit_type": "counter",
    "name": { "str": "Nano-mutagenic Serum" },
    "excess": "c_mutagen_super_soldier",
    "min": 0,
    "max": 2500,
    "rate": "1 h",
    "disease_excess": [ [ 100, 500 ], [ 501, 2199 ], [ 2200, 2500 ] ]
  },
  {
    "type": "effect_type",
    "id": "c_mutagen_super_soldier",
    "name": [ "Light Nano-mutagenic Exposure", "Nano-mutagenic Exposure", "Heavy Nano-mutagenic Exposure" ],
    "desc": [
      "You've exposed yourself to a targeted mutagenic treatment, capable of heavily altering your body.",
      "You've treated yourself with a potent targeted mutagenic treatment, steadily rewriting your DNA.",
      "You've been exposed to an intensive dose of targeted mutagenic treatment, to turn yourself into something more than human."
    ],
    "max_intensity": 3,
    "rating": "good"
  },
  {
    "id": "autoclave_makeshift",
    "type": "MIGRATION",
    "replace": "autoclave"
  },
  {
    "type": "recipe",
    "result": "autoclave_makeshift",
    "obsolete": true
  },
  {
    "id": "encyclopedia_mechanics_advance",
    "type": "ITEM",
    "subtypes": [ "BOOK" ],
    "looks_like": "textbook_chemistry",
    "name": { "str_sp": "Rebuilding Civilization: Mechanics" },
    "description": "The mechanics volume of the Rebuilding Civilization encyclopedia.  This book contains everything from simple machines to the inner workings of submarine engines in extremly fine detail no practical exam.  This book is so technical, longwinded and dry that even bookworms and fast readers would find it hard to read.  Literally any other book on the subject would be a more efficient way to learn but if the books you have are missing specific information then this is a good substitute until you find something better.",
    "weight": "1800 g",
    "volume": "2000 ml",
    "price": "100 USD",
    "price_postapoc": "10 USD",
    "melee_damage": { "bash": 4 },
    "material": [ "paper" ],
    "symbol": "?",
    "color": "blue",
    "read_skill": "mechanics",
    "required_level": 0,
    "max_level": 10,
    "intelligence": 12,
    "time": "180 m",
    "read_fun": -5
  },
  {
    "id": "encyclopedia_fabrication_advance",
    "type": "ITEM",
    "subtypes": [ "BOOK" ],
    "looks_like": "textbook_chemistry",
    "name": { "str_sp": "Rebuilding Civilization: Fabrication" },
    "description": "The fabrication volume of the Rebuilding Civilization encyclopedia.  This book contains everything from creating how to create simple stone tools to the creation of the pyramids of Egypt in fine detail.  This book is so technical, longwinded and dry that even bookworms and fast readers would find it hard to read.  Literally any other book on the subject would be a more efficient way to learn but if the books you have are missing specific information then this is a good substitute until you find something better.",
    "weight": "1800 g",
    "volume": "2000 ml",
    "price": "100 USD",
    "price_postapoc": "10 USD",
    "melee_damage": { "bash": 4 },
    "material": [ "paper" ],
    "symbol": "?",
    "color": "blue",
    "read_skill": "fabrication",
    "required_level": 0,
    "max_level": 10,
    "intelligence": 12,
    "time": "180 m",
    "read_fun": -5
  },
  {
    "id": "encyclopedia_archery_advance",
    "type": "ITEM",
    "subtypes": [ "BOOK" ],
    "looks_like": "textbook_chemistry",
    "name": { "str_sp": "Rebuilding Civilization: Archery" },
    "description": "The archery volume of the Rebuilding Civilization encyclopedia.  This book contains everything from correct positioning to the usage of advanced bows in fine detail.  This book is so technical, longwinded and dry that even bookworms and fast readers would find it hard to read.  Literally any other book on the subject would be a more efficient way to learn but if the books you have are missing specific information then this is a good substitute until you find something better.",
    "weight": "1800 g",
    "volume": "2000 ml",
    "price": "100 USD",
    "price_postapoc": "10 USD",
    "melee_damage": { "bash": 4 },
    "material": [ "paper" ],
    "symbol": "?",
    "color": "blue",
    "read_skill": "archery",
    "required_level": 0,
    "max_level": 10,
    "intelligence": 12,
    "time": "180 m",
    "read_fun": -5
  },
  {
    "id": "encyclopedia_barter_advance",
    "type": "ITEM",
    "subtypes": [ "BOOK" ],
    "looks_like": "textbook_chemistry",
    "name": { "str_sp": "Rebuilding Civilization: Barter" },
    "description": "The bartering volume of the Rebuilding Civilization encyclopedia.  This book contains everything from what supplies are worth more after the cataclysm to what economic system to use in your new society in fine detail.  This book is so technical, longwinded and dry that even bookworms and fast readers would find it hard to read.  Literally any other book on the subject would be a more efficient way to learn but if the books you have are missing specific information then this is a good substitute until you find something better.",
    "weight": "1800 g",
    "volume": "2000 ml",
    "price": "100 USD",
    "price_postapoc": "10 USD",
    "melee_damage": { "bash": 4 },
    "material": [ "paper" ],
    "symbol": "?",
    "color": "blue",
    "read_skill": "speech",
    "required_level": 0,
    "max_level": 10,
    "intelligence": 12,
    "time": "180 m",
    "read_fun": -5
  },
  {
    "id": "encyclopedia_bashing_advance",
    "type": "ITEM",
    "subtypes": [ "BOOK" ],
    "looks_like": "textbook_chemistry",
    "name": { "str_sp": "Rebuilding Civilization: Bashing Weapons" },
    "description": "The bashing weapons volume of the Rebuilding Civilization encyclopedia.  This book contains everything from self defense with a pipe to the proper swinging technique for a sledge hammer in fine detail.  This book is so technical, longwinded and dry that even bookworms and fast readers would find it hard to read.  Literally any other book on the subject would be a more efficient way to learn but if the books you have are missing specific information then this is a good substitute until you find something better.",
    "weight": "1800 g",
    "volume": "2000 ml",
    "price": "100 USD",
    "price_postapoc": "10 USD",
    "melee_damage": { "bash": 4 },
    "material": [ "paper" ],
    "symbol": "?",
    "color": "blue",
    "read_skill": "bashing",
    "required_level": 0,
    "max_level": 10,
    "intelligence": 12,
    "time": "180 m",
    "read_fun": -5
  },
  {
    "id": "encyclopedia_computer_advance",
    "type": "ITEM",
    "subtypes": [ "BOOK" ],
    "looks_like": "textbook_chemistry",
    "name": { "str_sp": "Rebuilding Civilization: Computers" },
    "description": "The computer volume of the Rebuilding Civilization encyclopedia.  This book contains everything from basic programing to cyber security algorithms in fine detail.  This book is so technical, longwinded and dry that even bookworms and fast readers would find it hard to read.  Literally any other book on the subject would be a more efficient way to learn but if the books you have are missing specific information then this is a good substitute until you find something better.",
    "weight": "1800 g",
    "volume": "2000 ml",
    "price": "100 USD",
    "price_postapoc": "10 USD",
    "melee_damage": { "bash": 4 },
    "material": [ "paper" ],
    "symbol": "?",
    "color": "blue",
    "read_skill": "computer",
    "required_level": 0,
    "max_level": 10,
    "intelligence": 12,
    "time": "180 m",
    "read_fun": -5
  },
  {
    "id": "encyclopedia_cooking_advance",
    "type": "ITEM",
    "subtypes": [ "BOOK" ],
    "looks_like": "textbook_chemistry",
    "name": { "str_sp": "Rebuilding Civilization: Cooking" },
    "description": "The cooking volume of the Rebuilding Civilization encyclopedia.  This book contains everything from cooking small game to basic chemistry in fine detail.  This book is so technical, longwinded and dry that even bookworms and fast readers would find it hard to read.  Literally any other book on the subject would be a more efficient way to learn but if the books you have are missing specific information then this is a good substitute until you find something better.",
    "weight": "1800 g",
    "volume": "2000 ml",
    "price": "100 USD",
    "price_postapoc": "10 USD",
    "melee_damage": { "bash": 4 },
    "material": [ "paper" ],
    "symbol": "?",
    "color": "blue",
    "read_skill": "cooking",
    "required_level": 0,
    "max_level": 10,
    "intelligence": 12,
    "time": "180 m",
    "read_fun": -5
  },
  {
    "id": "encyclopedia_cutting_advance",
    "type": "ITEM",
    "subtypes": [ "BOOK" ],
    "looks_like": "textbook_chemistry",
    "name": { "str_sp": "Rebuilding Civilization: Cutting Weapons" },
    "description": "The cutting weapons volume of the Rebuilding Civilization encyclopedia.  This book contains everything from using a glass shiv to medieval swordsmanship in fine detail.  This book is so technical, longwinded and dry that even bookworms and fast readers would find it hard to read.  Literally any other book on the subject would be a more efficient way to learn but if the books you have are missing specific information then this is a good substitute until you find something better.",
    "weight": "1800 g",
    "volume": "2000 ml",
    "price": "100 USD",
    "price_postapoc": "10 USD",
    "melee_damage": { "bash": 4 },
    "material": [ "paper" ],
    "symbol": "?",
    "color": "blue",
    "read_skill": "cutting",
    "required_level": 0,
    "max_level": 10,
    "intelligence": 12,
    "time": "180 m",
    "read_fun": -5
  },
  {
    "id": "encyclopedia_dodge_advance",
    "type": "ITEM",
    "subtypes": [ "BOOK" ],
    "looks_like": "textbook_chemistry",
    "name": { "str_sp": "Rebuilding Civilization: Dodging" },
    "description": "The dodging volume of the Rebuilding Civilization encyclopedia.  This book contains everything from dancing for beginners to parkour in fine detail.  This book is so technical, longwinded and dry that even bookworms and fast readers would find it hard to read.  Literally any other book on the subject would be a more efficient way to learn but if the books you have are missing specific information then this is a good substitute until you find something better.",
    "weight": "1800 g",
    "volume": "2000 ml",
    "price": "100 USD",
    "price_postapoc": "10 USD",
    "melee_damage": { "bash": 4 },
    "material": [ "paper" ],
    "symbol": "?",
    "color": "blue",
    "read_skill": "dodge",
    "required_level": 0,
    "max_level": 10,
    "intelligence": 12,
    "time": "180 m",
    "read_fun": -5
  },
  {
    "id": "encyclopedia_driving_advance",
    "type": "ITEM",
    "subtypes": [ "BOOK" ],
    "looks_like": "textbook_chemistry",
    "name": { "str_sp": "Rebuilding Civilization: Driving" },
    "description": "The driving volume of the Rebuilding Civilization encyclopedia.  This book contains everything from acquiring a driving license to professional racing in fine detail.  This book is so technical, longwinded and dry that even bookworms and fast readers would find it hard to read.  Literally any other book on the subject would be a more efficient way to learn but if the books you have are missing specific information then this is a good substitute until you find something better.",
    "weight": "1800 g",
    "volume": "2000 ml",
    "price": "100 USD",
    "price_postapoc": "10 USD",
    "melee_damage": { "bash": 4 },
    "material": [ "paper" ],
    "symbol": "?",
    "color": "blue",
    "read_skill": "driving",
    "required_level": 0,
    "max_level": 10,
    "intelligence": 12,
    "time": "180 m",
    "read_fun": -5
  },
  {
    "id": "encyclopedia_electronics_advance",
    "type": "ITEM",
    "subtypes": [ "BOOK" ],
    "looks_like": "textbook_chemistry",
    "name": { "str_sp": "Rebuilding Civilization: Electronics" },
    "description": "The electronics volume of the Rebuilding Civilization encyclopedia.  This book contains everything from simple circuits to military robotics in fine detail.  This book is so technical, longwinded and dry that even bookworms and fast readers would find it hard to read.  Literally any other book on the subject would be a more efficient way to learn but if the books you have are missing specific information then this is a good substitute until you find something better.",
    "weight": "1800 g",
    "volume": "2000 ml",
    "price": "100 USD",
    "price_postapoc": "10 USD",
    "melee_damage": { "bash": 4 },
    "material": [ "paper" ],
    "symbol": "?",
    "color": "blue",
    "read_skill": "electronics",
    "required_level": 0,
    "max_level": 10,
    "intelligence": 12,
    "time": "180 m",
    "read_fun": -5
  },
  {
    "id": "encyclopedia_firstaid_advance",
    "type": "ITEM",
    "subtypes": [ "BOOK" ],
    "looks_like": "textbook_chemistry",
    "name": { "str_sp": "Rebuilding Civilization: First Aid" },
    "description": "The first aid volume of the Rebuilding Civilization encyclopedia.  This book contains everything from proper bandage application to exploratory surgery in fine detail.  This book is so technical, longwinded and dry that even bookworms and fast readers would find it hard to read.  Literally any other book on the subject would be a more efficient way to learn but if the books you have are missing specific information then this is a good substitute until you find something better.",
    "weight": "1800 g",
    "volume": "2000 ml",
    "price": "100 USD",
    "price_postapoc": "10 USD",
    "melee_damage": { "bash": 4 },
    "material": [ "paper" ],
    "symbol": "?",
    "color": "blue",
    "read_skill": "firstaid",
    "required_level": 0,
    "max_level": 10,
    "intelligence": 12,
    "time": "180 m",
    "read_fun": -5
  },
  {
    "id": "encyclopedia_gun_advance",
    "type": "ITEM",
    "subtypes": [ "BOOK" ],
    "looks_like": "textbook_chemistry",
    "name": { "str_sp": "Rebuilding Civilization: Marksmanship" },
    "description": "The marksmanship volume of the Rebuilding Civilization encyclopedia.  This book contains everything from proper iron sight aiming to military sniper techniques in fine detail.  This book is so technical, longwinded and dry that even bookworms and fast readers would find it hard to read.  Literally any other book on the subject would be a more efficient way to learn but if the books you have are missing specific information then this is a good substitute until you find something better.",
    "weight": "1800 g",
    "volume": "2000 ml",
    "price": "100 USD",
    "price_postapoc": "10 USD",
    "melee_damage": { "bash": 4 },
    "material": [ "paper" ],
    "symbol": "?",
    "color": "blue",
    "read_skill": "gun",
    "required_level": 0,
    "max_level": 10,
    "intelligence": 12,
    "time": "180 m",
    "read_fun": -5
  },
  {
    "id": "encyclopedia_launcher_advance",
    "type": "ITEM",
    "subtypes": [ "BOOK" ],
    "looks_like": "textbook_chemistry",
    "name": { "str_sp": "Rebuilding Civilization: Launchers" },
    "description": "The launchers volume of the Rebuilding Civilization encyclopedia.  This book contains everything from the use of spraycan flamethrowers to recoiless rifles in fine detail.  This book is so technical, longwinded and dry that even bookworms and fast readers would find it hard to read.  Literally any other book on the subject would be a more efficient way to learn but if the books you have are missing specific information then this is a good substitute until you find something better.",
    "weight": "1800 g",
    "volume": "2000 ml",
    "price": "100 USD",
    "price_postapoc": "10 USD",
    "melee_damage": { "bash": 4 },
    "material": [ "paper" ],
    "symbol": "?",
    "color": "blue",
    "read_skill": "launcher",
    "required_level": 0,
    "max_level": 10,
    "intelligence": 12,
    "time": "180 m",
    "read_fun": -5
  },
  {
    "id": "encyclopedia_melee_advance",
    "type": "ITEM",
    "subtypes": [ "BOOK" ],
    "looks_like": "textbook_chemistry",
    "name": { "str_sp": "Rebuilding Civilization: Melee Combat" },
    "description": "The melee combat volume of the Rebuilding Civilization encyclopedia.  This book contains everything from using a branch to martial arts techniques in fine detail.  This book is so technical, longwinded and dry that even bookworms and fast readers would find it hard to read.  Literally any other book on the subject would be a more efficient way to learn but if the books you have are missing specific information then this is a good substitute until you find something better.",
    "weight": "1800 g",
    "volume": "2000 ml",
    "price": "100 USD",
    "price_postapoc": "10 USD",
    "melee_damage": { "bash": 4 },
    "material": [ "paper" ],
    "symbol": "?",
    "color": "blue",
    "read_skill": "melee",
    "required_level": 0,
    "max_level": 10,
    "intelligence": 12,
    "time": "180 m",
    "read_fun": -5
  },
  {
    "id": "encyclopedia_pistol_advance",
    "type": "ITEM",
    "subtypes": [ "BOOK" ],
    "looks_like": "textbook_chemistry",
    "name": { "str": "Rebuilding Civilization: Pistols", "str_pl": "Rebuilding Civilization: Pistols" },
    "description": "The pistols volume of the Rebuilding Civilization encyclopedia.  This book contains everything from using zip pistols to laser pistols in fine detail.  This book is so technical, longwinded and dry that even bookworms and fast readers would find it hard to read.  Literally any other book on the subject would be a more efficient way to learn but if the books you have are missing specific information then this is a good substitute until you find something better.",
    "weight": "1800 g",
    "volume": "2000 ml",
    "price": "100 USD",
    "price_postapoc": "10 USD",
    "melee_damage": { "bash": 4 },
    "material": [ "paper" ],
    "symbol": "?",
    "color": "blue",
    "read_skill": "pistol",
    "required_level": 0,
    "max_level": 10,
    "intelligence": 12,
    "time": "180 m",
    "read_fun": -5
  },
  {
    "id": "encyclopedia_rifle_advance",
    "type": "ITEM",
    "subtypes": [ "BOOK" ],
    "looks_like": "textbook_chemistry",
    "name": { "str_sp": "Rebuilding Civilization: Rifles" },
    "description": "The rifles volume of the Rebuilding Civilization encyclopedia.  This book contains everything from using zip rifles to laser rifles in fine detail.  This book is so technical, longwinded and dry that even bookworms and fast readers would find it hard to read.  Literally any other book on the subject would be a more efficient way to learn but if the books you have are missing specific information then this is a good substitute until you find something better.",
    "weight": "1800 g",
    "volume": "2000 ml",
    "price": "100 USD",
    "price_postapoc": "10 USD",
    "melee_damage": { "bash": 4 },
    "material": [ "paper" ],
    "symbol": "?",
    "color": "blue",
    "read_skill": "rifle",
    "required_level": 0,
    "max_level": 10,
    "intelligence": 12,
    "time": "180 m",
    "read_fun": -5
  },
  {
    "id": "encyclopedia_shotgun_advance",
    "type": "ITEM",
    "subtypes": [ "BOOK" ],
    "looks_like": "textbook_chemistry",
    "name": { "str_sp": "Rebuilding Civilization: Shotguns" },
    "description": "The shotguns volume of the Rebuilding Civilization encyclopedia.  This book contains everything from using zip shotguns to laser scatter guns in fine detail.  This book is so technical, longwinded and dry that even bookworms and fast readers would find it hard to read.  Literally any other book on the subject would be a more efficient way to learn but if the books you have are missing specific information then this is a good substitute until you find something better.",
    "weight": "1800 g",
    "volume": "2000 ml",
    "price": "100 USD",
    "price_postapoc": "10 USD",
    "melee_damage": { "bash": 4 },
    "material": [ "paper" ],
    "symbol": "?",
    "color": "blue",
    "read_skill": "shotgun",
    "required_level": 0,
    "max_level": 10,
    "intelligence": 12,
    "time": "180 m",
    "read_fun": -5
  },
  {
    "id": "encyclopedia_smg_advance",
    "type": "ITEM",
    "subtypes": [ "BOOK" ],
    "looks_like": "textbook_chemistry",
    "name": { "str_sp": "Rebuilding Civilization: Sub Machineguns" },
    "description": "The sub machineguns volume of the Rebuilding Civilization encyclopedia.  This book contains everything from using makeshift smgs to automatic laser carbines in fine detail.  This book is so technical, longwinded and dry that even bookworms and fast readers would find it hard to read.  Literally any other book on the subject would be a more efficient way to learn but if the books you have are missing specific information then this is a good substitute until you find something better.",
    "weight": "1800 g",
    "volume": "2000 ml",
    "price": "100 USD",
    "price_postapoc": "10 USD",
    "melee_damage": { "bash": 4 },
    "material": [ "paper" ],
    "symbol": "?",
    "color": "blue",
    "read_skill": "smg",
    "required_level": 0,
    "max_level": 10,
    "intelligence": 12,
    "time": "180 m",
    "read_fun": -5
  },
  {
    "id": "encyclopedia_speech_advance",
    "type": "ITEM",
    "subtypes": [ "BOOK" ],
    "looks_like": "textbook_chemistry",
    "name": { "str_sp": "Rebuilding Civilization: Speech" },
    "description": "The speech volume of the Rebuilding Civilization encyclopedia.  This book contains everything from recruiting survivors to running for political office in fine detail.  This book is so technical, longwinded and dry that even bookworms and fast readers would find it hard to read.  Literally any other book on the subject would be a more efficient way to learn but if the books you have are missing specific information then this is a good substitute until you find something better.",
    "weight": "1800 g",
    "volume": "2000 ml",
    "price": "100 USD",
    "price_postapoc": "10 USD",
    "melee_damage": { "bash": 4 },
    "material": [ "paper" ],
    "symbol": "?",
    "color": "blue",
    "read_skill": "speech",
    "required_level": 0,
    "max_level": 10,
    "intelligence": 12,
    "time": "180 m",
    "read_fun": -5
  },
  {
    "id": "encyclopedia_stabbing_advance",
    "type": "ITEM",
    "subtypes": [ "BOOK" ],
    "looks_like": "textbook_chemistry",
    "name": { "str_sp": "Rebuilding Civilization: Piercing Weapons" },
    "description": "The piercing weapons volume of the Rebuilding Civilization encyclopedia.  This book contains everything from using switchblades to spear combat in fine detail.  This book is so technical, longwinded and dry that even bookworms and fast readers would find it hard to read.  Literally any other book on the subject would be a more efficient way to learn but if the books you have are missing specific information then this is a good substitute until you find something better.",
    "weight": "1800 g",
    "volume": "2000 ml",
    "price": "100 USD",
    "price_postapoc": "10 USD",
    "melee_damage": { "bash": 4 },
    "material": [ "paper" ],
    "symbol": "?",
    "color": "blue",
    "read_skill": "stabbing",
    "required_level": 0,
    "max_level": 10,
    "intelligence": 12,
    "time": "180 m",
    "read_fun": -5
  },
  {
    "id": "encyclopedia_survival_advance",
    "type": "ITEM",
    "subtypes": [ "BOOK" ],
    "looks_like": "textbook_chemistry",
    "name": { "str_sp": "Rebuilding Civilization: Survival" },
    "description": "The survival volume of the Rebuilding Civilization encyclopedia.  This book contains everything from camping to survival on a deserted island in fine detail.  This book is so technical, longwinded and dry that even bookworms and fast readers would find it hard to read.  Literally any other book on the subject would be a more efficient way to learn but if the books you have are missing specific information then this is a good substitute until you find something better.",
    "weight": "1800 g",
    "volume": "2000 ml",
    "price": "100 USD",
    "price_postapoc": "10 USD",
    "melee_damage": { "bash": 4 },
    "material": [ "paper" ],
    "symbol": "?",
    "color": "blue",
    "read_skill": "survival",
    "required_level": 0,
    "max_level": 10,
    "intelligence": 12,
    "time": "180 m",
    "read_fun": -5
  },
  {
    "id": "encyclopedia_swimming_advance",
    "type": "ITEM",
    "subtypes": [ "BOOK" ],
    "looks_like": "textbook_chemistry",
    "name": { "str_sp": "Rebuilding Civilization: Swimming" },
    "description": "The swimming volume of the Rebuilding Civilization encyclopedia.  This book contains everything from recreational swimming to crossing rivers in fine detail.  This book is so technical, longwinded and dry that even bookworms and fast readers would find it hard to read.  Literally any other book on the subject would be a more efficient way to learn but if the books you have are missing specific information then this is a good substitute until you find something better.",
    "weight": "1800 g",
    "volume": "2000 ml",
    "price": "100 USD",
    "price_postapoc": "10 USD",
    "melee_damage": { "bash": 4 },
    "material": [ "paper" ],
    "symbol": "?",
    "color": "blue",
    "read_skill": "swimming",
    "required_level": 0,
    "max_level": 10,
    "intelligence": 12,
    "time": "180 m",
    "read_fun": -5
  },
  {
    "id": "encyclopedia_tailor_advance",
    "type": "ITEM",
    "subtypes": [ "BOOK" ],
    "looks_like": "textbook_chemistry",
    "name": { "str_sp": "Rebuilding Civilization: Tailoring" },
    "description": "The tailoring volume of the Rebuilding Civilization encyclopedia.  This book contains everything from fixing clothing tears to fashion designing in fine detail.  This book is so technical, longwinded and dry that even bookworms and fast readers would find it hard to read.  Literally any other book on the subject would be a more efficient way to learn but if the books you have are missing specific information then this is a good substitute until you find something better.",
    "weight": "1800 g",
    "volume": "2000 ml",
    "price": "100 USD",
    "price_postapoc": "10 USD",
    "melee_damage": { "bash": 4 },
    "material": [ "paper" ],
    "symbol": "?",
    "color": "blue",
    "read_skill": "tailor",
    "required_level": 0,
    "max_level": 10,
    "intelligence": 12,
    "time": "180 m",
    "read_fun": -5
  },
  {
    "id": "encyclopedia_throw_advance",
    "type": "ITEM",
    "subtypes": [ "BOOK" ],
    "looks_like": "textbook_chemistry",
    "name": { "str_sp": "Rebuilding Civilization: Throwing" },
    "description": "The throwing volume of the Rebuilding Civilization encyclopedia.  This book contains everything from throwing stones to spear hunting in fine detail.  This book is so technical, longwinded and dry that even bookworms and fast readers would find it hard to read.  Literally any other book on the subject would be a more efficient way to learn but if the books you have are missing specific information then this is a good substitute until you find something better.",
    "weight": "1800 g",
    "volume": "2000 ml",
    "price": "100 USD",
    "price_postapoc": "10 USD",
    "melee_damage": { "bash": 4 },
    "material": [ "paper" ],
    "symbol": "?",
    "color": "blue",
    "read_skill": "throw",
    "required_level": 0,
    "max_level": 10,
    "intelligence": 12,
    "time": "180 m",
    "read_fun": -5
  },
  {
    "id": "encyclopedia_traps_advance",
    "type": "ITEM",
    "subtypes": [ "BOOK" ],
    "looks_like": "textbook_chemistry",
    "name": { "str_sp": "Rebuilding Civilization: Traps" },
    "description": "The traps volume of the Rebuilding Civilization encyclopedia.  This book contains everything from spike pits to disarming landmines in fine detail.  This book is so technical, longwinded and dry that even bookworms and fast readers would find it hard to read.  Literally any other book on the subject would be a more efficient way to learn but if the books you have are missing specific information then this is a good substitute until you find something better.",
    "weight": "1800 g",
    "volume": "2000 ml",
    "price": "100 USD",
    "price_postapoc": "10 USD",
    "melee_damage": { "bash": 4 },
    "material": [ "paper" ],
    "symbol": "?",
    "color": "blue",
    "read_skill": "traps",
    "required_level": 0,
    "max_level": 10,
    "intelligence": 12,
    "time": "180 m",
    "read_fun": -5
  },
  {
    "id": "encyclopedia_unarmed_advance",
    "type": "ITEM",
    "subtypes": [ "BOOK" ],
    "looks_like": "textbook_chemistry",
    "name": { "str_sp": "Rebuilding Civilization: Unarmed Combat" },
    "description": "The unarmed volume of the Rebuilding Civilization encyclopedia.  This book contains everything from self defense techniques to MMA fighting in fine detail.  This book is so technical, longwinded and dry that even bookworms and fast readers would find it hard to read.  Literally any other book on the subject would be a more efficient way to learn but if the books you have are missing specific information then this is a good substitute until you find something better.",
    "weight": "1800 g",
    "volume": "2000 ml",
    "price": "100 USD",
    "price_postapoc": "10 USD",
    "melee_damage": { "bash": 4 },
    "material": [ "paper" ],
    "symbol": "?",
    "color": "blue",
    "read_skill": "unarmed",
    "required_level": 0,
    "max_level": 10,
    "intelligence": 12,
    "time": "180 m",
    "read_fun": -5
  },
  {
    "id": "c_flesh_pistol_regen",
    "type": "SPELL",
    "name": { "str": "Weave Magazine" },
    "description": "Creates a small fleshwoven magazine.",
    "valid_targets": [ "self" ],
    "message": "A tendril slithers from the biological pistol and jabs into you, draining something before a small magazine of living flesh weaves itself together and sloughs off the weapon.",
    "extra_effects": [ { "id": "c_flesh_pistol_regen_2", "hit_self": true } ],
    "flags": [ "SILENT", "PERMANENT", "NO_HANDS", "NO_LEGS" ],
    "effect": "spawn_item",
    "shape": "blast",
    "effect_str": "flesh_pistol_magazine",
    "min_damage": 1,
    "max_damage": 1,
    "energy_source": "HP",
    "base_energy_cost": 4,
    "final_energy_cost": 4
  },
  {
    "id": "c_flesh_pistol_regen_2",
    "type": "SPELL",
    "name": { "str": "Fleshweaving Side Effect" },
    "description": "Small amount of extra hunger.",
    "valid_targets": [ "self" ],
    "flags": [ "SILENT", "NO_HANDS", "NO_LEGS" ],
    "effect": "attack",
    "shape": "blast",
    "effect_str": "c_flesh_magazine_side_effect",
    "min_duration": 100,
    "max_duration": 100
  },
  {
    "id": "c_flesh_smg_regen",
    "type": "SPELL",
    "name": { "str": "Weave Magazine" },
    "description": "Creates a fleshwoven magazine.",
    "valid_targets": [ "self" ],
    "message": "A tendril slithers from the biological sub-machinegun and jabs into you, draining something before a small magazine of living flesh weaves itself together and sloughs off the weapon.",
    "extra_effects": [ { "id": "c_flesh_smg_regen_2", "hit_self": true } ],
    "flags": [ "SILENT", "PERMANENT", "NO_HANDS", "NO_LEGS" ],
    "effect": "spawn_item",
    "shape": "blast",
    "effect_str": "flesh_smg_magazine",
    "min_damage": 1,
    "max_damage": 1,
    "energy_source": "HP",
    "base_energy_cost": 8,
    "final_energy_cost": 8
  },
  {
    "id": "c_flesh_smg_regen_2",
    "type": "SPELL",
    "name": { "str": "Fleshweaving Side Effect" },
    "description": "Small amount of extra hunger.",
    "valid_targets": [ "self" ],
    "flags": [ "SILENT", "NO_HANDS", "NO_LEGS" ],
    "effect": "attack",
    "shape": "blast",
    "effect_str": "c_flesh_magazine_side_effect",
    "min_duration": 200,
    "max_duration": 200
  },
  {
    "id": "c_flesh_rifle_regen",
    "type": "SPELL",
    "name": { "str": "Weave Magazine" },
    "description": "Creates a fleshwoven magazine.",
    "valid_targets": [ "self" ],
    "message": "A tendril slithers from the biological rifle and jabs into you, draining something before a small magazine of living flesh weaves itself together and sloughs off the weapon.",
    "extra_effects": [ { "id": "c_flesh_rifle_regen_2", "hit_self": true } ],
    "flags": [ "SILENT", "PERMANENT", "NO_HANDS", "NO_LEGS" ],
    "effect": "spawn_item",
    "shape": "blast",
    "effect_str": "flesh_rifle_magazine",
    "min_damage": 1,
    "max_damage": 1,
    "energy_source": "HP",
    "base_energy_cost": 16,
    "final_energy_cost": 16
  },
  {
    "id": "c_flesh_rifle_regen_2",
    "type": "SPELL",
    "name": { "str": "Fleshweaving Side Effect" },
    "description": "Small amount of extra hunger.",
    "valid_targets": [ "self" ],
    "flags": [ "SILENT", "NO_HANDS", "NO_LEGS" ],
    "effect": "attack",
    "shape": "blast",
    "effect_str": "c_flesh_magazine_side_effect",
    "min_duration": 400,
    "max_duration": 400
  },
  {
    "id": "c_flesh_lmg_regen",
    "type": "SPELL",
    "name": { "str": "Weave Magazine" },
    "description": "Creates a fleshwoven magazine.",
    "valid_targets": [ "self" ],
    "message": "A tendril slithers from the biological machinegun and jabs into you, draining something before a small magazine of living flesh weaves itself together and sloughs off the weapon.",
    "extra_effects": [ { "id": "c_flesh_lmg_regen_2", "hit_self": true } ],
    "flags": [ "SILENT", "PERMANENT", "NO_HANDS", "NO_LEGS" ],
    "effect": "spawn_item",
    "shape": "blast",
    "effect_str": "flesh_lmg_magazine",
    "min_damage": 1,
    "max_damage": 1,
    "energy_source": "HP",
    "base_energy_cost": 20,
    "final_energy_cost": 20
  },
  {
    "id": "c_flesh_lmg_regen_2",
    "type": "SPELL",
    "name": { "str": "Fleshweaving Side Effect" },
    "description": "Small amount of extra hunger.",
    "valid_targets": [ "self" ],
    "flags": [ "SILENT", "RANDOM_DURATION", "NO_HANDS", "NO_LEGS" ],
    "effect": "attack",
    "shape": "blast",
    "effect_str": "c_flesh_magazine_side_effect",
    "min_duration": 500,
    "max_duration": 500
  },
  {
    "id": "c_flesh_shotgun_regen",
    "type": "SPELL",
    "name": { "str": "Weave Magazine" },
    "description": "Creates a fleshwoven magazine.",
    "valid_targets": [ "self" ],
    "message": "A tendril slithers from the biological scattergun and jabs into you, draining something before a small magazine of living flesh weaves itself together and sloughs off the weapon.",
    "extra_effects": [ { "id": "c_flesh_shotgun_regen_2", "hit_self": true } ],
    "flags": [ "SILENT", "PERMANENT", "NO_HANDS", "NO_LEGS" ],
    "effect": "spawn_item",
    "shape": "blast",
    "effect_str": "flesh_shotgun_magazine",
    "min_damage": 1,
    "max_damage": 1,
    "energy_source": "HP",
    "base_energy_cost": 12,
    "final_energy_cost": 12
  },
  {
    "id": "c_flesh_shotgun_regen_2",
    "type": "SPELL",
    "name": { "str": "Fleshweaving Side Effect" },
    "description": "Small amount of extra hunger.",
    "valid_targets": [ "self" ],
    "flags": [ "SILENT", "NO_HANDS", "NO_LEGS" ],
    "effect": "attack",
    "shape": "blast",
    "effect_str": "c_flesh_magazine_side_effect",
    "min_duration": 300,
    "max_duration": 300
  },
  {
    "type": "effect_type",
    "id": "c_flesh_magazine_side_effect",
    "max_duration": "1 m",
    "base_mods": { "hunger_min": [ 1 ] }
  },
  {
    "id": "flesh_pistol_magazine",
    "type": "ITEM",
    "subtypes": [ "MAGAZINE" ],
    "name": { "str": "fleshwoven pistol magazine" },
    "description": "A chunk of woven sinew and mutated bone, that feels like it's holding some sort of liquid.  It was grown for use with the biological pistol.",
    "weight": "200 g",
    "volume": "200 ml",
    "material": [ "flesh" ],
    "symbol": "#",
    "color": "light_gray",
    "ammo_type": [ "battery" ],
    "count": 10,
    "capacity": 10,
    "pocket_data": [ { "pocket_type": "MAGAZINE", "rigid": true, "ammo_restriction": { "battery": 10 } } ],
    "reload_time": 100,
    "flags": [ "MAG_COMPACT", "MAG_DESTROY", "NO_UNLOAD" ]
  },
  {
    "id": "flesh_smg_magazine",
    "type": "ITEM",
    "subtypes": [ "MAGAZINE" ],
    "name": { "str": "fleshwoven SMG magazine" },
    "description": "A chunk of woven sinew and mutated bone, that feels like it's holding some sort of liquid.  It was grown for use with the biological sub-machinegun.",
    "weight": "600 g",
    "volume": "600 ml",
    "material": [ "flesh" ],
    "symbol": "#",
    "color": "light_gray",
    "ammo_type": [ "battery" ],
    "count": 30,
    "capacity": 30,
    "pocket_data": [ { "pocket_type": "MAGAZINE", "rigid": true, "ammo_restriction": { "battery": 30 } } ],
    "reload_time": 100,
    "flags": [ "MAG_COMPACT", "MAG_DESTROY", "NO_UNLOAD" ]
  },
  {
    "id": "flesh_rifle_magazine",
    "type": "ITEM",
    "subtypes": [ "MAGAZINE" ],
    "name": { "str": "fleshwoven rifle magazine" },
    "description": "A chunk of woven sinew and mutated bone, that feels like it's holding some sort of liquid.  It was grown for use with the biological rifle.",
    "weight": "300 g",
    "volume": "300 ml",
    "material": [ "flesh" ],
    "symbol": "#",
    "color": "light_gray",
    "ammo_type": [ "battery" ],
    "count": 15,
    "capacity": 15,
    "pocket_data": [ { "pocket_type": "MAGAZINE", "rigid": true, "ammo_restriction": { "battery": 15 } } ],
    "reload_time": 100,
    "flags": [ "MAG_COMPACT", "MAG_DESTROY", "NO_UNLOAD" ]
  },
  {
    "id": "flesh_lmg_magazine",
    "type": "ITEM",
    "subtypes": [ "MAGAZINE" ],
    "name": { "str": "fleshwoven LMG magazine" },
    "description": "A small chunk of woven sinew and mutated bone, that feels like it's holding some sort of liquid.  It was grown for use with the biological machinegun.",
    "weight": "1 kg",
    "volume": "1 L",
    "material": [ "flesh" ],
    "symbol": "#",
    "color": "light_gray",
    "ammo_type": [ "battery" ],
    "count": 50,
    "capacity": 50,
    "pocket_data": [ { "pocket_type": "MAGAZINE", "rigid": true, "ammo_restriction": { "battery": 50 } } ],
    "reload_time": 100,
    "flags": [ "MAG_BULKY", "MAG_DESTROY", "NO_UNLOAD" ]
  },
  {
    "id": "flesh_shotgun_magazine",
    "type": "ITEM",
    "subtypes": [ "MAGAZINE" ],
    "name": { "str": "fleshwoven shotgun magazine" },
    "description": "A small chunk of woven sinew and mutated bone, that feels like it's holding some sort of liquid.  It was grown for use with the biological scattergun.",
    "weight": "400 g",
    "volume": "400 ml",
    "material": [ "flesh" ],
    "symbol": "#",
    "color": "light_gray",
    "ammo_type": [ "battery" ],
    "count": 20,
    "capacity": 20,
    "pocket_data": [ { "pocket_type": "MAGAZINE", "rigid": true, "ammo_restriction": { "battery": 20 } } ],
    "reload_time": 100,
    "flags": [ "MAG_COMPACT", "MAG_DESTROY", "NO_UNLOAD" ]
  },
  {
    "id": "c_stealth_cloak",
    "type": "enchantment",
    "has": "WORN",
    "condition": "ALWAYS",
    "values": [ { "value": "SPEED", "add": -20 }, { "value": "STRENGTH", "add": -4 }, { "value": "DEXTERITY", "add": -4 } ],
    "ench_effects": [ { "effect": "invisibility", "intensity": 1 } ]
  },
  {
    "type": "ITEM",
    "//": "pseudo item, used as fuel type for atomic battery CBM",
    "id": "c_atomic_battery_power",
    "symbol": "?",
    "color": "white",
    "name": { "str": "Alphavoltaic Power", "str_pl": "none" },
    "description": "seeing this is a bug",
    "stackable": true,
    "volume": "0 ml",
    "material": [ "c_atomic_battery_power" ],
    "flags": [ "PSEUDO", "PERPETUAL" ]
  },
  {
    "id": "bio_atomic_battery_2",
    "type": "ITEM",
    "subtypes": [ "BIONIC_ITEM" ],
    "name": { "str": "Obsolete CBM" },
    "description": "This is a now-unneeded holdover from back when Atomic Battery had to work around code bugs and would only generate power when turned off instead of when turned on.",
    "flags": [ "BIONIC_SHOCKPROOF", "ZERO_WEIGHT" ]
  },
  {
    "id": "hydrogen_convertor",
    "type": "ITEM",
	"subtypes": [ "GUNMOD" ],
    "name": { "str": "obsolete gunmod" },
    "description": "This item has been dummied out from the DDA version of Cata++, as pocket data has been set in such a way that ammo conversion gunmods no longer work as well as they used to, requiring overrides for any relevent weapon to prevent errors from occurring (and maybe compatibility with other mods that add more plasma weapons impossible without added patchmods).",
    "weight": "380 g",
    "volume": "250 ml",
    "integral_volume": "0 ml",
    "price": "1000 USD",
    "price_postapoc": "5 USD",
    "material": [ "steel" ],
    "symbol": ":",
    "color": "light_gray",
    "location": "emitter",
    "mod_targets": [ "pistol", "rifle", "launcher" ],
    "install_time": "30 m",
    "min_skills": [ [ "weapon", 3 ], [ "electronics", 2 ] ],
    "acceptable_ammo": [ "plasma" ],
    "ammo_modifier": [ "c_hydrogen" ]
  },
  {
    "result": "hydrogen_convertor",
    "type": "recipe",
    "obsolete": true
  },
  {
    "type": "vehicle_part_migration",
    "from": "ups_rifle_t",
    "to": "turret_ups_rifle"
  },
  {
    "type": "vehicle_part_migration",
    "from": "sur_pnu_lmg_t",
    "to": "turret_sur_pnu_lmg"
  },
  {
    "type": "vehicle_part_migration",
    "from": "surv_full_223_t",
    "to": "turret_surv_full_223"
  },
  {
    "type": "vehicle_part_migration",
    "from": "surv_full_308_t",
    "to": "turret_surv_full_308"
  },
  {
    "type": "vehicle_part_migration",
    "from": "surv_full_762_t",
    "to": "turret_surv_full_762"
  },
  {
    "type": "vehicle_part_migration",
    "from": "surv_full_762R_t",
    "to": "turret_surv_full_762R"
  },
  {
    "type": "vehicle_part_migration",
    "from": "surv_full_12_t",
    "to": "turret_surv_full_12"
  },
  {
    "type": "vehicle_part_migration",
    "from": "surv_lmg_308_t",
    "to": "turret_surv_lmg_308"
  },
  {
    "type": "vehicle_part_migration",
    "from": "surv_lmg_223_t",
    "to": "turret_surv_lmg_223"
  },
  {
    "type": "vehicle_part_migration",
    "from": "surv_lmg_762_t",
    "to": "turret_surv_lmg_762"
  },
  {
    "type": "vehicle_part_migration",
    "from": "surv_lmg_762R_t",
    "to": "turret_surv_lmg_762R"
  },
  {
    "type": "vehicle_part_migration",
    "from": "laser_arc_carbine_t",
    "to": "turret_arc_laser_rifle"
  },
  {
    "type": "vehicle_part_migration",
    "from": "laser_arc_carbine_t_ups",
    "to": "turret_arc_laser_rifle_ups"
  },
  {
    "type": "vehicle_part_migration",
    "from": "laser_lmg_t",
    "to": "turret_krx_laser_lmg"
  },
  {
    "type": "vehicle_part_migration",
    "from": "laser_lmg_t_ups",
    "to": "turret_krx_laser_lmg_ups"
  },
  {
    "type": "vehicle_part_migration",
    "from": "laser_mx_sniper_t",
    "to": "turret_mx_laser_sniper"
  },
  {
    "type": "vehicle_part_migration",
    "from": "laser_mx_sniper_t_ups",
    "to": "turret_mx_laser_sniper_ups"
  },
  {
    "type": "vehicle_part_migration",
    "from": "br_bolt_rifle_elec_t",
    "to": "turret_br_bolt_rifle_elec"
  },
  {
    "type": "vehicle_part_migration",
    "from": "mk_ionic_cannon_t",
    "to": "turret_mk_ionic_cannon"
  },
  {
    "id": "shmap",
    "category": "maps",
    "type": "ITEM",
    "symbol": ";",
    "color": "blue",
    "looks_like": "survivormap",
    "name": { "str_sp": "Bugout Location Directions" },
    "description": "A map and set of directions, leading to somebody's rendezvous point.  The name scribbled in one corner seems faintly familiar.",
    "material": [ "paper" ],
    "weight": "30 g",
    "volume": "250 ml",
    "to_hit": -1,
    "use_action": {
      "type": "reveal_map",
      "radius": 180,
      "terrain": [ "Survivor_Holdout_1" ],
      "message": "Thoroughly poring over the map, you memorize the location."
    }
  },
  {
    "id": "surcan",
    "type": "ITEM",
	"subtypes": [ "TOOL" ],
    "color": "light_gray",
    "symbol": ",",
    "looks_like": "can_medium",
    "name": { "str": "survival kit in a can", "str_pl": "survival kits in cans" },
    "description": "A large tin can held together by a tab and seal.  Remove the seal to split the container into two smaller cans and reveal its contents.  It contains carefully packed survival items with a list of them on the side of the can.  You could not possibly put its contents back together.",
    "price": "6 USD",
    "material": [ "steel" ],
    "flags": [ "WATERPROOF" ],
    "weight": "103 g",
    "volume": "500 ml",
    "to_hit": -1
  },
  {
    "type": "recipe",
    "result": "surcanuncraft",
    "obsolete": true
  },
  {
    "id": "b_field",
    "type": "overmap_terrain",
    "name": "field",
    "sym": ".",
    "color": "brown",
    "see_cost": "low",
    "looks_like": "field",
    "mondensity": 0,
    "extras": "field",
    "flags": [ "NO_ROTATE" ]
  },
  {
    "type": "mapgen",
    "method": "json",
    "om_terrain": [ "b_field" ],
    "weight": 1000,
    "object": {
      "rows": [
        ",,,,,,.,,,,.,,,,,,,.,,,,",
        ",,,.,,,,.,,,,.,..,,,,,,,",
        ",,,,,,,..,,,,,,,,..,,,,.",
        ",,,,,,,,,,,,,,..,,,,,,,,",
        ",,,,,,,.,,,,..,,,,..,,,,",
        ",,,..,,,,,,,,,,,..,,,,..",
        ",,,,,,,,,,..,,,,.,,,,,,,",
        ",,,..,,,,,,,,..,,,,,,,,.",
        ",,,,,,,..,,,,.,,,,,,,,..",
        ",,,..,,,,,,,,,,,,,,,,,,.",
        "..,,,,,,,,.,,,,.,,,,,,,.",
        ",,,,,,,,,,,,,,,,,,.,,,,.",
        ",,,.,,,,,,,,,,,,,,,,,,,.",
        ",,,..,,,,,,,,..,,,,,,,,.",
        ",,,,..,,,,..,,,,..,,,,..",
        ",,,.,,,,,,,,,,,,,,,.,,,,",
        ",,,,,,,..,,,,.,,,,.,,,,.",
        ",,,..,,,,.,,,,..,,,,,,,,",
        ",,,..,,,,,,,,,,,,..,,,,.",
        "..,,,,..,,,,,,,,,,,.,,,,",
        ",,,..,..,,,,.,..,,,,,,,.",
        ",,,,,,.,,,,.,,,,,,,,,,,.",
        ",,,..,,,,,,,,,,,,,,,,,,.",
        ",,,.,,,,.,,,,,,,,,,,,,,,"
      ],
      "terrain": { ",": "t_grass", ".": "t_dirt" }
    }
  },
  {
    "id": "fancy_house_coat",
    "copy-from": "house_coat",
    "repairs_like": "house_coat",
    "type": "ITEM",
	"subtypes": [ "ARMOR" ],
    "name": { "str": "designer bathrobe" },
    "description": "An outer garment of absorbent, towel-like material traditionally worn to cover one's nakedness to and from the bath.  It makes you wish you had running water to bathe with.  This one has a golden logo of a now irrelevant fashion company sewn on."
  },
  {
    "id": "fancy_bra",
    "copy-from": "bra",
    "repairs_like": "bra",
    "type": "ITEM",
	"subtypes": [ "ARMOR" ],
    "name": { "str": "designer bra" },
    "description": "A luxurious designer bra.  Serves its purpose and feels good on you."
  },
  {
    "id": "fancy_panties",
    "copy-from": "panties",
    "repairs_like": "panties",
    "type": "ITEM",
    "subtypes": [ "ARMOR" ],
    "name": { "str_sp": "designer panties" },
    "description": "A luxurious set of designer panties. Preserves your modesty and feels good on you."
  },
  {
    "id": "fancy_briefs",
    "copy-from": "briefs",
    "repairs_like": "briefs",
    "type": "ITEM",
    "subtypes": [ "ARMOR" ],
    "name": { "str_sp": "designer briefs" },
    "description": "A pair of designer briefs.  Comfortable and fashionable underwear worn by men."
  },
  {
    "id": "fancy_boxer_shorts",
    "copy-from": "boxer_shorts",
    "repairs_like": "boxer_shorts",
    "type": "ITEM",
    "subtypes": [ "ARMOR" ],
    "name": { "str_sp": "designer boxer shorts" },
    "description": "Men's designer boxer shorts.  Much more fashionable than briefs and just as comfortable."
  },
  {
    "id": "fancy_boxer_briefs",
    "copy-from": "boxer_briefs",
    "repairs_like": "boxer_briefs",
    "type": "ITEM",
    "subtypes": [ "ARMOR" ],
    "name": { "str_sp": "designer boxer briefs" },
    "description": "The age-old question, boxers or briefs?  Your answer?  Yes, the fancy kind."
  },
  {
    "id": "mutagenic_ampoule",
    "type": "ITEM",
    "subtypes": [ "COMESTIBLE" ],
    "name": { "str": "mutagenic hemoampoule" },
    "description": "A resinous capsule filled with what looks like congealed blood, mixed with mutagenic compounds.  Not as strong as mutagenic serum, but will require a syringe to use.",
    "price": "1000 USD",
    "price_postapoc": "50 cent",
    "comestible_type": "MED",
    "category": "mutagen",
    "weight": "250 g",
    "volume": "100 ml",
    "symbol": "!",
    "color": "red",
    "healthy": -2,
    "addiction_potential": 6,
    "addiction_type": "mutagen",
    "flags": [ "NO_INGEST" ],
    "use_action": {
      "type": "consume_drug",
      "activation_message": "You inject the mutagenic hemoampoule's contents.",
      "tools_needed": { "syringe": -1 },
      "vitamins": [ [ "mutagen", 450, 550 ] ]
    }
  },
  {
    "id": "purified_ampoule",
    "type": "ITEM",
    "subtypes": [ "COMESTIBLE" ],
    "name": { "str": "purified hemoampoule" },
    "description": "A resinous capsule filled with what looks like congealed blood, mixed with stabilizing compounds.  Mimics the effects of purifier, but requires a syringe to use.",
    "price": "6000 USD",
    "price_postapoc": "5 USD",
    "comestible_type": "MED",
    "category": "mutagen",
    "weight": "250 g",
    "volume": "100 ml",
    "symbol": "!",
    "color": "red",
    "healthy": 5,
    "addiction_potential": 8,
    "addiction_type": "mutagen",
    "tool": "syringe",
    "flags": [ "NO_INGEST" ],
    "use_action": {
      "type": "consume_drug",
      "activation_message": "You inject the purified hemoampoule's contents.",
      "tools_needed": { "syringe": -1 },
      "vitamins": [ [ "mutagen_human", 450, 550 ], [ "mutagen", 125 ] ]
    }
  },
  {
    "id": "c_infusion",
    "type": "SPELL",
    "name": { "str": "Hemocatalyzed Infusion" },
    "description": "Creates a bio-ampoule filled with mutagen, adds additional side effects.",
    "valid_targets": [ "self" ],
    "message": "",
    "flags": [ "NO_EXPLOSION_SFX", "SILENT", "PERMANENT", "NO_HANDS", "NO_LEGS" ],
    "effect": "spawn_item",
    "shape": "blast",
    "effect_str": "mutagenic_ampoule",
    "//": "Reuses the pain effect Biostim calls for.",
    "extra_effects": [ { "id": "c_biostim_pain", "hit_self": true }, { "id": "c_hemo_damage", "hit_self": true } ],
    "min_duration": 1,
    "max_duration": 1
  },
  {
    "id": "c_hemo_damage",
    "type": "SPELL",
    "name": { "str": "Hemocatalyst Damage" },
    "description": "Adds the damaging side effect to the infuser and defuser.",
    "message": "",
    "valid_targets": [ "self" ],
    "flags": [ "NO_EXPLOSION_SFX", "SILENT" ],
    "effect": "attack",
    "shape": "blast",
    "min_damage": 10,
    "max_damage": 10,
    "damage_type": "pure"
  },
  {
    "id": "c_defusion",
    "type": "SPELL",
    "name": { "str": "Hemocatalyzed Defusion" },
    "description": "Creates a bio-ampoule filled with purifer, adds additional side effects.",
    "valid_targets": [ "self" ],
    "message": "",
    "flags": [ "NO_EXPLOSION_SFX", "SILENT", "PERMANENT", "NO_HANDS", "NO_LEGS" ],
    "effect": "spawn_item",
    "shape": "blast",
    "effect_str": "purified_ampoule",
    "extra_effects": [ { "id": "c_biostim_pain", "hit_self": true }, { "id": "c_hemo_damage", "hit_self": true } ],
    "min_duration": 1,
    "max_duration": 1
  }
]
