[
  {
    "id": "GROUP_SMALL_STATION",
    "type": "monstergroup",
    "override": false,
    "auto_total": true,
    "monsters": [
      { "monster": "mon_failed_weapon", "weight": 15, "cost_multiplier": 20, "starts": "72 hours" },
      { "monster": "mon_zombie_failed_weapon", "weight": 20, "cost_multiplier": 20, "starts": "336 hours" }
    ]
  },
  {
    "id": "GROUP_LARGE_STATION",
    "type": "monstergroup",
    "override": false,
    "auto_total": true,
    "monsters": [
      { "monster": "mon_failed_weapon", "weight": 20, "cost_multiplier": 20, "starts": "72 hours" },
      { "monster": "mon_zombie_failed_weapon", "weight": 25, "cost_multiplier": 20, "starts": "336 hours" }
    ]
  },
  {
    "id": "GROUP_LAB",
    "type": "monstergroup",
    "override": false,
    "auto_total": true,
    "monsters": [
      { "monster": "mon_failed_weapon", "weight": 2, "cost_multiplier": 25, "starts": "168 hours" },
      { "monster": "mon_zombie_failed_weapon", "weight": 3, "cost_multiplier": 25, "starts": "72 hours" }
    ]
  },
  {
    "id": "GROUP_MICROLAB",
    "type": "monstergroup",
    "override": false,
    "auto_total": true,
    "monsters": [
      { "monster": "mon_failed_weapon", "weight": 4, "cost_multiplier": 25, "starts": "168 hours" },
      { "monster": "mon_zombie_failed_weapon", "weight": 6, "cost_multiplier": 25, "starts": "72 hours" }
    ]
  },
  {
    "id": "GROUP_CENTRAL_LAB",
    "type": "monstergroup",
    "override": false,
    "auto_total": true,
    "monsters": [
      { "monster": "mon_failed_weapon", "weight": 4, "cost_multiplier": 25, "starts": "168 hours" },
      { "monster": "mon_zombie_failed_weapon", "weight": 6, "cost_multiplier": 25, "starts": "72 hours" }
    ]
  },
  {
    "id": "GROUP_ZOMBIE",
    "type": "monstergroup",
    "override": false,
    "auto_total": true,
    "monsters": [
      { "monster": "mon_failed_weapon", "weight": 2, "cost_multiplier": 50, "starts": "72 hours" },
      { "monster": "mon_zombie_failed_weapon", "weight": 3, "cost_multiplier": 30, "starts": "336 hours" },
      { "monster": "mon_zombie_bio_dormant_unarmed", "weight": 10, "cost_multiplier": 15, "starts": "336 hours" },
      { "monster": "mon_zombie_bio_dormant_armed", "weight": 5, "cost_multiplier": 15, "starts": "336 hours" }
    ]
  },
  {
    "id": "GROUP_LAB_SURFACE",
    "type": "monstergroup",
    "override": false,
    "auto_total": true,
    "monsters": [
      { "monster": "mon_zombie_bio_dormant_unarmed", "weight": 20, "cost_multiplier": 15, "starts": "72 hours" },
      { "monster": "mon_zombie_bio_dormant_armed", "weight": 20, "cost_multiplier": 15, "starts": "72 hours" }
    ]
  },
  {
    "id": "GROUP_LAB_SECURITY",
    "type": "monstergroup",
    "override": false,
    "auto_total": true,
    "monsters": [
      { "monster": "mon_zombie_bio_dormant_unarmed", "weight": 20, "cost_multiplier": 15, "starts": "168 hours" },
      { "monster": "mon_zombie_bio_dormant_armed", "weight": 20, "cost_multiplier": 15, "starts": "168 hours" }
    ]
  },
  {
    "id": "GROUP_MAYBE_MIL",
    "type": "monstergroup",
    "override": false,
    "auto_total": true,
    "monsters": [
      { "monster": "mon_zombie_bio_dormant_unarmed", "weight": 15, "cost_multiplier": 15, "starts": "72 hours" },
      { "monster": "mon_zombie_bio_dormant_armed", "weight": 15, "cost_multiplier": 15, "starts": "72 hours" }
    ]
  },
  {
    "id": "GROUP_MIL_BASE",
    "type": "monstergroup",
    "override": false,
    "auto_total": true,
    "monsters": [
      { "monster": "mon_zombie_bio_dormant_unarmed", "weight": 10, "cost_multiplier": 15 },
      { "monster": "mon_zombie_bio_dormant_armed", "weight": 10, "cost_multiplier": 15 }
    ]
  },
  {
    "id": "GROUP_MIL_BASE_CIVILIAN",
    "type": "monstergroup",
    "override": false,
    "auto_total": true,
    "monsters": [
      { "monster": "mon_zombie_bio_dormant_unarmed", "weight": 3, "cost_multiplier": 15, "starts": "168 hours" },
      { "monster": "mon_zombie_bio_dormant_armed", "weight": 2, "cost_multiplier": 15, "starts": "168 hours" }
    ]
  },
  {
    "id": "GROUP_MIL_BASE_HOSPITAL",
    "type": "monstergroup",
    "override": false,
    "auto_total": true,
    "monsters": [
      { "monster": "mon_zombie_bio_dormant_unarmed", "weight": 3, "cost_multiplier": 15, "starts": "336 hours" },
      { "monster": "mon_zombie_bio_dormant_armed", "weight": 2, "cost_multiplier": 15, "starts": "336 hours" }
    ]
  },
  {
    "id": "GROUP_MIL_WEAK",
    "type": "monstergroup",
    "override": false,
    "auto_total": true,
    "monsters": [
      { "monster": "mon_zombie_bio_dormant_unarmed", "weight": 10, "cost_multiplier": 15, "starts": "336 hours" },
      { "monster": "mon_zombie_bio_dormant_armed", "weight": 15, "cost_multiplier": 15, "starts": "336 hours" }
    ]
  },
  {
    "id": "GROUP_MIL_STRONG",
    "type": "monstergroup",
    "override": false,
    "auto_total": true,
    "monsters": [
      { "monster": "mon_zombie_bio_dormant_unarmed", "weight": 25, "cost_multiplier": 15 },
      { "monster": "mon_zombie_bio_dormant_armed", "weight": 25, "cost_multiplier": 15 }
    ]
  },
  {
    "id": "GROUP_HOSPITAL",
    "type": "monstergroup",
    "override": false,
    "auto_total": true,
    "monsters": [
      { "monster": "mon_zombie_bio_dormant_unarmed", "weight": 15, "cost_multiplier": 15, "starts": "240 hours" },
      { "monster": "mon_zombie_bio_dormant_armed", "weight": 10, "cost_multiplier": 15, "starts": "240 hours" }
    ]
  },
  {
    "id": "GROUP_STEEL_MILL",
    "type": "monstergroup",
    "override": false,
    "auto_total": true,
    "monsters": [
      { "monster": "mon_zombie_bio_dormant_unarmed", "weight": 25, "cost_multiplier": 15, "starts": "240 hours" },
      { "monster": "mon_zombie_bio_dormant_armed", "weight": 25, "cost_multiplier": 15, "starts": "240 hours" }
    ]
  },
  {
    "id": "GROUP_FUNGI",
    "type": "monstergroup",
    "override": false,
    "auto_total": true,
    "monsters": [ { "monster": "mon_fungus_failed_weapon", "weight": 25, "cost_multiplier": 20, "starts": "168 hours" } ]
  },
  {
    "id": "GROUP_FUNGI_TOWER",
    "type": "monstergroup",
    "override": false,
    "auto_total": true,
    "monsters": [ { "monster": "mon_fungus_failed_weapon", "weight": 25, "cost_multiplier": 20, "starts": "168 hours" } ]
  },
  {
    "id": "GROUP_FUNGI_FLOWERS",
    "type": "monstergroup",
    "override": false,
    "auto_total": true,
    "monsters": [ { "monster": "mon_fungus_failed_weapon", "weight": 25, "cost_multiplier": 20, "starts": "168 hours" } ]
  },
  {
    "type": "monstergroup",
    "id": "GROUP_ZOMBIE_SUPER_SOLDIER_RANDOM",
    "//": "Picks an unevolved super soldier at random.",
    "monsters": [
      { "monster": "mon_zombie_bio_dormant_armed", "weight": 400, "cost_multiplier": 0 },
      { "monster": "mon_zombie_bio_dormant_unarmed", "weight": 600 }
    ]
  },
  {
    "type": "monstergroup",
    "id": "GROUP_ZOMBIE_SUPER_SOLDIER_UPGRADE",
    "//": "Upgrade group for the armed variant of zombie super soldiers.",
    "monsters": [
      { "monster": "mon_zombie_bio_infantry_shotgun", "weight": 200, "cost_multiplier": 25 },
      { "monster": "mon_zombie_bio_knight_lmg", "weight": 150, "cost_multiplier": 30 },
      { "monster": "mon_zombie_bio_knight_lauhcher", "weight": 50, "cost_multiplier": 50 },
      { "monster": "mon_zombie_bio_scout_sniper", "weight": 100, "cost_multiplier": 40 },
      { "monster": "mon_zombie_bio_tool_pistol", "weight": 200, "cost_multiplier": 10 },
      { "monster": "mon_zombie_bio_tool_smg", "weight": 100, "cost_multiplier": 15 },
      { "monster": "mon_zombie_bio_infantry_rifle", "weight": 200 }
    ]
  }
]
