[
  {
    "id": "CBM_FAILED_BIO",
    "type": "harvest",
    "entries": [
      { "drop": "mutant_blood", "type": "blood", "mass_ratio": 0.1 },
      { "drop": "mutant_human_flesh", "type": "flesh", "mass_ratio": 0.2 },
      { "drop": "hstomach_large", "scale_num": [ 1, 1 ], "max": 1, "type": "offal" },
      { "drop": "mutant_human_fat", "type": "flesh", "mass_ratio": 0.1 },
      { "drop": "bone_human", "type": "bone", "mass_ratio": 0.12 },
      { "drop": "sinew", "type": "bone", "mass_ratio": 0.001 },
      { "drop": "raw_hleather", "type": "skin", "mass_ratio": 0.01 },
      { "drop": "alloy_sheet", "type": "skin", "mass_ratio": 0.035 }
    ]
  },
  {
    "id": "CBM_FAILED_BIO_ZOMBIE",
    "type": "harvest",
    "entries": [
      { "drop": "blood_tainted", "type": "blood", "mass_ratio": 0.1 },
      { "drop": "meat_tainted", "type": "flesh", "mass_ratio": 0.25 },
      { "drop": "fat_tainted", "type": "flesh", "mass_ratio": 0.08 },
      { "drop": "bone_tainted", "type": "bone", "mass_ratio": 0.1 },
      { "drop": "raw_tainted_leather", "type": "skin", "mass_ratio": 0.01 },
      { "drop": "alloy_sheet", "type": "skin", "mass_ratio": 0.035 }
    ]
  },
  {
    "id": "CBM_APOPHIS",
    "type": "harvest",
    "entries": [
      { "drop": "mutant_blood", "type": "blood", "mass_ratio": 0.1 },
      { "drop": "mutant_human_flesh", "type": "flesh", "mass_ratio": 0.2 },
      { "drop": "hstomach_large", "scale_num": [ 1, 1 ], "max": 1, "type": "offal" },
      { "drop": "mutant_human_fat", "type": "flesh", "mass_ratio": 0.1 },
      { "drop": "bone_human", "type": "bone", "mass_ratio": 0.12 },
      { "drop": "sinew", "type": "bone", "mass_ratio": 0.001 },
      { "drop": "raw_hleather", "type": "skin", "mass_ratio": 0.01 },
      { "drop": "alloy_sheet", "type": "skin", "mass_ratio": 0.035 }
    ]
  },
  {
    "id": "CBM_SOLDAT_ZOMBIE_GENERIC",
    "type": "harvest",
    "entries": [
      { "drop": "blood_tainted", "type": "blood", "mass_ratio": 0.1 },
      { "drop": "meat_tainted", "type": "flesh", "mass_ratio": 0.25 },
      { "drop": "fat_tainted", "type": "flesh", "mass_ratio": 0.08 },
      { "drop": "bone_tainted", "type": "bone", "mass_ratio": 0.1 }
    ]
  },
  {
    "id": "CBM_SOLDAT_ZOMBIE",
    "type": "harvest",
    "entries": [
      { "drop": "blood_tainted", "type": "blood", "mass_ratio": 0.1 },
      { "drop": "meat_tainted", "type": "flesh", "mass_ratio": 0.25 },
      { "drop": "fat_tainted", "type": "flesh", "mass_ratio": 0.08 },
      { "drop": "bone_tainted", "type": "bone", "mass_ratio": 0.1 }
    ]
  },
  {
    "id": "CBM_SOLDAT_KNIGHT_ZOMBIE",
    "type": "harvest",
    "entries": [
      { "drop": "blood_tainted", "type": "blood", "mass_ratio": 0.1 },
      { "drop": "meat_tainted", "type": "flesh", "mass_ratio": 0.25 },
      { "drop": "fat_tainted", "type": "flesh", "mass_ratio": 0.08 },
      { "drop": "bone_tainted", "type": "bone", "mass_ratio": 0.1 }
    ]
  },
  {
    "id": "CBM_SOLDAT_SNIPER_ZOMBIE",
    "type": "harvest",
    "entries": [
      { "drop": "blood_tainted", "type": "blood", "mass_ratio": 0.1 },
      { "drop": "meat_tainted", "type": "flesh", "mass_ratio": 0.25 },
      { "drop": "fat_tainted", "type": "flesh", "mass_ratio": 0.08 },
      { "drop": "bone_tainted", "type": "bone", "mass_ratio": 0.1 }
    ]
  },
  {
    "id": "CBM_SOLDAT_TOOL_ZOMBIE",
    "type": "harvest",
    "entries": [
      { "drop": "blood_tainted", "type": "blood", "mass_ratio": 0.1 },
      { "drop": "meat_tainted", "type": "flesh", "mass_ratio": 0.25 },
      { "drop": "fat_tainted", "type": "flesh", "mass_ratio": 0.08 },
      { "drop": "bone_tainted", "type": "bone", "mass_ratio": 0.1 }
    ]
  },
  {
    "id": "c_mi_go_multi_worker",
    "type": "harvest",
    "entries": [
      { "drop": "meat_tainted", "type": "flesh", "mass_ratio": 0.4 },
      { "drop": "fat_tainted", "type": "flesh", "mass_ratio": 0.1 },
      { "drop": "fat_tainted", "type": "offal", "mass_ratio": 0.1 }
    ]
  },
  {
    "id": "c_mi_go_multi_slaver",
    "type": "harvest",
    "entries": [
      { "drop": "meat_tainted", "type": "flesh", "mass_ratio": 0.4 },
      { "drop": "fat_tainted", "type": "flesh", "mass_ratio": 0.1 },
      { "drop": "fat_tainted", "type": "offal", "mass_ratio": 0.1 }
    ]
  },
  {
    "id": "c_mi_go_multi_surgeon",
    "type": "harvest",
    "entries": [
      { "drop": "meat_tainted", "type": "flesh", "mass_ratio": 0.4 },
      { "drop": "fat_tainted", "type": "flesh", "mass_ratio": 0.1 },
      { "drop": "fat_tainted", "type": "offal", "mass_ratio": 0.1 }
    ]
  },
  {
    "id": "c_mi_go_multi_guard",
    "type": "harvest",
    "entries": [
      { "drop": "meat_tainted", "type": "flesh", "mass_ratio": 0.4 },
      { "drop": "fat_tainted", "type": "flesh", "mass_ratio": 0.1 },
      { "drop": "fat_tainted", "type": "offal", "mass_ratio": 0.1 }
    ]
  },
  {
    "id": "c_mi_go_multi_myrmidon",
    "type": "harvest",
    "entries": [
      { "drop": "meat_tainted", "type": "flesh", "mass_ratio": 0.4 },
      { "drop": "fat_tainted", "type": "flesh", "mass_ratio": 0.1 },
      { "drop": "fat_tainted", "type": "offal", "mass_ratio": 0.1 }
    ]
  },
  {
    "id": "c_mi_go_multi_scout",
    "type": "harvest",
    "entries": [
      { "drop": "meat_tainted", "type": "flesh", "mass_ratio": 0.4 },
      { "drop": "fat_tainted", "type": "flesh", "mass_ratio": 0.1 },
      { "drop": "fat_tainted", "type": "offal", "mass_ratio": 0.1 }
    ]
  }
]
