[
  {
    "id": "neo_laser_pistol_monster",
    "copy-from": "neo_laser_pistol",
    "type": "ITEM",
    "subtypes": [ "GUN" ],
    "name": { "str": "zombie super soldier pistol" },
    "description": "Version of the NEO-33 for use by monsters.  This is a bug if you find one of these!",
    "dispersion": 2000,
    "sight_dispersion": 500,
    "ammo_to_fire": 1
  },
  {
    "id": "akro_laser_smg_monster",
    "copy-from": "akro_laser_smg",
    "type": "ITEM",
    "subtypes": [ "GUN" ],
    "name": { "str": "zombie super soldier smg" },
    "description": "Version of the AKRO-388 for use by monsters.  This is a bug if you find one of these!",
    "dispersion": 3000,
    "sight_dispersion": 500,
    "ammo_to_fire": 1
  },
  {
    "id": "arc_laser_rifle_monster",
    "copy-from": "arc_laser_rifle",
    "type": "ITEM",
    "subtypes": [ "GUN" ],
    "name": { "str": "zombie super soldier rifle" },
    "description": "Version of the ARC-314 for use by monsters.  This is a bug if you find one of these!",
    "dispersion": 4000,
    "sight_dispersion": 500,
    "ammo_to_fire": 1
  },
  {
    "id": "krx_laser_lmg_monster",
    "copy-from": "krx_laser_lmg",
    "type": "ITEM",
    "subtypes": [ "GUN" ],
    "name": { "str": "zombie super soldier LMG" },
    "description": "Version of the KRX-108 for use by monsters, to account for increased accuracy of ranged attacks.  This is a bug if you find one of these!",
    "dispersion": 5000,
    "sight_dispersion": 500,
    "ammo_to_fire": 1
  },
  {
    "id": "laser_sniper_monster",
    "copy-from": "mx_laser_sniper",
    "type": "ITEM",
    "subtypes": [ "GUN" ],
    "name": { "str": "zombie super soldier sniper" },
    "description": "Version of the MX-84 for use by monsters, to account for increased accuracy of ranged attacks.  This is a bug if you find one of these!",
    "dispersion": 6000,
    "sight_dispersion": 250,
    "ammo_to_fire": 1
  },
  {
    "id": "xarm_laser_shotgun_monster",
    "copy-from": "xarm_laser_shotgun",
    "type": "ITEM",
    "subtypes": [ "GUN" ],
    "name": { "str": "zombie super soldier shotgun" },
    "description": "Version of the XARM-37 for use by monsters.  This is a bug if you find one of these!",
    "dispersion": 2000,
    "sight_dispersion": 250,
    "ammo_to_fire": 1
  },
  {
    "id": "mk_ionic_cannon_monster",
    "copy-from": "mx_laser_sniper",
    "type": "ITEM",
    "subtypes": [ "GUN" ],
    "name": { "str": "zombie super soldier cannon" },
    "description": "Version of the MK-2 for use by monsters, to account for increased accuracy of ranged attacks.  Copies from MX-84 instead because for some wacky reason the MK2 itself doesn't work right in the hands of monsters.  This is a bug if you find one of these!",
    "skill": "launcher",
    "dispersion": 6000,
    "sight_dispersion": 500,
    "ammo_effects": [ "PLASMA", "EXPLOSIVE_HUGE", "STREAM_BIG", "WIDE", "EMP", "FLASHBANG" ],
    "ammo_to_fire": 1
  },
  {
    "id": "bio_laser_minigun_monster",
    "type": "ITEM",
    "subtypes": [ "GUN" ],
    "copy-from": "fake_item",
    "name": { "str": "monster laser gatling" },
    "description": "Used to give Bio-Weapon Apophis a mockup of the laser gatling with a shorter burst size.  This is a bug if you find one of these!",
    "ammo_effects": [ "NEVER_MISFIRES", "LASER" ],
    "flags": [ "NEVER_JAMS" ],
    "skill": "rifle",
    "durability": 10,
    "range": 30,
    "dispersion": 5000,
    "sight_dispersion": 1000,
    "modes": [ [ "DEFAULT", "auto", 3 ] ],
    "ranged_damage": { "damage_type": "heat", "amount": 25, "armor_penetration": 15 }
  }
]
