[
  {
    "id": "TALK_BFF",
    "type": "talk_topic",
    "dynamic_line": {
      "u_has_trait": "PROF_PREPPER_HOLDOUT",
      "yes": {
        "compare_string": [ "yes", { "npc_val": "c_var_prepper_met" } ],
        "yes": "What's up?  Whenever you feel like hitting the road, I'm with you.",
        "no": {
          "u_male": true,
          "yes": "Holy shit man, you're still alive?!  I'm glad, I thought I was going to have to deal with all this alone.  We've got shelter and supplies at least.  Whenever you want to head out, I'll follow your lead.",
          "no": "Holy shit girl, you're still alive?!  I'm glad, I thought I was going to have to deal with all this alone.  We've got shelter and supplies at least.  Whenever you want to head out, I'll follow your lead."
        }
      },
      "no": "Greetings.  Damn, I was hoping to run into somebody else… at least we're both still in one piece, I guess."
    },
    "speaker_effect": {
      "condition": {
        "and": [
          { "u_has_trait": "PROF_PREPPER_HOLDOUT" },
          { "not": { "compare_string": [ "yes", { "npc_val": "c_var_prepper_met" } ] } }
        ]
      },
      "effect": { "npc_add_var": "c_var_prepper_met", "value": "yes" },
      "opinion": { "trust": 8, "value": 8, "anger": -4, "fear": -4 }
    },
    "responses": [
      {
        "text": "Another survivor!  We should travel together.",
        "condition": { "not": { "u_has_trait": "PROF_PREPPER_HOLDOUT" } },
        "topic": "TALK_SUGGEST_FOLLOW"
      },
      {
        "text": "What are you doing?",
        "condition": { "not": { "u_has_trait": "PROF_PREPPER_HOLDOUT" } },
        "topic": "TALK_DESCRIBE_MISSION"
      },
      {
        "text": "Care to trade?",
        "topic": "TALK_DONE",
        "condition": { "not": { "u_has_trait": "PROF_PREPPER_HOLDOUT" } },
        "effect": "start_trade"
      },
      {
        "text": "Sure, let's head out!",
        "condition": { "u_has_trait": "PROF_PREPPER_HOLDOUT" },
        "effect": "follow",
        "topic": "TALK_DONE"
      },
      { "text": "See you later.", "topic": "TALK_DONE" }
    ]
  }
]
