[
  {
    "id": "bot_laserturret",
    "//": "A full override for this and broken_laserturret is retained due to these items being obsolete, with no guarantee that they won't simply be removed in the future.",
    "type": "ITEM",
    "subtypes": [ "TOOL" ],
    "name": { "str": "inactive laser turret" },
    "description": "This is an inactive laser turret.  Using this item involves turning it on and placing it on the ground, where it will attach itself.  If reprogrammed and rewired successfully the turret will identify you as a friendly, and attack all enemies with its revolving laser cannons.  It requires sunlight in order to fire.",
    "weight": "40750 g",
    "volume": "30 L",
    "price": "6000 USD",
    "price_postapoc": "120 USD",
    "to_hit": -3,
    "melee_damage": { "bash": 8 },
    "material": [ "steel", "plastic" ],
    "symbol": ";",
    "color": "white",
    "use_action": {
      "type": "place_monster",
      "monster_id": "mon_laserturret",
      "difficulty": 6,
      "moves": 100,
      "skills": [ "electronics", "computer" ]
    }
  },
  {
    "type": "ITEM",
    "id": "broken_laserturret",
    "symbol": ",",
    "color": "green",
    "name": { "str": "broken laser turret" },
    "weight": "110 kg",
    "copy-from": "broken_turret"
  }
]
