[
  {
    "id": "c_surv_rv_military",
    "type": "vehicle",
    "name": "Survivor's Militarized RV",
    "blueprint": [
      [ "|''-++++-+|" ],
      [ "t#TV&F##|t'" ],
      [ "+==+====+H'" ],
      [ "|==|====|H'" ],
      [ "t=#V#W#=|t'" ],
      [ "|''-'''+-+|" ]
    ],
    "parts": [
      { "x": -9, "y": -1, "parts": [ "hdframe#sw", "hdboard#sw", "omnicam", "plating_hard" ] },
      {
        "x": -8,
        "y": -1,
        "parts": [ "hdframe#vertical", "wheel_mount_heavy", "wheel_armor", "reinforced_windshield", "v_curtain", "plating_hard" ]
      },
      {
        "x": -7,
        "y": -1,
        "parts": [ "hdframe#vertical", "wheel_mount_heavy", "wheel_armor", "reinforced_windshield", "v_curtain", "plating_hard" ]
      },
      {
        "x": -6,
        "y": -1,
        "parts": [
          "hdframe#vertical",
          "hdboard#vertical",
          "storage_battery_mount",
          "storage_battery_removable",
          "floodlight",
          "plating_hard"
        ]
      },
      {
        "x": -5,
        "y": -1,
        "parts": [ "hdframe#vertical", "hdhatch_opaque#left", "omnicam", "plating_hard", "door_motor" ]
      },
      { "x": -4, "y": -1, "parts": [ "hdframe#vertical", "hdhatch_opaque#left", "plating_hard", "door_motor" ] },
      { "x": -3, "y": -1, "parts": [ "hdframe#vertical", "hdhatch_opaque#left", "plating_hard", "door_motor" ] },
      {
        "x": -2,
        "y": -1,
        "parts": [ "hdframe#vertical", "hdhatch_opaque#left", "floodlight", "plating_hard", "door_motor" ]
      },
      { "x": -1, "y": -1, "parts": [ "hdframe#vertical", "hdboard#vertical", "omnicam", "plating_hard" ] },
      {
        "x": 0,
        "y": -1,
        "parts": [
          "hdframe#vertical",
          "wheel_mount_heavy_steerable",
          "wheel_armor",
          "hddoor",
          "inboard_mirror",
          "plating_hard",
          "door_motor"
        ]
      },
      { "x": 1, "y": -1, "parts": [ "hdframe#nw", "hdhalfboard#nw", "headlight_reinforced", "plating_hard" ] },
      {
        "x": -9,
        "y": 0,
        "parts": [
          "hdframe#horizontal",
          "hdstowboard#horizontal",
          "turret_mount",
          "turret_ups_rifle",
          "controls_turret",
          "bike_rack",
          "muffler",
          "plating_hard"
        ]
      },
      {
        "x": -8,
        "y": 0,
        "parts": [ "hdframe#vertical_2", "seat_wood", "cam_control", "controls_electronic", "hdroof", "reinforced_solar_panel_v2" ]
      },
      {
        "x": -7,
        "y": 0,
        "parts": [ "hdframe#vertical_2", "veh_table_wood", "atomic_lamp", "hdroof", "reinforced_solar_panel_v2" ]
      },
      {
        "x": -6,
        "y": 0,
        "parts": [ "hdframe#vertical_2", "stowboard#horizontal", "recharge_station", "tank", "funnel", "water_faucet" ]
      },
      { "x": -5, "y": 0, "parts": [ "hdframe#vertical_2", "hdroof", "surv_station_t", "tank" ] },
      { "x": -4, "y": 0, "parts": [ "hdframe#vertical_2", "minifreezer", "hdroof" ] },
      { "x": -3, "y": 0, "parts": [ "hdframe#vertical_2", "cargo_space", "hdroof" ] },
      { "x": -2, "y": 0, "parts": [ "hdframe#vertical_2", "cargo_space", "hdroof" ] },
      { "x": -1, "y": 0, "parts": [ "hdframe#vertical_2", "stowboard#horizontal", "engine_electric_enhanced" ] },
      {
        "x": 0,
        "y": 0,
        "parts": [
          "hdframe#vertical_2",
          "turret_mount",
          "turret_ups_rifle",
          "controls_turret",
          "hdroof",
          "seat",
          "seatbelt_heavyduty",
          "storage_battery",
          "cam_control",
          "controls",
          "dashboard",
          "vehicle_clock",
          "vehicle_alarm",
          "stereo",
          "horn_big"
        ]
      },
      { "x": 1, "y": 0, "parts": [ "hdframe#horizontal", "reinforced_windshield", "plating_hard" ] },
      {
        "x": -9,
        "y": 1,
        "parts": [ "hdframe#horizontal", "hddoor_opaque", "bike_rack", "floodlight", "plating_hard" ]
      },
      {
        "x": -8,
        "y": 1,
        "parts": [ "hdframe#vertical_2", "aisle#horizontal", "hdroof", "reinforced_solar_panel_v2" ]
      },
      {
        "x": -7,
        "y": 1,
        "parts": [ "hdframe#vertical_2", "aisle#horizontal", "hdroof", "reinforced_solar_panel_v2" ]
      },
      { "x": -6, "y": 1, "parts": [ "hdframe#vertical_2", "hdroof", "door_internal" ] },
      { "x": -5, "y": 1, "parts": [ "hdframe#vertical_2", "aisle#horizontal", "aisle_lights", "hdroof" ] },
      { "x": -4, "y": 1, "parts": [ "hdframe#vertical_2", "aisle#horizontal", "hdroof" ] },
      { "x": -3, "y": 1, "parts": [ "hdframe#vertical_2", "aisle#horizontal", "hdroof" ] },
      { "x": -2, "y": 1, "parts": [ "hdframe#vertical_2", "aisle#horizontal", "hdroof" ] },
      { "x": -1, "y": 1, "parts": [ "hdframe#vertical_2", "hdroof", "door_internal", "door_motor" ] },
      {
        "x": 0,
        "y": 1,
        "parts": [ "hdframe#vertical_2", "trunk_floor", "storage_battery", "inboard_mirror", "hdroof" ]
      },
      { "x": 1, "y": 1, "parts": [ "hdframe#horizontal", "reinforced_windshield", "plating_hard" ] },
      {
        "x": -9,
        "y": 2,
        "parts": [ "hdframe#horizontal", "hdstowboard#horizontal", "bike_rack", "floodlight", "plating_hard" ]
      },
      {
        "x": -8,
        "y": 2,
        "parts": [ "hdframe#vertical_2", "aisle#horizontal", "hdroof", "reinforced_solar_panel_v2" ]
      },
      {
        "x": -7,
        "y": 2,
        "parts": [ "hdframe#vertical_2", "aisle#horizontal", "hdroof", "reinforced_solar_panel_v2" ]
      },
      { "x": -6, "y": 2, "parts": [ "hdframe#vertical_2", "stowboard#horizontal", "recharge_station" ] },
      { "x": -5, "y": 2, "parts": [ "hdframe#vertical_2", "aisle#horizontal", "hdroof" ] },
      { "x": -4, "y": 2, "parts": [ "hdframe#vertical_2", "aisle#horizontal", "hdroof" ] },
      { "x": -3, "y": 2, "parts": [ "hdframe#vertical_2", "aisle#horizontal", "hdroof" ] },
      { "x": -2, "y": 2, "parts": [ "hdframe#vertical_2", "aisle#horizontal", "hdroof" ] },
      { "x": -1, "y": 2, "parts": [ "hdframe#vertical_2", "stowboard#horizontal" ] },
      { "x": 0, "y": 2, "parts": [ "hdframe#vertical_2", "trunk_floor", "storage_battery", "hdroof" ] },
      { "x": 1, "y": 2, "parts": [ "hdframe#horizontal", "reinforced_windshield", "plating_hard" ] },
      {
        "x": -9,
        "y": 3,
        "parts": [
          "hdframe#horizontal",
          "hdstowboard#horizontal",
          "turret_mount",
          "turret_ups_rifle",
          "controls_turret",
          "bike_rack",
          "muffler",
          "plating_hard"
        ]
      },
      { "x": -8, "y": 3, "parts": [ "hdframe#vertical_2", "bed", "hdroof", "reinforced_solar_panel_v2" ] },
      {
        "x": -7,
        "y": 3,
        "parts": [ "hdframe#vertical_2", "aisle#horizontal", "aisle_lights", "hdroof", "reinforced_solar_panel_v2" ]
      },
      {
        "x": -6,
        "y": 3,
        "parts": [ "hdframe#vertical_2", "stowboard#horizontal", "recharge_station", "tank", "funnel", "water_faucet" ]
      },
      { "x": -5, "y": 3, "parts": [ "hdframe#vertical_2", "hdroof", "seat_wood" ] },
      { "x": -4, "y": 3, "parts": [ "hdframe#vertical_2", "workbench", "hdroof" ] },
      { "x": -3, "y": 3, "parts": [ "hdframe#vertical_2", "seat_wood", "hdroof" ] },
      { "x": -2, "y": 3, "parts": [ "hdframe#vertical_2", "aisle#horizontal", "aisle_lights", "hdroof" ] },
      { "x": -1, "y": 3, "parts": [ "hdframe#vertical_2", "stowboard#horizontal", "engine_electric_enhanced" ] },
      {
        "x": 0,
        "y": 3,
        "parts": [
          "hdframe#vertical_2",
          "seat",
          "seatbelt_heavyduty",
          "storage_battery",
          "turret_mount",
          "turret_ups_rifle",
          "controls_turret",
          "hdroof"
        ]
      },
      { "x": 1, "y": 3, "parts": [ "hdframe#horizontal", "reinforced_windshield", "plating_hard" ] },
      { "x": -9, "y": 4, "parts": [ "hdframe#se", "hdboard#se", "omnicam", "plating_hard" ] },
      {
        "x": -8,
        "y": 4,
        "parts": [ "hdframe#vertical", "wheel_mount_heavy", "wheel_armor", "reinforced_windshield", "v_curtain", "plating_hard" ]
      },
      {
        "x": -7,
        "y": 4,
        "parts": [ "hdframe#vertical", "wheel_mount_heavy", "wheel_armor", "reinforced_windshield", "v_curtain", "plating_hard" ]
      },
      { "x": -6, "y": 4, "parts": [ "hdframe#vertical", "hdboard#vertical", "floodlight", "plating_hard" ] },
      {
        "x": -5,
        "y": 4,
        "parts": [
          "hdframe#vertical",
          "storage_battery_mount",
          "storage_battery_removable",
          "omnicam",
          "reinforced_windshield",
          "v_curtain",
          "plating_hard"
        ]
      },
      { "x": -4, "y": 4, "parts": [ "hdframe#vertical", "reinforced_windshield", "v_curtain", "plating_hard" ] },
      { "x": -3, "y": 4, "parts": [ "hdframe#vertical", "reinforced_windshield", "v_curtain", "plating_hard" ] },
      {
        "x": -2,
        "y": 4,
        "parts": [ "hdframe#vertical", "hddoor_opaque#right", "floodlight", "plating_hard", "door_motor" ]
      },
      { "x": -1, "y": 4, "parts": [ "hdframe#vertical", "hdboard#vertical", "omnicam", "plating_hard" ] },
      {
        "x": 0,
        "y": 4,
        "parts": [
          "hdframe#vertical",
          "wheel_mount_heavy_steerable",
          "wheel_armor",
          "hddoor",
          "inboard_mirror",
          "plating_hard",
          "door_motor"
        ]
      },
      { "x": 1, "y": 4, "parts": [ "hdframe#ne", "hdhalfboard#ne", "headlight_reinforced", "plating_hard" ] }
    ],
    "items": [
      { "x": -9, "y": 0, "chance": 50, "items": [ "folded_bicycle" ] },
      { "x": -9, "y": 2, "chance": 75, "items": [ "jack" ] },
      { "x": -9, "y": 2, "chance": 75, "items": [ "wheel_armor" ] },
      { "x": -9, "y": 3, "chance": 75, "items": [ "jerrycan_big" ] },
      { "x": -9, "y": 3, "chance": 75, "items": [ "hose" ] },
      { "x": -8, "y": 3, "chance": 75, "items": [ "gown" ] },
      { "x": -8, "y": 3, "chance": 75, "items": [ "ear_plugs" ] },
      { "x": -8, "y": 3, "chance": 75, "items": [ "blindfold" ] },
      { "x": -7, "y": 0, "chance": 50, "items": [ "survivormap" ] },
      { "x": -7, "y": 0, "chance": 25, "item_groups": [ "encylopedias_rare" ] },
      { "x": -2, "y": 0, "chance": 75, "item_groups": [ "supplies_metal", "supplies_metal" ] },
      { "x": -2, "y": 0, "chance": 50, "item_groups": [ "supplies_electronics", "supplies_electronics" ] },
      { "x": -2, "y": 0, "chance": 25, "item_groups": [ "supplies_spares_vehicle", "supplies_spares_vehicle" ] },
      { "x": -3, "y": 0, "chance": 50, "items": [ "surv_lmg_223", "surv_belt_223", "223", "223", "223" ] },
      { "x": -3, "y": 0, "chance": 75, "item_groups": [ "drugs_heal_simple" ] },
      { "x": -3, "y": 0, "chance": 50, "item_groups": [ "drugs_heal_simple" ] },
      { "x": -4, "y": 3, "chance": 75, "items": [ "goggles_welding" ] },
      { "x": -4, "y": 0, "chance": 75, "item_groups": [ "stash_food" ] },
      { "x": -4, "y": 0, "chance": 50, "item_groups": [ "stash_food" ] },
      { "x": -4, "y": 0, "chance": 25, "item_groups": [ "stash_food" ] }
    ]
  },
  {
    "id": "surv_tractor",
    "type": "vehicle",
    "name": "Survivor Tractor",
    "blueprint": [
      [ "O---O" ],
      [ "8|=x|" ],
      [ "O-+-O" ]
    ],
    "parts": [
      { "x": 0, "y": 1, "parts": [ "hdframe#vertical", "door_opaque" ] },
      { "x": 0, "y": 0, "parts": [ "reaper_advanced", "hdroof" ] },
      { "x": 0, "y": -1, "parts": [ "hdframe#vertical", "hdboard#vertical" ] },
      { "x": 1, "y": 1, "parts": [ "hdframe#vertical", "reinforced_windshield" ] },
      { "x": 1, "y": 0, "parts": [ "hdframe#vertical_2", "controls", "seat", "seatbelt_heavyduty", "hdroof" ] },
      { "x": 1, "y": -1, "parts": [ "hdframe#vertical", "reinforced_windshield" ] },
      {
        "x": 2,
        "y": 1,
        "parts": [ "hdframe#ne", "headlight", "wheel_mount_medium_steerable", "wheel_wide_or", "reinforced_windshield" ]
      },
      { "x": 2, "y": 0, "parts": [ "hdframe#horizontal", "reinforced_windshield", "omnicam" ] },
      {
        "x": 2,
        "y": -1,
        "parts": [ "hdframe#nw", "headlight", "wheel_mount_medium_steerable", "wheel_wide_or", "reinforced_windshield" ]
      },
      {
        "x": -1,
        "y": 1,
        "parts": [ "hdframe#cross", "storage_battery_mount", "storage_battery_removable", "hdboard#se" ]
      },
      { "x": -1, "y": 0, "parts": [ "plow", "hdboard#horizontal" ] },
      {
        "x": -1,
        "y": -1,
        "parts": [ "hdframe#cross", "storage_battery_mount", "storage_battery_removable", "hdboard#sw" ]
      },
      {
        "x": -2,
        "y": 1,
        "parts": [
          "hdframe#se",
          "engine_electric",
          "storage_battery_mount",
          "storage_battery_removable",
          "cargo_space",
          "wheel_mount_medium_steerable",
          "wheel_wide_or"
        ]
      },
      { "x": -2, "y": 0, "parts": [ "seed_drill_advanced" ] },
      {
        "x": -2,
        "y": -1,
        "parts": [
          "hdframe#sw",
          "engine_electric",
          "storage_battery_mount",
          "storage_battery_removable",
          "cargo_space",
          "wheel_mount_medium_steerable",
          "wheel_wide_or"
        ]
      }
    ]
  },
  {
    "id": "surv_tachanka",
    "type": "vehicle",
    "name": "Survivor Gun Cart",
    "blueprint": [
      [ "O O-" ],
      [ "#=# " ],
      [ "O O-" ]
    ],
    "parts": [
      { "x": -2, "y": -1, "parts": [ "frame_wood#cross", "wheel_mount_wood", "wheel_wood_b", "wooden_aisle#vertical" ] },
      {
        "x": -2,
        "y": 0,
        "parts": [
          "frame_wood#cross",
          "seat_wood",
          "turret_mount",
          {
            "ammo_types": [ "reloaded_762_54R", "bp_762_54R" ],
            "part": "turret_surv_lmg_762R",
            "ammo": 60,
            "ammo_qty": [ 5, 75 ]
          }
        ]
      },
      {
        "x": -2,
        "y": 1,
        "parts": [ "frame_wood#cross", "wheel_mount_wood", "wheel_wood_b", "wooden_aisle#vertical" ]
      },
      { "x": -1, "y": 0, "parts": [ "frame_wood#cross", "wood box" ] },
      { "x": 0, "y": 0, "parts": [ "frame_wood#cross", "seat_wood", "reins_tackle" ] },
      {
        "x": 0,
        "y": -1,
        "parts": [ "frame_wood#cross", "wheel_mount_wood_steerable", "wheel_wood_b", "wooden_aisle#vertical" ]
      },
      {
        "x": 0,
        "y": 1,
        "parts": [ "frame_wood#cross", "wheel_mount_wood_steerable", "wheel_wood_b", "wooden_aisle#vertical" ]
      },
      { "x": 1, "y": 1, "parts": [ "yoke_harness" ] },
      { "x": 1, "y": -1, "parts": [ "yoke_harness" ] }
    ],
    "items": [ { "x": -1, "y": 0, "chance": 100, "item_groups": [ "tachanka_loot" ] } ]
  }
]
