[
  {
    "type": "ITEM",
    "id": "surv_station",
    "//": "Actual item",
    "name": "survivor's station",
    "description": "A makeshift vehicle mountable station comprised of many utilities, all compressed into a single unit.  Has no cargo space due to all the components it is made out of.",
    "weight": "123134 g",
    "to_hit": -2,
    "color": "light_red",
    "symbol": "&",
    "looks_like": "craftrig",
    "material": [ "steel" ],
    "volume": "30 L",
    "category": "veh_parts",
    "price": "800 USD"
  },
  {
    "type": "vehicle_part",
    "id": "surv_station_t",
    "//": "Almost all utilities in one!",
    "name": "survivor's station unit",
    "description": "A makeshift vehicle mountable station comprised of many utilities, all compressed into a single unit.  Combines the functionality of a vehicle kitchen unit, forge, welder, chemistry set, and all of the myriad functions of the FOODCO kitchen buddy.  As a consequence, it leaves no space left for storage.",
    "looks_like": "craft_rig",
    "variants": [ { "symbols": "&", "symbols_broken": "x" } ],
    "broken_color": "light_red",
    "damage_modifier": 80,
    "durability": 100,
    "item": "surv_station",
    "location": "center",
    "flags": [ "OBSTACLE" ],
    "pseudo_tools": [
      { "id": "vac_sealer" },
      { "id": "dehydrator" },
      { "id": "water_purifier", "hotkey": "p" },
      { "id": "food_processor" },
      { "id": "press" },
      { "id": "puller" },
      { "id": "chemistry_set" },
      { "id": "electrolysis_kit" },
      { "id": "water_faucet" },
      { "id": "forge" },
      { "id": "hotplate", "hotkey": "h" },
      { "id": "pot" },
      { "id": "pan" },
      { "id": "welder", "hotkey": "w" },
      { "id": "soldering_iron", "hotkey": "s" }
    ],
    "breaks_into": [
      { "item": "steel_lump", "count": [ 30, 40 ] },
      { "item": "steel_chunk", "count": [ 30, 40 ] },
      { "item": "scrap", "count": [ 30, 40 ] },
      { "item": "circuit", "count": [ 30, 40 ] },
      { "item": "e_scrap", "count": [ 30, 40 ] },
      { "item": "amplifier", "count": [ 30, 40 ] }
    ],
    "requirements": {
      "install": { "skills": [ [ "mechanics", 6 ] ], "time": "60 m", "using": [ [ "vehicle_wrench_2", 1 ] ] },
      "removal": { "skills": [ [ "mechanics", 5 ] ], "time": "30 m", "using": [ [ "vehicle_wrench_2", 1 ] ] },
      "repair": { "skills": [ [ "mechanics", 7 ] ], "time": "60 m", "using": [ [ "welding_standard", 5 ] ] }
    }
  },
  {
    "id": "generator_electric_tiny",
    "copy-from": "vehicle_alternator",
    "type": "vehicle_part",
    "name": "tiny electric dynamo",
    "description": "An electric motor improvised to serve as an electric generator, to be attached to an internal combustion engine.  Much less efficient compared to its normal application as a motor.",
    "item": "motor_tiny",
    "folded_volume": "250 ml",
    "durability": 80,
    "power": "-800 W",
    "epower": "320 W",
    "//": "All improvised electric dynamos set to use input matching their motor counterpart's power output, and an output offering half their normal efficiency.",
    "damage_modifier": 80,
    "breaks_into": [
      { "item": "plastic_chunk", "count": [ 1, 2 ] },
      { "item": "scrap", "count": [ 1, 2 ] },
      { "item": "cable", "charges": [ 1, 3 ] }
    ],
    "requirements": {
      "install": { "skills": [ [ "mechanics", 1 ] ], "time": "60 m", "using": [ [ "vehicle_screw", 1 ] ] },
      "removal": { "skills": [ [ "mechanics", 2 ] ], "time": "30 m", "using": [ [ "vehicle_screw", 1 ] ] },
      "repair": { "skills": [ [ "mechanics", 2 ] ], "time": "60 m", "using": [ [ "adhesive", 1 ] ] }
    }
  },
  {
    "id": "generator_electric_small",
    "copy-from": "vehicle_alternator",
    "type": "vehicle_part",
    "name": "small electric dynamo",
    "description": "An electric motor improvised to serve as an electric generator, to be attached to an internal combustion engine.  Much less efficient compared to its normal application as a motor.",
    "item": "motor_small",
    "durability": 120,
    "power": "-7040 W",
    "epower": "3098 W",
    "damage_modifier": 80,
    "folded_volume": "250 ml",
    "breaks_into": [
      { "item": "steel_lump", "count": [ 1, 2 ] },
      { "item": "steel_chunk", "count": [ 1, 2 ] },
      { "item": "scrap", "count": [ 1, 2 ] },
      { "item": "cable", "charges": [ 3, 6 ] }
    ],
    "damage_reduction": { "all": 6 },
    "requirements": {
      "install": { "skills": [ [ "mechanics", 1 ] ], "time": "60 m", "using": [ [ "vehicle_screw", 1 ] ] },
      "removal": { "skills": [ [ "mechanics", 2 ] ], "time": "30 m", "using": [ [ "vehicle_screw", 1 ] ] },
      "repair": { "skills": [ [ "mechanics", 2 ] ], "time": "60 m", "using": [ [ "adhesive", 1 ] ] }
    }
  },
  {
    "id": "generator_electric",
    "copy-from": "vehicle_alternator",
    "type": "vehicle_part",
    "name": "electric dynamo",
    "description": "An electric motor improvised to serve as an electric generator, to be attached to an internal combustion engine.  Much less efficient compared to its normal application as a motor.",
    "item": "motor",
    "durability": 200,
    "power": "-36 kW",
    "epower": "16200 W",
    "damage_modifier": 80,
    "breaks_into": [
      { "item": "steel_lump", "count": [ 3, 5 ] },
      { "item": "steel_chunk", "count": [ 3, 5 ] },
      { "item": "scrap", "count": [ 3, 5 ] },
      { "item": "cable", "charges": [ 10, 15 ] }
    ],
    "damage_reduction": { "all": 32 },
    "requirements": {
      "install": { "skills": [ [ "mechanics", 2 ] ], "time": "60 m", "using": [ [ "vehicle_wrench_2", 1 ] ] },
      "removal": { "skills": [ [ "mechanics", 2 ] ], "time": "30 m", "using": [ [ "vehicle_wrench_2", 1 ] ] },
      "repair": { "skills": [ [ "mechanics", 3 ] ], "time": "60 m", "using": [ [ "welding_standard", 5 ] ] }
    }
  },
  {
    "id": "generator_electric_large",
    "copy-from": "vehicle_alternator",
    "type": "vehicle_part",
    "name": "large electric dynamo",
    "description": "An electric motor improvised to serve as an electric generator, to be attached to an internal combustion engine.  It would need a fairly powerful engine to effectively generate power, and it's much less efficient compared to its normal application as a motor.",
    "item": "motor_large",
    "durability": 400,
    "power": "-150 kW",
    "epower": "69018 W",
    "damage_modifier": 80,
    "breaks_into": [
      { "item": "steel_lump", "count": [ 3, 5 ] },
      { "item": "steel_chunk", "count": [ 3, 5 ] },
      { "item": "scrap", "count": [ 3, 5 ] },
      { "item": "cable", "charges": [ 10, 15 ] }
    ],
    "damage_reduction": { "all": 43 },
    "requirements": {
      "install": { "skills": [ [ "mechanics", 3 ] ], "time": "60 m", "using": [ [ "vehicle_wrench_2", 1 ] ] },
      "removal": { "skills": [ [ "mechanics", 2 ] ], "time": "30 m", "using": [ [ "vehicle_wrench_2", 1 ] ] },
      "repair": { "skills": [ [ "mechanics", 4 ] ], "time": "60 m", "using": [ [ "welding_standard", 5 ] ] }
    }
  },
  {
    "id": "generator_electric_enhanced",
    "copy-from": "vehicle_alternator",
    "type": "vehicle_part",
    "name": "enhanced electric dynamo",
    "description": "An electric motor improvised to serve as an electric generator, to be attached to an internal combustion engine.  It requires a rather powerful engine to operate, at reduced efficiency compared to its normal application as a motor.",
    "item": "motor_enhanced",
    "durability": 200,
    "power": "-282 kW",
    "epower": "132540 W",
    "damage_modifier": 80,
    "breaks_into": [
      { "item": "steel_lump", "count": [ 3, 5 ] },
      { "item": "steel_chunk", "count": [ 3, 5 ] },
      { "item": "scrap", "count": [ 3, 5 ] },
      { "item": "cable", "charges": [ 10, 15 ] }
    ],
    "damage_reduction": { "all": 50 },
    "requirements": {
      "install": { "skills": [ [ "mechanics", 4 ] ], "time": "60 m", "using": [ [ "vehicle_wrench_2", 1 ] ] },
      "removal": { "skills": [ [ "mechanics", 2 ] ], "time": "30 m", "using": [ [ "vehicle_wrench_2", 1 ] ] },
      "repair": { "skills": [ [ "mechanics", 5 ] ], "time": "60 m", "using": [ [ "welding_standard", 5 ] ] }
    }
  },
  {
    "id": "generator_electric_super",
    "copy-from": "vehicle_alternator",
    "type": "vehicle_part",
    "name": "super electric dynamo",
    "description": "An electric motor improvised to serve as an electric generator, to be attached to an internal combustion engine.  Even being less effective like this, its power output is immense.  You would need one hell of an engine to use this as a generator!",
    "item": "motor_super",
    "durability": 400,
    "power": "-475 kW",
    "epower": "225625 W",
    "damage_modifier": 80,
    "breaks_into": [
      { "item": "steel_lump", "count": [ 6, 10 ] },
      { "item": "steel_chunk", "count": [ 6, 10 ] },
      { "item": "scrap", "count": [ 6, 10 ] },
      { "item": "cable", "charges": [ 20, 30 ] }
    ],
    "damage_reduction": { "all": 60 },
    "requirements": {
      "install": { "skills": [ [ "mechanics", 5 ] ], "time": "60 m", "using": [ [ "vehicle_wrench_2", 1 ] ] },
      "removal": { "skills": [ [ "mechanics", 3 ] ], "time": "30 m", "using": [ [ "vehicle_wrench_2", 1 ] ] },
      "repair": { "skills": [ [ "mechanics", 6 ] ], "time": "60 m", "using": [ [ "welding_standard", 5 ] ] }
    }
  }
]
