[
  {
    "type": "terrain",
    "id": "t_thconc_glass_port",
    "name": "concrete wall with glass port",
    "description": "A plain, utilitarian concrete wall, with windows made of incredibly thick glass set in to allow viewing through.  Easily two or more inches thick and only a couple feet tall, breaking your way through this would not be easy.",
    "symbol": "#",
    "looks_like": "t_reinforced_glass",
    "color": "light_gray",
    "move_cost": 0,
    "coverage": 100,
    "roof": "t_flat_roof",
    "flags": [ "TRANSPARENT", "NOITEM", "SUPPORTS_ROOF", "WALL", "AUTO_WALL_SYMBOL", "MINEABLE", "BLOCK_WIND" ],
    "bash": {
      "str_min": 100,
      "str_max": 250,
      "sound": "crash!",
      "sound_fail": "whump!",
      "ter_set": "t_reb_cage",
      "items": [ { "item": "rock", "count": [ 8, 16 ] }, { "item": "glass_shard", "count": [ 4, 8 ] } ]
    }
  }
]
