[
  {
    "type": "overmap_special",
    "id": "Survivor_Holdout_s",
    "overmaps": [ { "point": [ 0, 0, 0 ], "overmap": "Survivor_Holdout_1_north" }, { "point": [ 0, -1, 0 ], "overmap": "Survivor_Holdout_2_north" } ],
    "connections": [ { "point": [ 0, -2, 0 ], "terrain": "road", "existing": true } ],
    "locations": [ "wilderness" ],
    "city_distance": [ 20, -1 ],
    "city_sizes": [ 1, 16 ],
    "occurrences": [ 75, 100 ],
    "flags": [ "CLASSIC", "GLOBALLY_UNIQUE" ]
  },
  {
    "type": "overmap_special",
    "id": "surv_camp_s",
    "overmaps": [ { "point": [ 0, 0, 0 ], "overmap": "surv_camp" } ],
    "locations": [ "forest" ],
    "city_distance": [ 10, -1 ],
    "city_sizes": [ 0, 20 ],
    "occurrences": [ 0, 5 ],
    "flags": [ "CLASSIC" ]
  },
  {
    "type": "overmap_special",
    "id": "Survivor_Encampment",
    "overmaps": [
      { "point": [ 0, 0, 0 ], "overmap": "Survivor_Encampment_north" },
      { "point": [ 0, -1, 0 ], "overmap": "Survivor_Encampment_Lot_Generic_north" },
      { "point": [ 0, 0, 1 ], "overmap": "Survivor_Encampment_roof_north" }
    ],
    "locations": [ "wilderness" ],
    "city_distance": [ 10, -1 ],
    "city_sizes": [ 0, 20 ],
    "occurrences": [ 25, 100 ],
    "flags": [ "CLASSIC", "OVERMAP_UNIQUE" ]
  },
  {
    "type": "overmap_special",
    "id": "Survivor_Encampment_robotics",
    "overmaps": [
      { "point": [ 0, 0, 0 ], "overmap": "Survivor_Encampment_robotics_north" },
      { "point": [ 0, -1, 0 ], "overmap": "Survivor_Encampment_Lot_Generic_north" },
      { "point": [ 0, 0, 1 ], "overmap": "Survivor_Encampment_robotics_roof_north" }
    ],
    "locations": [ "wilderness" ],
    "city_distance": [ 10, -1 ],
    "city_sizes": [ 0, 20 ],
    "occurrences": [ 25, 100 ],
    "flags": [ "CLASSIC", "OVERMAP_UNIQUE" ]
  },
  {
    "type": "overmap_special",
    "id": "Survivor_Encampment_overrun",
    "overmaps": [
      { "point": [ 0, 0, 0 ], "overmap": "Survivor_Encampment_overrun_north" },
      { "point": [ 0, -1, 0 ], "overmap": "Survivor_Encampment_Lot_Generic_north" },
      { "point": [ 0, 0, 1 ], "overmap": "Survivor_Encampment_overrun_roof_north" }
    ],
    "locations": [ "wilderness" ],
    "city_distance": [ 10, -1 ],
    "city_sizes": [ 0, 20 ],
    "occurrences": [ 25, 100 ],
    "flags": [ "CLASSIC", "OVERMAP_UNIQUE" ]
  },
  {
    "type": "overmap_special",
    "id": "Survivor_Encampment_bandits",
    "overmaps": [
      { "point": [ 0, 0, 0 ], "overmap": "Survivor_Encampment_bandits_north" },
      { "point": [ 0, -1, 0 ], "overmap": "Survivor_Encampment_Lot_Generic_north" },
      { "point": [ 0, 0, 1 ], "overmap": "Survivor_Encampment_bandits_roof_north" }
    ],
    "locations": [ "wilderness" ],
    "city_distance": [ 10, -1 ],
    "city_sizes": [ 0, 20 ],
    "occurrences": [ 50, 100 ],
    "flags": [ "CLASSIC", "OVERMAP_UNIQUE" ]
  },
  {
    "type": "overmap_special",
    "id": "Survivor_Encampment_2",
    "overmaps": [
      { "point": [ 0, 0, 0 ], "overmap": "Survivor_Encampment_2_north" },
      { "point": [ 0, -1, 0 ], "overmap": "Survivor_Encampment_Lot_Preppers_north" },
      { "point": [ 0, 0, 1 ], "overmap": "Survivor_Encampment_2_roof_north" }
    ],
    "locations": [ "wilderness" ],
    "city_distance": [ 10, -1 ],
    "city_sizes": [ 0, 20 ],
    "occurrences": [ 50, 100 ],
    "flags": [ "CLASSIC", "OVERMAP_UNIQUE" ]
  },
  {
    "type": "overmap_special",
    "id": "Bio_Weapon_Lab_s",
    "overmaps": [
      { "point": [ 0, 0, 0 ], "overmap": "Bio_Weapon_Lab_1_north" },
      { "point": [ 0, 1, 0 ], "overmap": "Bio_Weapon_Lab_2_north" },
      { "point": [ 0, 1, -1 ], "overmap": "Bio_Weapon_Lab_b_north" }
    ],
    "connections": [ { "point": [ 0, -1, 0 ], "terrain": "road" } ],
    "locations": [ "wilderness" ],
    "city_distance": [ 20, -1 ],
    "city_sizes": [ 0, 16 ],
    "occurrences": [ 75, 100 ],
    "flags": [ "CLASSIC", "GLOBALLY_UNIQUE" ]
  },
  {
    "type": "overmap_special",
    "id": "Unknown_Lab_s",
    "overmaps": [
      { "point": [ 0, 0, 0 ], "overmap": "Unknown_Lab_1_north" },
      { "point": [ 1, 0, 0 ], "overmap": "Unknown_Lab_2_north" },
      { "point": [ 0, 1, 0 ], "overmap": "Unknown_Lab_3_north" },
      { "point": [ 1, 1, 0 ], "overmap": "Unknown_Lab_4_north" },
      { "point": [ 0, 0, -1 ], "overmap": "Unknown_Lab_b1_north" },
      { "point": [ 1, 0, -1 ], "overmap": "Unknown_Lab_b2_north" },
      { "point": [ 0, 1, -1 ], "overmap": "Unknown_Lab_b3_north" },
      { "point": [ 1, 1, -1 ], "overmap": "Unknown_Lab_b4_north" }
    ],
    "connections": [ { "point": [ 0, -1, 0 ], "terrain": "road" } ],
    "locations": [ "wilderness", "swamp", "forest", "field" ],
    "city_distance": [ 20, -1 ],
    "city_sizes": [ 0, 16 ],
    "occurrences": [ 75, 100 ],
    "flags": [ "CLASSIC", "GLOBALLY_UNIQUE" ]
  },
  {
    "type": "overmap_special",
    "id": "makeshift_command_center_s",
    "overmaps": [
      { "point": [ 0, 0, 0 ], "overmap": "makeshift_command_center_1_north" },
      { "point": [ 0, 1, 0 ], "overmap": "makeshift_command_center_2_north" },
      { "point": [ 0, 1, -1 ], "overmap": "makeshift_command_center_b_north" }
    ],
    "connections": [ { "point": [ 0, -1, 0 ], "terrain": "road" } ],
    "locations": [ "wilderness", "swamp", "forest", "field" ],
    "city_distance": [ 20, -1 ],
    "city_sizes": [ 0, 16 ],
    "occurrences": [ 75, 100 ],
    "flags": [ "CLASSIC", "GLOBALLY_UNIQUE" ]
  },
  {
    "type": "overmap_special",
    "id": "house_fight_s",
    "overmaps": [
      { "point": [ 0, 0, 0 ], "overmap": "sketchy_cabin_1_north" },
      { "point": [ 1, 0, 0 ], "overmap": "sketchy_cabin_2_north" },
      { "point": [ 0, 0, -1 ], "overmap": "sketchy_cabin_b1_north" },
      { "point": [ 1, 0, -1 ], "overmap": "sketchy_cabin_b2_north" },
      { "point": [ 0, 0, 1 ], "overmap": "sketchy_cabin_1_roof_north" },
      { "point": [ 1, 0, 1 ], "overmap": "sketchy_cabin_2_roof_north" }
    ],
    "locations": [ "forest" ],
    "city_distance": [ 5, -1 ],
    "city_sizes": [ 0, 16 ],
    "occurrences": [ 50, 100 ],
    "flags": [ "CLASSIC", "OVERMAP_UNIQUE" ]
  },
  {
    "type": "overmap_special",
    "id": "forest_slaghter_s",
    "overmaps": [ { "point": [ 0, 0, 0 ], "overmap": "forest_slaghter" } ],
    "locations": [ "forest" ],
    "city_distance": [ 10, -1 ],
    "city_sizes": [ 0, 20 ],
    "occurrences": [ 0, 5 ],
    "flags": [ "CLASSIC" ]
  },
  {
    "type": "overmap_special",
    "id": "plain_slaughter1_s",
    "overmaps": [ { "point": [ 0, 0, 0 ], "overmap": "Plain_Slaughter_north" } ],
    "connections": [ { "point": [ 0, -1, 0 ], "terrain": "road", "existing": true } ],
    "locations": [ "wilderness" ],
    "city_distance": [ 10, -1 ],
    "city_sizes": [ 1, 20 ],
    "occurrences": [ 0, 5 ],
    "flags": [ "CLASSIC" ]
  }
]
