[
  {
    "id": "Survivor_Holdout_1",
    "type": "overmap_terrain",
    "name": "Survivor Holdout",
    "sym": "H",
    "color": "i_red",
    "looks_like": "campsite",
    "see_cost": "high"
  },
  {
    "id": "surv_camp",
    "type": "overmap_terrain",
    "name": "forest",
    "//": "Designed to look like a normal forest.",
    "sym": "F",
    "color": "green",
    "looks_like": "forest",
    "see_cost": "high",
    "mondensity": 0,
    "extras": "build",
    "flags": [ "NO_ROTATE" ]
  },
  {
    "id": "Survivor_Encampment",
    "type": "overmap_terrain",
    "name": "Survivor Encampment",
    "sym": "C",
    "color": "light_green",
    "looks_like": "campsite",
    "see_cost": "high",
    "extras": "surv_encamp"
  },
  {
    "id": "Survivor_Encampment_robotics",
    "copy-from": "Survivor_Encampment",
    "type": "overmap_terrain"
  },
  {
    "id": "Survivor_Encampment_overrun",
    "copy-from": "Survivor_Encampment",
    "type": "overmap_terrain"
  },
  {
    "id": "Survivor_Encampment_2",
    "type": "overmap_terrain",
    "name": "Survivor Encampment",
    "sym": "C",
    "color": "light_green",
    "looks_like": "campsite",
    "see_cost": "high"
  },
  {
    "id": "Survivor_Encampment_bandits",
    "copy-from": "Survivor_Encampment_2",
    "type": "overmap_terrain"
  },
  {
    "id": "Survivor_Encampment_roof",
    "copy-from": "Survivor_Encampment_2",
    "type": "overmap_terrain",
    "name": "Survivor Encampment roof"
  },
  {
    "id": "Survivor_Encampment_robotics_roof",
    "copy-from": "Survivor_Encampment_roof",
    "type": "overmap_terrain"
  },
  {
    "id": "Survivor_Encampment_bandits_roof",
    "copy-from": "Survivor_Encampment_roof",
    "type": "overmap_terrain"
  },
  {
    "id": "Survivor_Encampment_overrun_roof",
    "copy-from": "Survivor_Encampment_roof",
    "type": "overmap_terrain"
  },
  {
    "id": "Survivor_Encampment_2_roof",
    "copy-from": "Survivor_Encampment_roof",
    "type": "overmap_terrain"
  },
  {
    "id": "Bio_Weapon_Lab_1",
    "type": "overmap_terrain",
    "name": "parking lot",
    "sym": "O",
    "color": "dark_gray",
    "looks_like": "s_lot",
    "see_cost": "low",
    "extras": "field"
  },
  {
    "id": "Bio_Weapon_Lab_2",
    "type": "overmap_terrain",
    "name": "Bio-Weapon Lab",
    "sym": "L",
    "color": "light_blue",
    "looks_like": "bunker",
    "see_cost": "high"
  },
  {
    "id": "Bio_Weapon_Lab_b",
    "type": "overmap_terrain",
    "name": "Bio-Weapon Lab",
    "sym": "L",
    "color": "light_blue",
    "looks_like": "bunker_basement",
    "see_cost": "high"
  },
  {
    "id": "Unknown_Lab_1",
    "type": "overmap_terrain",
    "name": "parking lot",
    "sym": "O",
    "color": "dark_gray",
    "looks_like": "s_lot",
    "see_cost": "low",
    "extras": "field"
  },
  {
    "id": "Unknown_Lab_2",
    "type": "overmap_terrain",
    "name": "parking lot",
    "sym": "O",
    "color": "dark_gray",
    "looks_like": "s_lot",
    "see_cost": "low",
    "extras": "field"
  },
  {
    "id": "Unknown_Lab_3",
    "type": "overmap_terrain",
    "name": "dormitories",
    "sym": "L",
    "color": "light_blue",
    "see_cost": "high",
    "looks_like": "bunker",
    "extras": "build"
  },
  {
    "id": "Unknown_Lab_4",
    "type": "overmap_terrain",
    "name": "Unknown Bunker",
    "sym": "L",
    "color": "light_blue",
    "looks_like": "bunker",
    "see_cost": "high"
  },
  {
    "id": "Unknown_Lab_b1",
    "type": "overmap_terrain",
    "name": "Unknown Lab",
    "sym": "L",
    "color": "light_blue",
    "looks_like": "microlab_generic_edge",
    "see_cost": "high"
  },
  {
    "id": "Unknown_Lab_b2",
    "type": "overmap_terrain",
    "name": "Unknown Lab",
    "sym": "L",
    "color": "light_blue",
    "looks_like": "microlab_generic_edge",
    "see_cost": "high"
  },
  {
    "id": "Unknown_Lab_b3",
    "type": "overmap_terrain",
    "name": "Unknown Lab",
    "sym": "L",
    "color": "light_blue",
    "looks_like": "microlab_generic_edge",
    "see_cost": "high"
  },
  {
    "id": "Unknown_Lab_b4",
    "type": "overmap_terrain",
    "name": "Unknown Lab",
    "sym": "L",
    "color": "light_blue",
    "looks_like": "microlab_generic_edge",
    "see_cost": "high"
  },
  {
    "id": "makeshift_command_center_1",
    "type": "overmap_terrain",
    "name": "parking lot",
    "sym": "O",
    "color": "dark_gray",
    "looks_like": "s_lot",
    "see_cost": "low",
    "extras": "field"
  },
  {
    "id": "makeshift_command_center_2",
    "type": "overmap_terrain",
    "name": "Makeshift Command Center",
    "sym": "C",
    "color": "blue",
    "looks_like": "bunker",
    "see_cost": "high"
  },
  {
    "id": "makeshift_command_center_b",
    "type": "overmap_terrain",
    "name": "Makeshift Command Center",
    "sym": "C",
    "color": "blue",
    "looks_like": "bunker_basement",
    "see_cost": "high"
  },
  {
    "id": "sketchy_cabin_1",
    "type": "overmap_terrain",
    "name": "Sketchy Cabin",
    "sym": "C",
    "color": "i_red",
    "looks_like": "cabin",
    "see_cost": "high"
  },
  {
    "id": "sketchy_cabin_1_roof",
    "copy-from": "sketchy_cabin_1",
    "type": "overmap_terrain",
    "name": "Sketchy Cabin roof",
    "looks_like": "cabin_roof"
  },
  {
    "id": "sketchy_cabin_2",
    "type": "overmap_terrain",
    "name": "abandoned barn",
    "sym": "B",
    "color": "brown",
    "looks_like": "desolatebarn",
    "see_cost": "high"
  },
  {
    "id": "sketchy_cabin_2_roof",
    "copy-from": "sketchy_cabin_2",
    "type": "overmap_terrain",
    "name": "abandoned barn roof",
    "looks_like": "farm_3_roof"
  },
  {
    "type": "overmap_terrain",
    "id": "sketchy_cabin_b1",
    "name": "underground arena",
    "sym": "O",
    "color": "dark_gray",
    "looks_like": "bunker_basement",
    "see_cost": "high",
    "flags": [ "KNOWN_UP" ]
  },
  {
    "type": "overmap_terrain",
    "id": "sketchy_cabin_b2",
    "name": "underground arena",
    "sym": "O",
    "color": "dark_gray",
    "looks_like": "bunker_basement",
    "see_cost": "high",
    "flags": [ "KNOWN_UP" ]
  },
  {
    "id": "forest_slaghter",
    "type": "overmap_terrain",
    "name": "forest",
    "//": "Designed to look like a normal forest.",
    "sym": "F",
    "color": "green",
    "looks_like": "forest",
    "see_cost": "high",
    "mondensity": 0,
    "extras": "build",
    "flags": [ "NO_ROTATE" ]
  },
  {
    "id": "Plain_Slaughter",
    "type": "overmap_terrain",
    "name": "field",
    "//": "Designed to look like a normal plain tile.",
    "sym": ".",
    "color": "brown",
    "looks_like": "field",
    "see_cost": "high"
  },
  {
    "id": "Survivor_Holdout_2",
    "type": "overmap_terrain",
    "name": "dirt road",
    "sym": "│",
    "color": "brown",
    "looks_like": "dirt_road_forest",
    "see_cost": "low"
  },
  {
    "id": "Survivor_Encampment_Lot_Preppers",
    "copy-from": "Survivor_Holdout_2",
    "type": "overmap_terrain",
    "name": "dirt lot",
    "sym": "0"
  },
  {
    "id": "Survivor_Encampment_Lot_Generic",
    "copy-from": "Survivor_Encampment_Lot_Preppers",
    "type": "overmap_terrain"
  }
]
