[
  {
    "type": "mapgen",
    "method": "json",
    "om_terrain": [ "sketchy_cabin_1" ],
    "weight": 1000,
    "object": {
      "rows": [
        "                        ",
        "                        ",
        "                        ",
        "                        ",
        "                        ",
        "                        ",
        " I-------I____I-------I ",
        " -____________________- ",
        " -____________________- ",
        " ||w|||w|||==|||w|||w|| ",
        " |n.rrr..|Y...+.heeh.C| ",
        " |n......+...]|..ee..ow ",
        " |n.CCC..|...]|..h...sw ",
        " |||||||||...]|t.....F| ",
        " |___.h......]||||+|||| ",
        " |_v_.e..............]| ",
        " |___................]| ",
        " |.h.................]| ",
        " |||||+||||.....|||+||| ",
        " |D.......||||++|s....| ",
        "&|BB...ddd|>>=..|.....= ",
        " |BB....hd|>>=..|T..uu| ",
        " ||ww||ww|||||||||||||| ",
        "                        "
      ],
      "terrain": {
        " ": [ [ "t_grass", 4 ], [ "t_grass_long", 1 ], [ "t_dirt", 2 ] ],
        "&": "t_gutter_downspout",
        ".": "t_floor",
        "_": "t_rock_floor",
        "|": "t_wall_log",
        "=": "t_rdoor_boarded",
        "+": "t_rdoor_c",
        "-": "t_fence",
        "]": "t_floor",
        ">": "t_stairs_down",
        "B": "t_floor",
        "C": "t_floor",
        "D": "t_floor",
        "F": "t_floor",
        "I": "t_column",
        "T": "t_floor",
        "Y": "t_floor",
        "d": "t_floor",
        "e": "t_floor",
        "h": "t_floor",
        "n": "t_floor",
        "o": "t_floor",
        "r": "t_floor",
        "s": "t_floor",
        "t": "t_floor",
        "u": "t_floor",
        "v": "t_rock_floor",
        "w": "t_window_enhanced"
      },
      "furniture": {
        "]": "f_bookcase",
        "B": "f_bed",
        "C": "f_counter",
        "D": "f_dresser",
        "F": "f_fridge",
        "T": "f_toilet",
        "Y": "f_rack_coat",
        "d": "f_desk",
        "e": "f_table",
        "h": "f_chair",
        "n": "f_cupboard",
        "o": "f_oven",
        "r": "f_rack",
        "s": "f_sink",
        "t": "f_trashcan",
        "u": "f_bathtub",
        "v": "f_woodstove"
      },
      "place_toilets": [ { "x": 17, "y": 21 } ],
      "place_loot": [
        { "group": "office", "x": [ 7, 9 ], "y": 20, "repeat": [ 2, 4 ] },
        { "group": "sketchy_cabin_guard_weapons", "x": 9, "y": 21, "chance": 90 },
        { "group": "SUS_trash_floor_light", "x": 15, "y": 13, "repeat": [ 1, 3 ] },
        { "group": "bed", "x": [ 2, 3 ], "y": [ 20, 21 ], "chance": 80, "repeat": 5 },
        { "group": "dresser", "x": 2, "y": 19, "chance": 90, "repeat": 4 },
        { "group": "cannedfood", "x": 2, "y": [ 10, 12 ], "chance": 75, "repeat": 8 },
        { "group": "pasta", "x": [ 4, 6 ], "y": 10, "chance": 75, "repeat": 4 },
        { "group": "oven", "x": 21, "y": 10, "chance": 75, "repeat": 3 },
        { "group": "fridge", "x": 21, "y": 13, "chance": 50, "repeat": 6 },
        { "group": "homebooks", "x": 13, "y": [ 11, 14 ], "chance": 50, "repeat": 6 },
        { "group": "dojo_manuals", "x": 13, "y": [ 11, 14 ], "chance": 50, "repeat": 3 },
        { "group": "homebooks", "x": 21, "y": [ 15, 17 ], "chance": 50, "repeat": 4 },
        { "group": "dojo_manuals", "x": 21, "y": [ 15, 17 ], "chance": 50, "repeat": 2 }
      ],
      "place_zones": [
        { "type": "NPC_NO_INVESTIGATE", "faction": "slave_fighter", "x": [ 0, 23 ], "y": [ 0, 23 ] },
        { "type": "NPC_NO_INVESTIGATE", "faction": "slave_fighter_allied", "x": [ 0, 23 ], "y": [ 0, 23 ] }
      ]
    }
  },
  {
    "type": "mapgen",
    "method": "json",
    "om_terrain": [ "sketchy_cabin_2" ],
    "weight": 1000,
    "object": {
      "rows": [
        "                        ",
        "                        ",
        "                        ",
        "                        ",
        "                        ",
        "                        ",
        "                        ",
        "                        ",
        "             %          ",
        "           |||======||| ",
        "           |.%........| ",
        "           w.......CCC| ",
        "           w.......Ch.| ",
        "           |.......f.l| ",
        "           ||||....|||| ",
        "           |..........| ",
        "           w..hh......w ",
        "           w.heeh.....w ",
        "           |.heeh.....| ",
        "           w.heeh..|++| ",
        "           w..hh...|>>| ",
        "           |.......|>>| ",
        "           |||||ww||||| ",
        "                        "
      ],
      "terrain": {
        " ": [ [ "t_grass", 4 ], [ "t_grass_long", 1 ], [ "t_dirt", 2 ] ],
        ".": "t_floor",
        "|": "t_wall_wood",
        "=": "t_door_metal_locked",
        "%": "t_barndoor",
        "+": "t_rdoor_c",
        ">": "t_stairs_down",
        "C": "t_floor",
        "f": "t_floor",
        "e": "t_floor",
        "h": "t_floor",
        "l": "t_floor",
        "w": "t_window_enhanced"
      },
      "furniture": { "C": "f_counter", "f": "f_counter_gate_c", "e": "f_table", "h": "f_chair", "l": "f_locker" },
      "place_loot": [
        { "group": "sketchy_cabin_guard_weapons", "x": 21, "y": 13, "chance": 90 },
        { "item": "money_bundle_twenty", "x": 21, "y": 13, "chance": 50, "repeat": 5 }
      ],
      "place_zones": [
        { "type": "NPC_NO_INVESTIGATE", "faction": "slave_fighter", "x": [ 0, 23 ], "y": [ 0, 23 ] },
        { "type": "NPC_NO_INVESTIGATE", "faction": "slave_fighter_allied", "x": [ 0, 23 ], "y": [ 0, 23 ] }
      ]
    }
  },
  {
    "type": "mapgen",
    "method": "json",
    "om_terrain": [ "sketchy_cabin_b1" ],
    "weight": 1000,
    "object": {
      "rows": [
        "                        ",
        "      |||||||| |||||||||",
        "      |&&..CC| |B.T-B.T-",
        "      |.....$| |B..-B..-",
        "      |S...hS|||-=---=--",
        " ||||||S....S||u________",
        " |llll|||++||||_________",
        " |.....+___||||__||=|||=",
        " |.rr..+___X__X__|B..|B.",
        " |.rr..||__X__X__|B.~|B.",
        " |.....l|__|||||||-.-|--",
        " |llll.l|_____+_________",
        " ||||||||_____+_________",
        " |.66.ll|__|||||||---|--",
        " |.ee...+__X__X__|B.T|B.",
        " |......|__X__X__|B..|B.",
        " |CCCCC||__||||__||=|||=",
        " |||||||_____]|_________",
        "  |C.on|_____]|u________",
        "  |s...+__||||||-=-|-=-|",
        "  |F...+__+<<| |B..|B..|",
        "  |F..t|__+<<| |B.T|B.T|",
        "  |||||||||||| |||||||||",
        "                        "
      ],
      "terrain": {
        " ": "t_soil",
        ".": "t_floor",
        "_": "t_thconc_floor",
        "|": "t_concrete_wall",
        "=": "t_door_bar_o",
        "+": "t_door_metal_c",
        "-": "t_bars",
        "]": "t_thconc_floor",
        "<": "t_stairs_up",
        "~": "t_sewage",
        "$": "t_recycler",
        "&": "t_floor",
        "6": "t_floor",
        "B": "t_floor",
        "C": "t_floor",
        "F": "t_floor",
        "S": "t_floor",
        "T": "t_floor",
        "X": "t_door_metal_locked",
        "e": "t_floor",
        "h": "t_floor",
        "l": "t_floor",
        "n": "t_floor",
        "o": "t_floor",
        "r": "t_floor",
        "s": "t_floor",
        "t": "t_floor",
        "u": "t_thconc_floor_olight"
      },
      "furniture": {
        "]": "f_bookcase",
        "&": "f_arcfurnace_empty",
        "6": "f_console_broken",
        "B": "f_bed",
        "C": "f_counter",
        "F": "f_fridge",
        "S": "f_slab",
        "T": "f_toilet",
        "e": "f_table",
        "h": "f_chair",
        "l": "f_locker",
        "n": "f_cupboard",
        "o": "f_oven",
        "r": "f_rack",
        "s": "f_sink",
        "t": "f_trashcan"
      },
      "mapping": {
        "B": { "items": [ { "item": "bed", "chance": 75 } ] },
        "S": { "items": [ { "item": "sketchy_cabin_gore", "chance": 75 }, { "item": "sketchy_cabin_gore", "chance": 50 } ] },
        "&": { "items": [ { "item": "sketchy_cabin_ashes", "chance": 75 }, { "item": "sketchy_cabin_ashes", "chance": 50 } ] }
      },
      "place_toilets": [ { "x": 18, "y": 2 }, { "x": 22, "y": 2 }, { "x": 20, "y": 14 }, { "x": 18, "y": 21 }, { "x": 22, "y": 21 } ],
      "place_loot": [
        { "item": "steel_lump", "x": [ 16, 22 ], "y": [ 11, 12 ], "chance": 25 },
        { "item": "steel_chunk", "x": [ 16, 22 ], "y": [ 11, 12 ], "repeat": [ 1, 4 ] },
        { "item": "scrap", "x": [ 16, 22 ], "y": [ 11, 12 ], "repeat": [ 1, 5 ] },
        { "item": "cu_pipe", "x": [ 16, 22 ], "y": [ 11, 12 ], "chance": 50 },
        { "item": "ceramic_shard", "x": [ 16, 22 ], "y": [ 11, 12 ], "repeat": [ 2, 8 ] },
        { "group": "dissection", "x": [ 11, 12 ], "y": 2, "chance": 75, "repeat": 5 },
        { "group": "bionics", "x": [ 2, 5 ], "y": 6, "chance": 75, "repeat": 3 },
        { "group": "bionic_power_storage_mil", "x": [ 2, 5 ], "y": 6, "chance": 75, "repeat": 2 },
        { "group": "NC_GLADIATOR_LIGHT_weapon", "x": 7, "y": [ 10, 11 ], "chance": 50, "repeat": 3 },
        { "group": "NC_GLADIATOR_HEAVY_weapon", "x": 7, "y": [ 10, 11 ], "chance": 50, "repeat": 3 },
        { "group": "sketchy_cabin_weapons", "x": [ 3, 4 ], "y": [ 8, 9 ], "chance": 50, "repeat": 4 },
        { "group": "science", "x": [ 2, 5 ], "y": 11, "chance": 90, "repeat": 5 },
        { "group": "bionics", "x": [ 6, 7 ], "y": 13, "chance": 60, "repeat": 3 },
        { "group": "bionic_power_storage_mil", "x": [ 6, 7 ], "y": 13, "chance": 60 },
        { "group": "science", "x": [ 3, 4 ], "y": 14, "chance": 50, "repeat": 5 },
        { "group": "tools_medical", "x": [ 2, 6 ], "y": 16, "chance": 50, "repeat": 7 },
        { "group": "gear_medical", "x": [ 2, 6 ], "y": 16, "chance": 50, "repeat": 7 },
        { "group": "oven", "x": 5, "y": 18, "chance": 75, "repeat": 3 },
        { "group": "cannedfood", "x": 6, "y": 18, "chance": 50, "repeat": 5 },
        { "group": "fridge", "x": 3, "y": [ 20, 21 ], "chance": 50, "repeat": 10 },
        { "group": "SUS_trash_floor_light", "x": 6, "y": 21, "repeat": [ 1, 3 ] },
        { "group": "dojo_manuals", "x": 13, "y": [ 17, 18 ], "chance": 50, "repeat": 4 }
      ],
      "place_zones": [
        { "type": "NPC_NO_INVESTIGATE", "faction": "slave_fighter", "x": [ 0, 23 ], "y": [ 0, 23 ] },
        { "type": "NPC_NO_INVESTIGATE", "faction": "slave_fighter_allied", "x": [ 0, 23 ], "y": [ 0, 23 ] }
      ],
      "place_npcs": [
        { "class": "slave_fight_ally", "x": 16, "y": 14 },
        { "class": "slave_fight_ally", "x": 21, "y": 17 },
        { "class": "slave_fight", "x": 16, "y": 3 },
        { "class": "slave_fight", "x": 15, "y": 12 }
      ],
      "place_vehicles": [ { "vehicle": "autoclave_cart", "x": 9, "y": 2, "chance": 99, "fuel": 25, "status": 25, "rotation": 0 } ]
    }
  },
  {
    "type": "mapgen",
    "method": "json",
    "om_terrain": [ "sketchy_cabin_b2" ],
    "weight": 1000,
    "object": {
      "rows": [
        "                        ",
        "||||             |||||| ",
        "B.T|             |T..s| ",
        "B..|||||||||||||||t..s| ",
        "-=-|______+__x___||++|| ",
        "___u______+__|___x...V| ",
        "______|||||++|||||...V| ",
        "||____|urr____rruW....| ",
        ".|____|__________W.b.b| ",
        "T|----|__________W.b.b| ",
        "-|....W__________W.b.b| ",
        "_+...6W__________W....| ",
        "_+..h6W__________W....| ",
        "-|..ddW__________W.b.b| ",
        "T|----|__________W.b.b| ",
        ".|____|__________W.b.b| ",
        "||____|urr____rruW....| ",
        "______|||||++|||||....| ",
        "___u______+__|   |t...| ",
        "-=-|______+__|   |||XX| ",
        "B..|||||||||||     |<<| ",
        "B.T|               |<<| ",
        "||||               |||| ",
        "                        "
      ],
      "terrain": {
        " ": "t_soil",
        ".": "t_floor",
        "_": "t_thconc_floor",
        "|": "t_concrete_wall",
        "=": "t_door_bar_o",
        "+": "t_door_metal_c",
        "-": "t_bars",
        "]": "t_thconc_floor",
        "<": "t_stairs_up",
        "6": "t_floor",
        "B": "t_floor",
        "S": "t_floor",
        "T": "t_floor",
        "V": "t_floor",
        "W": "t_reinforced_glass",
        "X": "t_rdoor_boarded",
        "b": "t_floor",
        "d": "t_floor",
        "h": "t_floor",
        "r": "t_thconc_floor",
        "s": "t_floor",
        "t": "t_floor",
        "u": "t_thconc_floor_olight",
        "x": "t_door_metal_pickable"
      },
      "furniture": {
        "6": "f_console_broken",
        "B": "f_bed",
        "F": "f_fridge",
        "T": "f_toilet",
        "V": "f_vending_o",
        "b": "f_bench",
        "d": "f_desk",
        "h": "f_chair",
        "r": "f_rack",
        "s": "f_sink",
        "t": "f_trashcan"
      },
      "mapping": {
        "B": { "items": [ { "item": "bed", "chance": 75 } ] },
        "r": { "items": [ { "item": "sketchy_cabin_weapons", "chance": 50 }, { "item": "sketchy_cabin_weapons", "chance": 50 } ] }
      },
      "place_toilets": [ { "x": 2, "y": 2 }, { "x": 18, "y": 2 }, { "x": 0, "y": 9 }, { "x": 0, "y": 14 }, { "x": 2, "y": 21 } ],
      "place_loot": [
        { "item": "note_sketchy_cabin", "x": 4, "y": 13 },
        { "group": "sketchy_cabin_guard_weapons", "x": 5, "y": 13, "chance": 60 },
        { "group": "SUS_trash_floor_light", "x": 18, "y": 18, "repeat": [ 1, 3 ] },
        { "group": "vending_food_items", "x": 18, "y": 5, "chance": 50, "repeat": 10 },
        { "group": "vending_drink_items", "x": 21, "y": 5, "chance": 50, "repeat": 10 }
      ],
      "place_zones": [
        { "type": "NPC_NO_INVESTIGATE", "faction": "slave_fighter", "x": [ 0, 23 ], "y": [ 0, 23 ] },
        { "type": "NPC_NO_INVESTIGATE", "faction": "slave_fighter_allied", "x": [ 0, 23 ], "y": [ 0, 23 ] }
      ],
      "place_npcs": [
        { "class": "slave_fight_ally", "x": 7, "y": 18 },
        { "class": "slave_fight_ally", "x": 12, "y": 19 },
        { "class": "slave_fight", "x": 4, "y": 4 },
        { "class": "slave_fight", "x": 11, "y": 8 },
        { "class": "slave_fight", "x": 14, "y": 10 }
      ]
    }
  },
  {
    "type": "mapgen",
    "method": "json",
    "om_terrain": [ "sketchy_cabin_1_roof" ],
    "weight": 1000,
    "object": {
      "fill_ter": "t_shingle_flat_roof",
      "rows": [
        "                        ",
        "                        ",
        "                        ",
        "                        ",
        "                        ",
        "                        ",
        " ---------------------- ",
        " -....................- ",
        " -....................- ",
        " -....................- ",
        " -....................- ",
        " -....................- ",
        " -....................- ",
        " -....................- ",
        " -....................- ",
        " -.~..................- ",
        " -....................- ",
        " -....................- ",
        " -....................- ",
        " -....................- ",
        " 5....................- ",
        " -....................- ",
        " ---------------------- ",
        "                        "
      ],
      "palettes": [ "roof_palette" ],
      "terrain": { ".": "t_shingle_flat_roof" },
      "place_zones": [
        { "type": "NPC_NO_INVESTIGATE", "faction": "slave_fighter", "x": [ 0, 23 ], "y": [ 0, 23 ] },
        { "type": "NPC_NO_INVESTIGATE", "faction": "slave_fighter_allied", "x": [ 0, 23 ], "y": [ 0, 23 ] }
      ]
    }
  },
  {
    "type": "mapgen",
    "method": "json",
    "om_terrain": [ "sketchy_cabin_2_roof" ],
    "weight": 1000,
    "object": {
      "fill_ter": "t_metal_flat_roof",
      "rows": [
        "                        ",
        "                        ",
        "                        ",
        "                        ",
        "                        ",
        "                        ",
        "                        ",
        "                        ",
        "                        ",
        "           ,,,,,,,,,,,, ",
        "           ,,,,,,,,,,,, ",
        "           ,,,,,,,N,X,, ",
        "           ,,,,,,,,,,,, ",
        "           ,,,,,,,,,,,, ",
        "           ,,,,,,,,,,,, ",
        "           ,,,,,,,,,,,, ",
        "           ,,,,,,,,,,,, ",
        "           ,,,,,,,,,,,, ",
        "           ,,,,,,,,,,,, ",
        "           ,,^,,,,,,,,, ",
        "           ,,^,,,,,,,,, ",
        "           ,,,,,,,,,,,, ",
        "           ,,,,,,,,,,,, ",
        "                        "
      ],
      "palettes": [ "roof_palette" ],
      "terrain": { ",": "t_metal_flat_roof", "^": "t_metal_flat_roof", "N": "t_metal_flat_roof", "X": "t_metal_flat_roof" },
      "furniture": { "C": "f_solar_unit" },
      "place_zones": [
        { "type": "NPC_NO_INVESTIGATE", "faction": "slave_fighter", "x": [ 0, 23 ], "y": [ 0, 23 ] },
        { "type": "NPC_NO_INVESTIGATE", "faction": "slave_fighter_allied", "x": [ 0, 23 ], "y": [ 0, 23 ] }
      ]
    }
  }
]
