[
  {
    "type": "mod_tileset",
    "compatibility": [ "UltimateCataclysm", "UltimateCataclysmDemo" ],
    "tiles-new": [
      {
        "file": "mod_tileset/Ultica_Expan_Normal.png",
        "sprite_width": 32,
        "sprite_height": 32,
        "tiles": [
          { "id": [ "neo_laser_pistol", "neo_laser_pistol_ups" ], "fg": 0 },
          { "id": [ "akro_laser_smg", "akro_laser_smg_ups" ], "fg": 1 },
          { "id": [ "arc_laser_rifle", "arc_laser_rifle_ups" ], "fg": 2 },
          { "id": [ "krx_laser_lmg", "krx_laser_lmg_ups" ], "fg": 3 },
          { "id": [ "mx_laser_sniper", "mx_laser_sniper_ups" ], "fg": 4 },
          { "id": [ "xarm_laser_shotgun", "xarm_laser_shotgun_ups" ], "fg": 5 },
          { "id": "mk_ionic_cannon", "fg": 6 }
        ]
      }
    ]
  }
]
