[
  {
    "type": "mod_tileset",
    "compatibility": [ "UNDEAD_PEOPLE_BASE", "UNDEAD_PEOPLE", "MshockXottoplus" ],
    "tiles-new": [
      {
        "file": "mod_tileset/expan_dp_normal.png",
        "tiles": [
          { "id": "mon_zombie_failed_weapon", "fg": 1 },
          { "id": "corpse_mon_zombie_failed_weapon", "fg": 2 },
          { "id": "mon_failed_weapon", "fg": 3 },
          { "id": "corpse_mon_failed_weapon", "fg": 4 },
          { "id": "mon_fungus_failed_weapon", "fg": 5 },
          { "id": "corpse_mon_fungus_failed_weapon", "fg": 6 },
          { "id": "mon_zombie_bio_dormant_unarmed", "fg": 7 },
          { "id": "mon_zombie_bio_dormant_armed", "fg": 8 },
          { "id": "mon_zombie_bio_knife", "fg": 9 },
          {
            "id": [
              "corpse_mon_zombie_bio_dormant_unarmed",
              "corpse_mon_zombie_bio_dormant_armed",
              "corpse_mon_zombie_bio_knife",
              "mon_zombie_bio_reanimated"
            ],
            "fg": 10
          },
          { "id": "mon_zombie_bio_infantry_rifle", "fg": 11 },
          { "id": "mon_zombie_bio_infantry_shotgun", "fg": 12 },
          { "id": [ "corpse_mon_zombie_bio_infantry_rifle", "corpse_mon_zombie_bio_infantry_shotgun" ], "fg": 13 },
          { "id": "mon_zombie_bio_knight_lmg", "fg": 14 },
          { "id": "mon_zombie_bio_knight_lauhcher", "fg": 15 },
          { "id": [ "corpse_mon_zombie_bio_knight_lmg", "corpse_mon_zombie_bio_knight_lauhcher" ], "fg": 16 },
          { "id": "mon_zombie_bio_scout_sniper", "fg": 17 },
          { "id": "mon_zombie_bio_tool_pistol", "fg": 18 },
          { "id": "mon_zombie_bio_tool_smg", "fg": 19 },
          {
            "id": [ "corpse_mon_zombie_bio_scout_sniper", "corpse_mon_zombie_bio_tool_pistol", "corpse_mon_zombie_bio_tool_smg" ],
            "fg": 20
          },
          { "id": "survbowpack", "fg": 21 },
          { "id": "overlay_worn_survbowpack", "fg": 22 },
          { "id": "surv_suit", "fg": 23 },
          { "id": "overlay_worn_surv_suit", "fg": 24 },
          { "id": "surv_armor_suit", "fg": 25 },
          { "id": "overlay_worn_surv_armor_suit", "fg": 26 },
          { "id": "badge_bio_weapon", "fg": 27 },
          { "id": "badge_bio_weapon_apophis", "fg": 28 },
          { "id": "acs_74_stealth_cloak_on", "fg": 29 },
          { "id": "overlay_worn_acs_74_stealth_cloak_on", "fg": 30 },
          { "id": "goggles_nv_clairvoyance", "fg": 31 },
          { "id": "overlay_worn_goggles_nv_clairvoyance", "fg": 32 },
          { "id": "lmil_armor", "fg": 33 },
          { "id": "overlay_female_worn_lmil_armor", "fg": 34 },
          { "id": "overlay_male_worn_lmil_armor", "fg": 35 },
          { "id": "mil_armor", "fg": 36 },
          { "id": "overlay_worn_mil_armor", "fg": 37 },
          { "id": "hmil_armor", "fg": 38 },
          { "id": "overlay_worn_hmil_armor", "fg": 39 },
          { "id": "lmil_helm", "fg": 40 },
          { "id": "overlay_female_worn_lmil_helm", "fg": 41 },
          { "id": "overlay_male_worn_lmil_helm", "fg": 42 },
          { "id": "mil_helm", "fg": 43 },
          { "id": "overlay_worn_mil_helm", "fg": 44 },
          { "id": "hmil_helm", "fg": 45 },
          { "id": "overlay_worn_hmil_helm", "fg": 46 },
          { "id": "c_mi_go_carapace_salvaged", "fg": 47 },
          { "id": "overlay_worn_c_mi_go_carapace_salvaged", "fg": 48 },
          { "id": "c_mi_go_carapace_salvaged_on", "fg": 49 },
          { "id": "overlay_worn_c_mi_go_carapace_salvaged_on", "fg": 50 },
          {
            "id": [
              "encyclopedia_mechanics",
              "encyclopedia_fabrication",
              "encyclopedia_archery",
              "encyclopedia_barter",
              "encyclopedia_bashing",
              "encyclopedia_computer",
              "encyclopedia_cooking",
              "encyclopedia_cutting",
              "encyclopedia_dodge",
              "encyclopedia_driving",
              "encyclopedia_electronics",
              "encyclopedia_firstaid",
              "encyclopedia_gun",
              "encyclopedia_launcher",
              "encyclopedia_melee",
              "encyclopedia_pistol",
              "encyclopedia_rifle",
              "encyclopedia_shotgun",
              "encyclopedia_smg",
              "encyclopedia_speech",
              "encyclopedia_stabbing",
              "encyclopedia_survival",
              "encyclopedia_swimming",
              "encyclopedia_tailor",
              "encyclopedia_throw",
              "encyclopedia_traps",
              "encyclopedia_unarmed"
            ],
            "fg": 51
          },
          {
            "id": [
              "encyclopedia_mechanics_advance",
              "encyclopedia_fabrication_advance",
              "encyclopedia_archery_advance",
              "encyclopedia_barter_advance",
              "encyclopedia_bashing_advance",
              "encyclopedia_computer_advance",
              "encyclopedia_cooking_advance",
              "encyclopedia_cutting_advance",
              "encyclopedia_dodge_advance",
              "encyclopedia_driving_advance",
              "encyclopedia_electronics_advance",
              "encyclopedia_firstaid_advance",
              "encyclopedia_gun_advance",
              "encyclopedia_launcher_advance",
              "encyclopedia_melee_advance",
              "encyclopedia_pistol_advance",
              "encyclopedia_rifle_advance",
              "encyclopedia_shotgun_advance",
              "encyclopedia_smg_advance",
              "encyclopedia_speech_advance",
              "encyclopedia_stabbing_advance",
              "encyclopedia_survival_advance",
              "encyclopedia_swimming_advance",
              "encyclopedia_tailor_advance",
              "encyclopedia_throw_advance",
              "encyclopedia_traps_advance",
              "encyclopedia_unarmed_advance"
            ],
            "fg": 52
          },
          { "id": "evil_invitation", "fg": 53 },
          { "id": "omnitech_weapon_ups_manual", "fg": 54 },
          { "id": "manual_biojutsu", "fg": 55 },
          { "id": [ "manual_surv_com", "manual_mut_com" ], "fg": 56 },
          { "id": "elc_bld", "fg": 57 },
          { "id": "overlay_wielded_elc_bld", "fg": 58 },
          { "id": "elc_blds", "fg": 59 },
          { "id": "overlay_wielded_elc_blds", "fg": 60 },
          { "id": [ "survbowstored", "overlay_wielded_survbowstored" ], "fg": 61 },
          { "id": "hammer_multitool", "fg": 62 },
          { "id": "overlay_wielded_hammer_multitool", "fg": 63 },
          { "id": [ "megamap", "overlay_wielded_megamap" ], "fg": 64 },
          { "id": [ "mil_surp_pack_1", "mil_surp_pack_2", "mil_surp_pack_3" ], "fg": 65 },
          { "id": [ "flesh_weapon_kit", "overlay_wielded_flesh_weapon_kit" ], "fg": 66 },
          { "id": [ "omnitech_weapon_ups_kit", "overlay_wielded_omnitech_weapon_ups_kit" ], "fg": 67 },
          { "id": "c_mi_go_claw_broken", "fg": 68 },
          { "id": "c_mi_go_beam_broken", "fg": 69 },
          { "id": "c_mi_go_rifle_broken", "fg": 70 },
          { "id": "c_mi_go_carapace_broken", "fg": 71 },
          { "id": "c_mi_go_wings_broken", "fg": 72 },
          { "id": "c_mi_go_wings_salvaged", "fg": 73 },
          { "id": [ "overlay_worn_c_mi_go_wings_salvaged", "overlay_worn_c_mi_go_wings_salvaged_on" ], "fg": 74 },
          {
            "id": [
              "c_power_armor_surv",
              "c_power_armor_surv_on",
              "overlay_wielded_c_power_armor_surv",
              "overlay_wielded_c_power_armor_surv_on"
            ],
            "fg": 75
          },
          { "id": [ "overlay_worn_c_power_armor_surv", "overlay_worn_c_power_armor_surv_on" ], "fg": 76 },
          { "id": "mon_zombie_bio_reanimated", "fg": 77 }
        ],
        "sprite_width": 32,
        "sprite_height": 32
      }
    ]
  }
]
