[
  {
    "type": "mod_tileset",
    "compatibility": [ "UltimateCataclysm", "UltimateCataclysmDemo" ],
    "tiles-new": [
      {
        "file": "mod_tileset/Ultica_Expan_Tall.png",
        "sprite_width": 32,
        "sprite_height": 64,
        "sprite_offset_y": -32,
        "tiles": [
          { "id": "mon_zombie_failed_weapon", "fg": 0 },
          { "id": "mon_failed_weapon", "fg": 1 },
          { "id": "mon_fungus_failed_weapon", "fg": 2 },
          { "id": "mon_zombie_bio_dormant_unarmed", "fg": 3 },
          { "id": "mon_zombie_bio_dormant_armed", "fg": 4 },
          { "id": "mon_zombie_bio_knife", "fg": 5 },
          { "id": "mon_zombie_bio_infantry_rifle", "fg": 6 },
          { "id": "mon_zombie_bio_infantry_shotgun", "fg": 7 },
          { "id": "mon_zombie_bio_knight_lmg", "fg": 8 },
          { "id": "mon_zombie_bio_knight_lauhcher", "fg": 9 },
          { "id": "mon_zombie_bio_scout_sniper", "fg": 10 },
          { "id": "mon_zombie_bio_tool_pistol", "fg": 11 },
          { "id": "mon_zombie_bio_tool_smg", "fg": 12 },
          { "id": [ "overlay_wielded_neo_laser_pistol", "overlay_wielded_neo_laser_pistol_ups" ], "fg": 13 },
          { "id": [ "overlay_wielded_akro_laser_smg", "akro_laser_smg_ups" ], "fg": 14 },
          { "id": [ "overlay_wielded_arc_laser_rifle", "overlay_wielded_arc_laser_rifle_ups" ], "fg": 15 },
          { "id": [ "overlay_wielded_krx_laser_lmg", "overlay_wielded_krx_laser_lmg_ups" ], "fg": 16 },
          { "id": [ "overlay_wielded_mx_laser_sniper", "overlay_wielded_mx_laser_sniper_ups" ], "fg": 17 },
          { "id": [ "overlay_wielded_xarm_laser_shotgun", "overlay_wielded_xarm_laser_shotgun_ups" ], "fg": 18 },
          { "id": "overlay_wielded_mk_ionic_cannon", "fg": 19 }
        ]
      }
    ]
  }
]
