[
  {
    "type": "effect_on_condition",
    "id": "c_nano_mutagen_trigger",
    "recurrence": [ "1 s", "1 s" ],
    "condition": { "u_has_effect" : "c_nano_mutagen_trigger" },
    "effect": [
      {
        "u_message": "You feel your body being subtly altered, a rapid internal metamorphosis triggered by the nanites coursing through your system.",
        "type": "mixed"
      },
      { "run_eocs": [ "c_nano_mutagen_thresh_test" ] },
      { "u_mutate_category" : "SUPER_SOLDIER", "use_vitamins": false },
      { "run_eocs": [ "c_nano_mutagen_trigger_bonus" ] },
      { "u_lose_effect" : "c_nano_mutagen_trigger" }
    ]
  },
  {
    "type": "effect_on_condition",
    "id": "c_nano_mutagen_trigger_bonus",
    "condition": { "one_in_chance": 10 },
    "effect": [
      { "u_mutate_category" : "SUPER_SOLDIER", "use_vitamins": false }
    ]
  },
  {
    "type": "effect_on_condition",
    "id": "c_nano_mutagen_thresh_test",
    "condition": {
      "and": [
        { "u_has_flag": "C_SENTINEL_MARKER_1" },
        { "u_has_flag": "C_SENTINEL_MARKER_2" },
        { "u_has_flag": "C_SENTINEL_MARKER_3" },
        { "u_has_flag": "C_SENTINEL_MARKER_4" },
        { "not": { "u_has_flag": "MUTATION_THRESHOLD" } }
      ]
    },
    "effect": [
      {
        "u_message": "Something strains mightily for a moment… and then… you're… FREE!",
        "type": "good"
      },
      { "u_add_trait" : "THRESH_SUPER_SOLDIER" }
    ]
  }
]
