[
  {
    "id": "aux_flamer_diesel",
    "type": "ITEM",
    "subtypes": [ "GUN", "GUNMOD" ],
    "name": { "str": "survivor's auxiliary flamethrower" },
    "description": "A miniature, custom-built flamethrower that can be attached to all sorts of weapons.  It can use a wide range of fuels and is relatively fuel-efficient.  It is less effective than a proper flamethrower however, and pressurizing the integral tank takes time.",
    "weight": "1820 g",
    "volume": "1 L",
    "price": "850 USD",
    "price_postapoc": "850 cent",
    "material": [ "steel" ],
    "dispersion_modifier": 10,
    "symbol": ":",
    "color": "light_red",
    "location": "underbarrel",
    "mod_targets": [ "rifle", "shotgun", "smg", "crossbow", "launcher" ],
    "ammo": [ "diesel", "gasoline", "flammable", "lamp_oil", "crude_lamp_oil", "motor_oil", "jp8", "avgas" ],
    "skill": "launcher",
    "ranged_damage": { "damage_type": "heat", "amount": -1 },
    "dispersion": 600,
    "range": 2,
    "durability": 7,
    "reload": 150,
    "clip_size": 250,
    "ammo_to_fire": 50,
    "pocket_data": [
      {
        "pocket_type": "MAGAZINE",
        "rigid": true,
        "watertight": true,
        "ammo_restriction": {
          "diesel": 250,
          "gasoline": 250,
          "flammable": 250,
          "lamp_oil": 250,
          "crude_lamp_oil": 250,
          "motor_oil": 250,
          "jp8": 250,
          "avgas": 250
        }
      }
    ],
    "min_skills": [ [ "weapon", 2 ], [ "launcher", 1 ] ],
    "install_time": "30 m",
    "flags": [ "STR_RELOAD", "PUMP_RAIL_COMPATIBLE", "NON_FOULING" ]
  },
  {
    "type": "ITEM",
    "subtypes": [ "GUN", "GUNMOD" ],
    "//": "Stats are overall a hybrid of all the pistols you can use to craft it, with 10% higher dispersion (rounded up) and increased reload time.",
    "id": "22aux",
    "name": { "str": "survivor's auxiliary .22 pistol" },
    "location": "underbarrel",
    "weight": "1020 g",
    "volume": "500 ml",
    "color": "dark_gray",
    "handling_modifier": -2,
    "to_hit": -3,
    "price": "120 USD",
    "price_postapoc": "12 USD",
    "description": "A common .22 LR semi-automatic pistol, modified to attach to another firearm under the barrel at the expense of the base weapon's handling.  Its magazine well has been permanently, almost crudely altered to allow it to use various magazines from similar weapons, at the expense of accuracy and ease of reloading.",
    "symbol": ":",
    "material": [ "steel", "plastic" ],
    "mod_targets": [ "rifle", "shotgun", "smg", "crossbow", "launcher" ],
    "melee_damage": { "bash": 9 },
    "skill": "pistol",
    "ammo": "22",
    "ranged_damage": { "damage_type": "bullet", "amount": -1 },
    "dispersion": 530,
    "min_cycle_recoil": 39,
    "durability": 6,
    "reload": 200,
    "min_skills": [ [ "weapon", 2 ], [ "pistol", 1 ] ],
    "install_time": "20 m",
    "pocket_data": [
      {
        "magazine_well": "250 ml",
        "pocket_type": "MAGAZINE_WELL",
        "holster": true,
        "max_contains_volume": "20 L",
        "max_contains_weight": "20 kg",
        "item_restriction": [ "mosquitomag", "ruger_mk4_mag", "wp22mag", "surv_22_mag" ]
      }
    ]
  },
  {
    "type": "ITEM",
    "subtypes": [ "GUN", "GUNMOD" ],
    "id": "9mmaux",
    "name": { "str": "survivor's auxiliary 9mm pistol" },
    "location": "underbarrel",
    "weight": "961 g",
    "volume": "528 ml",
    "color": "dark_gray",
    "handling_modifier": -2,
    "to_hit": -2,
    "price": "120 USD",
    "price_postapoc": "12 USD",
    "description": "A common 9x19mm semi-automatic pistol, modified to attach to another firearm under the barrel at the expense of the base weapon's handling.  Its magazine well has been permanently, almost crudely altered to allow it to use various magazines from similar weapons, at the expense of accuracy and ease of reloading, plus its purpose makes some high-capacity magazines unusable.",
    "symbol": ":",
    "material": [ "steel", "plastic" ],
    "mod_targets": [ "rifle", "shotgun", "smg", "crossbow", "launcher" ],
    "melee_damage": { "bash": 8 },
    "skill": "pistol",
    "ammo": "9mm",
    "ranged_damage": { "damage_type": "bullet", "amount": -1 },
    "dispersion": 530,
    "min_cycle_recoil": 450,
    "durability": 5,
    "reload": 200,
    "min_skills": [ [ "weapon", 2 ], [ "pistol", 1 ] ],
    "install_time": "20 m",
    "pocket_data": [
      {
        "magazine_well": "250 ml",
        "pocket_type": "MAGAZINE_WELL",
        "holster": true,
        "max_contains_volume": "20 L",
        "max_contains_weight": "20 kg",
        "item_restriction": [ "glockmag", "glock17_17", "glock17_22", "glockbigmag", "m9mag", "m9bigmag", "usp9mag", "surv_9mm_mag" ]
      }
    ]
  },
  {
    "type": "ITEM",
    "subtypes": [ "GUN", "GUNMOD" ],
    "id": "45aux",
    "name": { "str": "survivor's auxiliary .45 pistol" },
    "location": "underbarrel",
    "weight": "1120 g",
    "volume": "1607 ml",
    "color": "dark_gray",
    "handling_modifier": -2,
    "to_hit": -2,
    "price": "120 USD",
    "price_postapoc": "12 USD",
    "description": "A common .45 ACP semi-automatic pistol, modified to attach to another firearm under the barrel at the expense of the base weapon's handling.  Its magazine well has been permanently, almost crudely altered to allow it to use various magazines from similar weapons, at the expense of accuracy and ease of reloading.",
    "symbol": ":",
    "material": [ "steel", "plastic" ],
    "mod_targets": [ "rifle", "shotgun", "smg", "crossbow", "launcher" ],
    "melee_damage": { "bash": 8 },
    "skill": "pistol",
    "ammo": "45",
    "ranged_damage": { "damage_type": "bullet", "amount": -1 },
    "dispersion": 530,
    "min_cycle_recoil": 540,
    "durability": 6,
    "reload": 200,
    "min_skills": [ [ "weapon", 2 ], [ "pistol", 1 ] ],
    "install_time": "20 m",
    "pocket_data": [
      {
        "magazine_well": "250 ml",
        "pocket_type": "MAGAZINE_WELL",
        "holster": true,
        "max_contains_volume": "20 L",
        "max_contains_weight": "20 kg",
        "item_restriction": [ "m1911mag", "m1911bigmag", "usp45mag", "surv_45_mag" ]
      }
    ]
  },
  {
    "type": "ITEM",
    "subtypes": [ "GUNMOD" ],
    "id": "surv_laser_sight",
    "name": { "str": "survivor's laser sight" },
    "location": "sights",
    "sight_dispersion": 20,
    "field_of_view": 900,
    "aim_speed_modifier": 12,
    "description": "A sight made for maximum target acquisition.  It is composed of a small makeshift red dot sight that emits a laser beam at what it targets.  The reticle in the sight allows proper aiming while the laser beam allows for quick target aim.",
    "weight": "150 g",
    "to_hit": -1,
    "color": "dark_gray",
    "symbol": ":",
    "material": [ "plastic", "steel" ],
    "mod_targets": [ "smg", "rifle", "pistol", "shotgun", "crossbow", "bow", "launcher" ],
    "volume": "250 ml",
    "integral_volume": "125 ml",
    "price": "850 USD",
    "price_postapoc": "850 cent",
    "install_time": "30 m",
    "min_skills": [ [ "weapon", 2 ], [ "gun", 1 ] ],
    "flags": [ "DISABLE_SIGHTS" ]
  },
  {
    "type": "ITEM",
    "subtypes": [ "GUNMOD" ],
    "id": "lmg_handle",
    "name": { "str": "survivor's LMG recoil handle" },
    "location": "grip",
    "dispersion_modifier": -25,
    "handling_modifier": 10,
    "description": "A side-mounted handle designed for machine guns, to help in hip fire.  Makes aiming easier and greatly reduces recoil, but hinders the use of the weapon's default sights and makes it slower to wield.",
    "weight": "120 g",
    "volume": "250 ml",
    "integral_volume": "0 ml",
    "to_hit": -1,
    "color": "dark_gray",
    "symbol": ":",
    "material": [ "plastic", "steel" ],
    "mod_targets": [ "rifle" ],
    "install_time": "20 m",
    "min_skills": [ [ "weapon", 2 ], [ "gun", 1 ] ],
    "flags": [ "DISABLE_SIGHTS", "NEEDS_UNFOLD" ]
  },
  {
    "id": "shot_crafted_suppressor",
    "type": "ITEM",
    "subtypes": [ "GUNMOD" ],
    "name": { "str": "makeshift shotgun suppressor" },
    "description": "A homemade suppressor made from a pipe and improvised baffles.  It's a lot more complex than a suppressor for a pistol or rifle, and will deteriorate quickly with use.  This suppressor is large and, when attached, will interfere with your ability to aim down the base sights of the gun.",
    "weight": "920 g",
    "volume": "750 ml",
    "price": "9 USD",
    "price_postapoc": "350 cent",
    "install_time": "30 s",
    "to_hit": 1,
    "melee_damage": { "bash": 3 },
    "material": [ "steel" ],
    "symbol": ":",
    "color": "dark_gray",
    "location": "muzzle",
    "mod_targets": [ "shotgun" ],
    "consume_chance": 15,
    "consume_divisor": 80,
    "damage_modifier": { "damage_type": "bullet", "amount": -5 },
    "dispersion_modifier": 40,
    "handling_modifier": 2,
    "loudness_modifier": -20,
    "flags": [ "DISABLE_SIGHTS", "CONSUMABLE" ]
  }
]
