[
  {
    "id": "rep_crossbow",
    "copy-from": "rep_crossbow",
    "type": "ITEM",
    "subtypes": [ "GUN" ],
    "name": { "str": "repeating crossbow" },
    "skill": "rifle",
    "modes": [ [ "DEFAULT", "semi", 1 ], [ "BURST", "burst", 5 ] ]
  },
  {
    "id": "laser_cannon",
    "//": "Preserved here because DDA removed it and Cata++ makes some use of it.",
    "looks_like": "ar15",
    "type": "ITEM",
    "subtypes": [ "GUN" ],
    "reload_noise_volume": 10,
    "name": { "str": "handheld laser cannon" },
    "description": "This is a laser cannon stripped from the barrel of a TX-5LR Cerberus laser turret that has been modified to use UPS power for firing.",
    "weight": "5140 g",
    "volume": "1500 ml",
    "price": "4000 USD",
    "price_postapoc": "80 USD",
    "to_hit": -1,
    "melee_damage": { "bash": 4 },
    "material": [ "steel", "plastic" ],
    "symbol": "(",
    "color": "magenta",
    "skill": "rifle",
    "range": 30,
    "ranged_damage": { "damage_type": "heat", "amount": 10, "armor_penetration": 4 },
    "dispersion": 90,
    "durability": 7,
    "loudness": 8,
    "energy_drain": "25 kJ",
    "reload": 200,
    "valid_mod_locations": [
      [ "emitter", 1 ],
      [ "lens", 1 ],
      [ "sling", 1 ],
      [ "grip mount", 1 ],
      [ "rail mount", 1 ],
      [ "sights mount", 1 ],
      [ "stock mount", 1 ],
      [ "underbarrel mount", 1 ]
    ],
    "ammo_effects": [ "LASER", "INCENDIARY" ],
    "flags": [ "NO_UNLOAD", "NON_FOULING", "NEEDS_NO_LUBE", "USE_UPS" ]
  }
]
