[
  {
    "id": "unbio_laser_gun",
    "type": "ITEM",
    "subtypes": [ "GUN" ],
    "symbol": "(",
    "looks_like": "v29",
    "color": "magenta",
    "name": { "str": "bio laser pistol" },
    "description": "Finger Laser CBM turned into a pistol.  Still very accurate, but not particularly damaging.",
    "price": "4200 USD",
    "price_postapoc": "20 USD",
    "material": [ "superalloy", "steel" ],
    "skill": "pistol",
    "flags": [ "NEVER_JAMS", "NON_FOULING", "NEEDS_NO_LUBE", "USE_UPS" ],
    "ammo_effects": [ "LASER", "INCENDIARY" ],
    "energy_drain": "25 kJ",
    "weight": "6 g",
    "volume": "3 L",
    "ranged_damage": { "damage_type": "heat", "amount": 8 },
    "range": 25,
    "dispersion": 150,
    "durability": 9,
    "loudness": 7,
    "reload": 500
  },
  {
    "id": "unbio_chain_lightning",
    "type": "ITEM",
    "subtypes": [ "GUN" ],
    "symbol": "(",
    "looks_like": "v29",
    "color": "magenta",
    "name": { "str": "chain lightning rifle" },
    "description": "Rifle built with parts salvaged from a Chain Lightning CBM.  Fires bolts of electricity that jump between nearby enemies.",
    "price": "1800 USD",
    "price_postapoc": "20 USD",
    "material": [ "superalloy", "steel" ],
    "skill": "rifle",
    "flags": [ "NEVER_JAMS", "NO_UNLOAD", "NON_FOULING", "NEEDS_NO_LUBE", "USE_UPS" ],
    "ammo_effects": [ "LIGHTNING", "BOUNCE" ],
    "energy_drain": "40 kJ",
    "weight": "2840 g",
    "volume": "3500 ml",
    "ranged_damage": { "damage_type": "electric", "amount": 15 },
    "range": 10,
    "dispersion": 150,
    "durability": 9,
    "loudness": 10,
    "reload": 500
  },
  {
    "id": "flesh_pistol",
    "type": "ITEM",
    "subtypes": [ "GUN", "ARTIFACT" ],
    "symbol": "(",
    "looks_like": "flesh_rifle",
    "color": "red",
    "name": { "str": "biological pistol" },
    "description": "A pistol made out of fleshy material enclosed by metal.  Whatever it fires seems to be solid enough to do damage along with immolating victims.  Wielding it gives you a strange sense of focus, though the occasional twitch and unnerving sound from this thing leaves you uneasy.  Hopefully it's not sentient.",
    "price": "5800 USD",
    "price_postapoc": "60 USD",
    "material": [ "flesh", "superalloy" ],
    "ammo_effects": [ "NEVER_MISFIRES", "INCENDIARY", "MUZZLE_SMOKE", "PLASMA", "BLINDS_EYES" ],
    "flags": [ "NEVER_JAMS", "NON_FOULING", "NEEDS_NO_LUBE", "NO_TURRET" ],
    "skill": "pistol",
    "weight": "850 g",
    "volume": "500 ml",
    "melee_damage": { "bash": 8 },
    "to_hit": -1,
    "ranged_damage": { "damage_type": "stab", "amount": 20, "armor_penetration": 2 },
    "range": 15,
    "dispersion": 250,
    "recoil": 25,
    "durability": 8,
    "modes": [ [ "DEFAULT", "semi", 1 ], [ "BURST", "2-rd. burst", 2 ] ],
    "valid_mod_locations": [ [ "accessories", 1 ], [ "sling", 1 ] ],
    "passive_effects": [
      {
        "has": "WIELD",
        "condition": "ALWAYS",
        "values": [ { "value": "STRENGTH", "add": -2 }, { "value": "DEXTERITY", "add": -2 }, { "value": "PERCEPTION", "add": 4 } ],
        "ench_effects": [ { "effect": "c_flesh_pistol_side_effect", "intensity": 1 } ],
        "mutations": [ "SCHIZOPHRENIC", "ROT1", "PRED1" ]
      }
    ]
  },
  {
    "id": "flesh_smg",
    "type": "ITEM",
    "subtypes": [ "GUN", "ARTIFACT" ],
    "symbol": "(",
    "looks_like": "flesh_rifle",
    "color": "red",
    "name": { "str": "biological sub-machinegun" },
    "description": "A sub-machinegun made out of fleshy material enclosed by metal.  Whatever the hell it fires seems to have an incendiary effect on targets.  Wielding it gives you a strange sense of focus, though the occasional twitch and unnerving sound from this thing leaves you uneasy.  Hopefully it's not sentient.",
    "price": "5800 USD",
    "price_postapoc": "75 USD",
    "material": [ "flesh", "superalloy" ],
    "ammo_effects": [ "NEVER_MISFIRES", "INCENDIARY", "MUZZLE_SMOKE", "PLASMA", "BLINDS_EYES", "FLAME", "BEANBAG", "STREAM" ],
    "flags": [ "NEVER_JAMS", "NON_FOULING", "NEEDS_NO_LUBE", "NO_TURRET" ],
    "skill": "smg",
    "weight": "2850 g",
    "volume": "1 L",
    "melee_damage": { "bash": 8 },
    "to_hit": -1,
    "ranged_damage": { "damage_type": "stab", "amount": 25, "armor_penetration": 5 },
    "range": 20,
    "dispersion": 150,
    "recoil": 20,
    "durability": 8,
    "modes": [ [ "DEFAULT", "semi", 1 ], [ "BURST", "burst", 3 ], [ "AUTO", "auto", 5 ] ],
    "valid_mod_locations": [ [ "accessories", 1 ], [ "sling", 1 ] ],
    "passive_effects": [
      {
        "has": "WIELD",
        "condition": "ALWAYS",
        "values": [ { "value": "STRENGTH", "add": -2 }, { "value": "DEXTERITY", "add": -2 }, { "value": "PERCEPTION", "add": 4 } ],
        "mutations": [ "SCHIZOPHRENIC", "ROT2", "PRED2", "INFRARED", "ELECTRORECEPTORS" ],
        "ench_effects": [ { "effect": "c_flesh_smg_side_effect", "intensity": 1 } ],
        "hit_me_effect": [
          {
            "id": "c_flesh_hit_effect",
            "once_in": 3,
            "message": "A surge of energy courses from your weapon, empowering you further!",
            "npc_message": "A jolt of strange energy envelops %1$s!"
          }
        ]
      }
    ]
  },
  {
    "id": "flesh_rifle",
    "type": "ITEM",
    "subtypes": [ "GUN", "ARTIFACT" ],
    "symbol": "(",
    "color": "red",
    "name": { "str": "biological rifle" },
    "description": "A rifle made out of fleshy material enclosed by metal.  It fires something seemingly alive, over quite a long range in fact, horribly burning and stunning whatever it hits.  Wielding it gives you a strange sense of focus, though the occasional twitch and unnerving sound from this thing leaves you uneasy.  Hopefully it's not sentient.",
    "price": "5800 USD",
    "price_postapoc": "75 USD",
    "material": [ "flesh", "superalloy" ],
    "ammo_effects": [ "NEVER_MISFIRES", "INCENDIARY", "MUZZLE_SMOKE", "PLASMA", "BLINDS_EYES", "FLAME", "LARGE_BEANBAG", "NAPALM" ],
    "flags": [ "NEVER_JAMS", "NON_FOULING", "NEEDS_NO_LUBE", "NO_TURRET" ],
    "skill": "rifle",
    "weight": "3650 g",
    "volume": "2 L",
    "melee_damage": { "bash": 8 },
    "to_hit": -1,
    "ranged_damage": { "damage_type": "stab", "amount": 60, "armor_penetration": 10 },
    "range": 40,
    "barrel_volume": "500 ml",
    "dispersion": 50,
    "recoil": 200,
    "durability": 8,
    "modes": [ [ "DEFAULT", "semi", 1 ], [ "BURST", "burst", 3 ] ],
    "valid_mod_locations": [ [ "accessories", 1 ], [ "sling", 1 ] ],
    "passive_effects": [
      {
        "has": "WIELD",
        "condition": "ALWAYS",
        "values": [ { "value": "STRENGTH", "add": -2 }, { "value": "DEXTERITY", "add": -2 }, { "value": "PERCEPTION", "add": 4 } ],
        "mutations": [ "SCHIZOPHRENIC", "ROT2", "PRED2", "INFRARED", "ELECTRORECEPTORS" ],
        "ench_effects": [ { "effect": "c_flesh_rifle_side_effect", "intensity": 1 } ],
        "hit_me_effect": [
          {
            "id": "c_flesh_hit_effect",
            "once_in": 3,
            "message": "A surge of energy courses from your weapon, empowering you further!",
            "npc_message": "A jolt of strange energy envelops %1$s!"
          }
        ]
      }
    ]
  },
  {
    "id": "flesh_lmg",
    "type": "ITEM",
    "subtypes": [ "GUN", "ARTIFACT" ],
    "symbol": "(",
    "looks_like": "flesh_rifle",
    "color": "red",
    "name": { "str": "biological machinegun" },
    "description": "A light machinegun made out of fleshy material enclosed by metal.  It fires unnatural, presumably-living rounds that daze and immolate almost anything hit by sustained fire.  Wielding it gives you a strange sense of focus, though the occasional twitch and unnerving sound from this thing leaves you uneasy.  Hopefully it's not sentient.",
    "price": "5800 USD",
    "price_postapoc": "75 USD",
    "material": [ "flesh", "superalloy" ],
    "ammo_effects": [ "NEVER_MISFIRES", "INCENDIARY", "MUZZLE_SMOKE", "PLASMA", "BLINDS_EYES", "FLAME", "BEANBAG", "STREAM_BIG" ],
    "flags": [ "NEVER_JAMS", "NON_FOULING", "NEEDS_NO_LUBE", "NO_TURRET" ],
    "skill": "rifle",
    "weight": "4750 g",
    "volume": "2 L",
    "melee_damage": { "bash": 8 },
    "to_hit": -1,
    "ranged_damage": { "damage_type": "stab", "amount": 40, "armor_penetration": 5 },
    "range": 40,
    "dispersion": 150,
    "recoil": 100,
    "durability": 8,
    "modes": [ [ "DEFAULT", "semi", 5 ], [ "BURST", "low auto", 5 ], [ "AUTO", "high auto", 10 ] ],
    "valid_mod_locations": [ [ "accessories", 1 ], [ "sling", 1 ] ],
    "passive_effects": [
      {
        "has": "WIELD",
        "condition": "ALWAYS",
        "values": [ { "value": "STRENGTH", "add": -2 }, { "value": "DEXTERITY", "add": -2 }, { "value": "PERCEPTION", "add": 4 } ],
        "mutations": [ "SCHIZOPHRENIC", "ROT2", "PRED2", "INFRARED", "ELECTRORECEPTORS" ],
        "ench_effects": [ { "effect": "c_flesh_lmg_side_effect", "intensity": 1 } ],
        "hit_me_effect": [
          {
            "id": "c_flesh_hit_effect",
            "once_in": 3,
            "message": "A surge of energy courses from your weapon, empowering you further!",
            "npc_message": "A jolt of strange energy envelops %1$s!"
          }
        ]
      }
    ]
  },
  {
    "id": "flesh_shotgun",
    "type": "ITEM",
    "subtypes": [ "GUN", "ARTIFACT" ],
    "symbol": "(",
    "color": "red",
    "looks_like": "flesh_rifle",
    "name": { "str": "biological scattergun" },
    "description": "An automatic shotgun made out of fleshy material enclosed by metal.  It's hard to tell what this thing even fires, but it appears to have a powerful stunning and incendiary effect on targets.  Wielding it gives you a strange sense of focus, though the occasional twitch and unnerving sound from this thing leaves you uneasy.  Hopefully it's not sentient.",
    "price": "5800 USD",
    "price_postapoc": "75 USD",
    "material": [ "flesh", "superalloy" ],
    "ammo_effects": [
      "NEVER_MISFIRES",
      "INCENDIARY",
      "MUZZLE_SMOKE",
      "PLASMA",
      "BLINDS_EYES",
      "FLAME",
      "TANGLE",
      "LARGE_BEANBAG",
      "STREAM_BIG",
      "WIDE"
    ],
    "flags": [ "NEVER_JAMS", "NON_FOULING", "NEEDS_NO_LUBE", "NO_TURRET" ],
    "skill": "shotgun",
    "weight": "3850 g",
    "volume": "2 L",
    "melee_damage": { "bash": 8 },
    "to_hit": -1,
    "ranged_damage": { "damage_type": "stab", "amount": 50, "armor_penetration": 2 },
    "range": 15,
    "barrel_volume": "500 ml",
    "dispersion": 300,
    "recoil": 300,
    "durability": 8,
    "modes": [ [ "DEFAULT", "semi", 1 ], [ "BURST", "2-rd. burst", 2 ] ],
    "valid_mod_locations": [ [ "accessories", 1 ], [ "sling", 1 ] ],
    "passive_effects": [
      {
        "has": "WIELD",
        "condition": "ALWAYS",
        "values": [ { "value": "STRENGTH", "add": -2 }, { "value": "DEXTERITY", "add": -2 }, { "value": "PERCEPTION", "add": 4 } ],
        "mutations": [ "SCHIZOPHRENIC", "ROT2", "PRED2", "INFRARED", "ELECTRORECEPTORS" ],
        "ench_effects": [ { "effect": "c_flesh_scattergun_side_effect", "intensity": 1 } ],
        "hit_me_effect": [
          {
            "id": "c_flesh_hit_effect",
            "once_in": 3,
            "message": "A surge of energy courses from your weapon, empowering you further!",
            "npc_message": "A jolt of strange energy envelops %1$s!"
          }
        ]
      }
    ]
  },
  {
    "id": "sur_pnu_lmg",
    "type": "ITEM",
    "subtypes": [ "GUN" ],
    "color": "dark_gray",
    "symbol": "(",
    "looks_like": "tihar",
    "name": { "str": "survivor's pneumatic LMG" },
    "description": "A high-powered, multistroke pneumatic rifle with a basic magazine hopper.  While handcrafted, it is higher in quality than most homemade weapons, using a hand crank and cam to power its air compressor, allowing for a modest volume of fire.",
    "price": "2400 USD",
    "price_postapoc": "80 USD",
    "material": [ "wood", "steel" ],
    "weight": "11536 g",
    "volume": "4250 ml",
    "melee_damage": { "bash": 10 },
    "to_hit": -1,
    "flags": [ "FIRE_TWOHAND", "STR_RELOAD", "NON_FOULING", "NEEDS_NO_LUBE" ],
    "ammo": [ "pebble" ],
    "skill": "rifle",
    "ranged_damage": { "damage_type": "stab", "amount": 20 },
    "range": 15,
    "dispersion": 150,
    "durability": 6,
    "modes": [ [ "DEFAULT", "semi", 1 ], [ "BURST", "burst", 3 ], [ "auto", "auto", 10 ] ],
    "clip_size": 100,
    "pocket_data": [ { "pocket_type": "MAGAZINE", "ammo_restriction": { "pebble": 100 } } ],
    "reload": 2000,
    "loudness": 20,
    "valid_mod_locations": [
      [ "accessories", 3 ],
      [ "sling", 1 ],
      [ "grip", 1 ],
      [ "barrel", 1 ],
      [ "muzzle", 1 ],
      [ "rail", 1 ],
      [ "mechanism", 2 ],
      [ "sights", 1 ],
      [ "stock", 1 ],
      [ "underbarrel", 1 ]
    ]
  },
  {
    "id": "ups_rifle",
    "type": "ITEM",
    "subtypes": [ "GUN" ],
    "color": "yellow",
    "symbol": "(",
    "looks_like": "laser_rifle",
    "name": { "str": "survivor's UPS rifle" },
    "description": "A makeshift, albeit advanced, laser rifle.  Relatively potent but less efficient than proper models.  Reasonably reliable and can be mounted on a vehicle.",
    "price": "3580 USD",
    "price_postapoc": "40 USD",
    "material": [ "steel", "wood" ],
    "weight": "4145 g",
    "volume": "3500 ml",
    "melee_damage": { "bash": 12 },
    "to_hit": -1,
    "ammo_effects": [ "LASER", "SHOT", "INCENDIARY" ],
    "flags": [ "NO_UNLOAD", "NON_FOULING", "NEEDS_NO_LUBE", "USE_UPS" ],
    "energy_drain": "60 kJ",
    "skill": "rifle",
    "ranged_damage": { "damage_type": "heat", "amount": 30, "armor_penetration": 3 },
    "range": 25,
    "dispersion": 120,
    "durability": 7,
    "modes": [ [ "DEFAULT", "semi", 1 ], [ "BURST", "burst", 5 ] ],
    "loudness": 12,
    "valid_mod_locations": [
      [ "accessories", 2 ],
      [ "sling", 1 ],
      [ "grip", 1 ],
      [ "rail", 1 ],
      [ "sights", 1 ],
      [ "stock", 1 ],
      [ "underbarrel", 1 ]
    ]
  },
  {
    "id": "ups_rifle_crank",
    "type": "ITEM",
    "subtypes": [ "GUN" ],
    "color": "yellow",
    "symbol": "(",
    "looks_like": "ups_rifle",
    "name": { "str": "survivor's crank rifle" },
    "description": "Further building on the developments that went into the UPS rifle, this integrates a hand crank and capacitors to charge a custom-made power cell.  Infinite ammo at the cost of reliability.  Use it to ready the hand-crank charger, allowing you to recharge loaded capacitor banks.",
    "price": "7490 USD",
    "price_postapoc": "60 USD",
    "material": [ "steel", "wood" ],
    "weight": "4964 g",
    "volume": "4250 ml",
    "melee_damage": { "bash": 8 },
    "to_hit": -1,
    "ammo_effects": [ "LASER", "SHOT", "INCENDIARY" ],
    "flags": [ "NON_FOULING", "NEEDS_NO_LUBE", "NO_TURRET" ],
    "skill": "rifle",
    "ammo": [ "battery" ],
    "ranged_damage": { "damage_type": "heat", "amount": 30, "armor_penetration": 3 },
    "range": 25,
    "dispersion": 150,
    "recoil": 15,
    "durability": 6,
    "modes": [ [ "DEFAULT", "semi", 1 ], [ "BURST", "burst", 5 ] ],
    "reload": 0,
    "loudness": 16,
    "use_action": {
      "type": "transform",
      "msg": "You ready the rifle for recharging.",
      "menu_text": "Swap to recharge mode",
      "target": "ups_rifle_crank_charge",
      "ammo_scale": 0
    },
    "pocket_data": [
      {
        "magazine_well": "300 ml",
        "pocket_type": "MAGAZINE_WELL",
        "holster": true,
        "max_contains_volume": "20 L",
        "max_contains_weight": "20 kg",
        "item_restriction": [ "rifle_crank_battery_cell" ]
      }
    ],
    "//": "No gunmods as these will likely get deleted on transformation."
  },
  {
    "id": "surv_battery_pistol",
    "type": "ITEM",
    "subtypes": [ "GUN" ],
    "color": "light_red",
    "symbol": "{",
    "looks_like": "v29",
    "name": { "str": "survivor's battery pistol" },
    "description": "A simple electronic pistol, using batteries from common household electronics to power a low-yield electrolaser.  Not very powerful, but can shock targets.",
    "price": "424 USD",
    "price_postapoc": "20 USD",
    "material": [ "steel", "wood" ],
    "weight": "2940 g",
    "volume": "1 L",
    "melee_damage": { "bash": 3 },
    "to_hit": -1,
    "ammo_effects": [ "LIGHTNING" ],
    "flags": [ "NON_FOULING", "NEEDS_NO_LUBE" ],
    "ammo_to_fire": 10,
    "ammo": [ "battery" ],
    "pocket_data": [
      {
        "magazine_well": "50 ml",
        "pocket_type": "MAGAZINE_WELL",
        "holster": true,
        "max_contains_volume": "20 L",
        "max_contains_weight": "20 kg",
        "item_restriction": [ "medium_battery_cell" ]
      }
    ],
    "skill": "pistol",
    "ranged_damage": { "damage_type": "electric", "amount": 8 },
    "range": 10,
    "dispersion": 120,
    "recoil": 10,
    "durability": 5,
    "reload": 300,
    "loudness": 12,
    "valid_mod_locations": [ [ "accessories", 2 ], [ "sling", 1 ], [ "barrel", 1 ], [ "rail", 1 ], [ "sights", 1 ], [ "stock", 1 ] ]
  },
  {
    "id": "surv_battery_rifle",
    "type": "ITEM",
    "subtypes": [ "GUN" ],
    "color": "light_red",
    "symbol": "{",
    "looks_like": "laser_rifle",
    "name": { "str": "survivor's battery rifle" },
    "description": "A simple electronic rifle, using batteries from common power tools to power a low-yield electrolaser.  A bit more potent than its pistol variant, but still quite an inefficient use of power.",
    "price": "871 USD",
    "price_postapoc": "40 USD",
    "material": [ "steel", "wood" ],
    "weight": "5360 g",
    "volume": "3 L",
    "melee_damage": { "bash": 8 },
    "to_hit": -1,
    "ammo_effects": [ "LIGHTNING" ],
    "flags": [ "NON_FOULING", "NEEDS_NO_LUBE" ],
    "ammo_to_fire": 20,
    "ammo": [ "battery" ],
    "pocket_data": [
      {
        "magazine_well": "400 ml",
        "pocket_type": "MAGAZINE_WELL",
        "holster": true,
        "max_contains_volume": "20 L",
        "max_contains_weight": "20 kg",
        "item_restriction": [ "heavy_battery_cell" ]
      }
    ],
    "skill": "rifle",
    "ranged_damage": { "damage_type": "electric", "amount": 20 },
    "range": 15,
    "dispersion": 100,
    "recoil": 30,
    "durability": 5,
    "reload": 600,
    "loudness": 14,
    "valid_mod_locations": [
      [ "accessories", 3 ],
      [ "sling", 1 ],
      [ "grip", 1 ],
      [ "barrel", 1 ],
      [ "rail", 1 ],
      [ "sights", 1 ],
      [ "stock", 1 ],
      [ "underbarrel", 1 ]
    ]
  },
  {
    "id": "surv_full_223",
    "copy-from": "rifle_base",
    "type": "ITEM",
    "subtypes": [ "GUN" ],
    "looks_like": "surv_carbine_223",
    "name": { "str": "survivor's .223 assault rifle" },
    "description": "A (mostly) homemade assault rifle built from a full auto receiver.  While still lower quality than most pre-cataclysm rifles, it's superior to many other homemade weapons.  Takes the .223 cartridge via its custom-made magazine, and can accept certain STANAG magazines of equal or lesser capacity.",
    "price": "1200 USD",
    "price_postapoc": "120 USD",
    "material": [ "steel", "wood" ],
    "ammo": [ "223" ],
    "weight": "3 kg",
    "volume": "2 L",
    "longest_side": "900 mm",
    "barrel_volume": "250 ml",
    "ranged_damage": { "damage_type": "bullet", "amount": -1 },
    "dispersion": 450,
    "blackpowder_tolerance": 30,
    "min_cycle_recoil": 1000,
    "durability": 7,
    "modes": [ [ "DEFAULT", "semi", 1 ], [ "BURST", "burst", 5 ] ],
    "loudness": 25,
    "pocket_data": [
      {
        "magazine_well": "250 ml",
        "pocket_type": "MAGAZINE_WELL",
        "holster": true,
        "max_contains_volume": "20 L",
        "max_contains_weight": "20 kg",
        "item_restriction": [ "surv_223_mag", "stanag20", "stanag10", "stanag5", "survivor223mag" ]
      }
    ]
  },
  {
    "id": "surv_full_22",
    "copy-from": "smg_base",
    "type": "ITEM",
    "subtypes": [ "GUN" ],
    "looks_like": "sten",
    "name": { "str": "survivor's .22 SMG" },
    "description": "A (mostly) homemade SMG built from a full auto receiver.  While still lower quality than most pre-cataclysm SMGs, it's superior to many other homemade weapons.  Takes the .22 cartridge via its custom-made magazine.",
    "price": "1200 USD",
    "price_postapoc": "120 USD",
    "material": [ "steel", "wood" ],
    "ammo": [ "22" ],
    "weight": "2500 g",
    "volume": "1500 ml",
    "longest_side": "800 mm",
    "barrel_volume": "250 ml",
    "ranged_damage": { "damage_type": "bullet", "amount": -1 },
    "dispersion": 450,
    "blackpowder_tolerance": 30,
    "min_cycle_recoil": 25,
    "durability": 6,
    "modes": [ [ "DEFAULT", "semi", 1 ], [ "BURST", "burst", 8 ] ],
    "loudness": 25,
    "pocket_data": [
      {
        "magazine_well": "100 ml",
        "pocket_type": "MAGAZINE_WELL",
        "holster": true,
        "max_contains_volume": "20 L",
        "max_contains_weight": "20 kg",
        "item_restriction": [ "surv_22_mag" ]
      }
    ]
  },
  {
    "id": "surv_full_9mm",
    "copy-from": "surv_full_22",
    "type": "ITEM",
    "subtypes": [ "GUN" ],
    "name": { "str": "survivor's 9mm SMG" },
    "description": "A (mostly) homemade SMG built from a full auto receiver.  While still lower quality than most pre-cataclysm SMGs, it's superior to many other homemade weapons.  Takes the 9mm cartridge via its custom-made magazine, or can accept lower-capacity makeshift STEN magazines.",
    "ammo": [ "9mm" ],
    "min_cycle_recoil": 300,
    "pocket_data": [
      {
        "magazine_well": "100 ml",
        "pocket_type": "MAGAZINE_WELL",
        "holster": true,
        "max_contains_volume": "20 L",
        "max_contains_weight": "20 kg",
        "item_restriction": [ "surv_9mm_mag", "survivor9mm_mag" ]
      }
    ]
  },
  {
    "id": "surv_full_45",
    "copy-from": "surv_full_22",
    "type": "ITEM",
    "subtypes": [ "GUN" ],
    "name": { "str": "survivor's .45 SMG" },
    "description": "A (mostly) homemade SMG built from a full auto receiver.  While still lower quality than most pre-cataclysm SMGs, it's superior to many other homemade weapons.  Takes the .45 cartridge via its custom-made magazine, and can accept lower-capacity makeshift variants of the MAC-10 magazine.",
    "ammo": [ "45" ],
    "min_cycle_recoil": 400,
    "pocket_data": [
      {
        "magazine_well": "100 ml",
        "pocket_type": "MAGAZINE_WELL",
        "holster": true,
        "max_contains_volume": "20 L",
        "max_contains_weight": "20 kg",
        "item_restriction": [ "surv_45_mag", "smg_45_mag" ]
      }
    ]
  },
  {
    "id": "surv_full_308",
    "copy-from": "surv_full_223",
    "type": "ITEM",
    "subtypes": [ "GUN" ],
    "name": { "str": "survivor's .308 battle rifle" },
    "description": "A (mostly) homemade automatic rifle built from a full auto receiver.  While still lower quality than most pre-cataclysm rifles, it's superior to many other homemade weapons.  Takes the .308 cartridge via its custom-made magazine, and compatible with magazines from the old M14 rifle.",
    "ammo": [ "308" ],
    "min_cycle_recoil": 2000,
    "pocket_data": [
      {
        "magazine_well": "250 ml",
        "pocket_type": "MAGAZINE_WELL",
        "holster": true,
        "max_contains_volume": "20 L",
        "max_contains_weight": "20 kg",
        "item_restriction": [ "surv_308_mag", "m14mag", "m14smallmag", "m14_makeshiftmag" ]
      }
    ]
  },
  {
    "id": "surv_full_762",
    "copy-from": "surv_full_223",
    "type": "ITEM",
    "subtypes": [ "GUN" ],
    "name": { "str": "survivor's 7.62x39 assault rifle" },
    "description": "A (mostly) homemade assault rifle built from a full auto receiver.  While still lower quality than most pre-cataclysm rifles, it's superior to many other homemade weapons.  Takes the 7.62x39mm cartridge via its custom-made magazine, and can accept any AK-pattern magazine of equal or lesser capacity.",
    "ammo": [ "762" ],
    "min_cycle_recoil": 1500,
    "pocket_data": [
      {
        "magazine_well": "250 ml",
        "pocket_type": "MAGAZINE_WELL",
        "holster": true,
        "max_contains_volume": "20 L",
        "max_contains_weight": "20 kg",
        "item_restriction": [ "surv_762_mag", "akmag20", "akmag10" ]
      }
    ]
  },
  {
    "id": "surv_full_762R",
    "copy-from": "surv_full_223",
    "type": "ITEM",
    "subtypes": [ "GUN" ],
    "name": { "str": "survivor's 7.62x54 battle rifle" },
    "description": "A (mostly) homemade automatic rifle built from a full auto receiver.  While still lower quality than most pre-cataclysm rifles, it's superior to many other homemade weapons.  Takes the 7.62x54mmR cartridge via its custom-made magazine.",
    "ammo": [ "762R" ],
    "min_cycle_recoil": 2000,
    "pocket_data": [
      {
        "magazine_well": "250 ml",
        "pocket_type": "MAGAZINE_WELL",
        "holster": true,
        "max_contains_volume": "20 L",
        "max_contains_weight": "20 kg",
        "item_restriction": [ "surv_762R_mag" ]
      }
    ]
  },
  {
    "id": "surv_full_3006",
    "copy-from": "surv_full_223",
    "type": "ITEM",
    "subtypes": [ "GUN" ],
    "name": { "str": "survivor's .30-06 battle rifle" },
    "description": "A (mostly) homemade automatic rifle built from a full auto receiver.  While still lower quality than most pre-cataclysm rifles, it's superior to many other homemade weapons.  Takes the .30-06 cartridge via its custom-made magazine, and can accept magazines from the BAR of comparable capacity.",
    "ammo": [ "3006" ],
    "min_cycle_recoil": 2000,
    "pocket_data": [
      {
        "magazine_well": "250 ml",
        "pocket_type": "MAGAZINE_WELL",
        "holster": true,
        "max_contains_volume": "20 L",
        "max_contains_weight": "20 kg",
        "item_restriction": [ "surv_3006_mag", "m1918mag" ]
      }
    ]
  },
  {
    "id": "surv_full_12",
    "copy-from": "shotgun_base",
    "type": "ITEM",
    "subtypes": [ "GUN" ],
    "looks_like": "saiga_12",
    "name": { "str": "survivor's full-auto shotgun" },
    "description": "A (mostly) homemade full auto shotgun built from a full auto receiver.  While still lower quality than most pre-cataclysm shotguns, it's superior to many other homemade weapons.  Takes the 12 gauge cartridge via its custom-made magazine, and can accept lower-capacity variants of the Saiga 12 magazine.",
    "price": "1200 USD",
    "price_postapoc": "120 USD",
    "material": [ "steel", "wood" ],
    "ammo": [ "shot" ],
    "weight": "3500 g",
    "volume": "2500 ml",
    "longest_side": "1000 mm",
    "barrel_volume": "500 ml",
    "ranged_damage": { "damage_type": "bullet", "amount": -1 },
    "dispersion": 500,
    "blackpowder_tolerance": 30,
    "min_cycle_recoil": 1500,
    "durability": 6,
    "modes": [ [ "DEFAULT", "semi", 1 ], [ "BURST", "burst", 5 ] ],
    "loudness": 25,
    "pocket_data": [
      {
        "magazine_well": "450 ml",
        "pocket_type": "MAGAZINE_WELL",
        "holster": true,
        "max_contains_volume": "20 L",
        "max_contains_weight": "20 kg",
        "item_restriction": [ "surv_12_mag", "saiga10mag" ]
      }
    ]
  },
  {
    "id": "surv_lmg_308",
    "copy-from": "surv_full_308",
    "type": "ITEM",
    "subtypes": [ "GUN" ],
    "looks_like": "m60",
    "weapon_category": [ "MACHINE_GUNS", "AUTOLOADING" ],
    "name": { "str": "survivor's .308 GPMG" },
    "description": "A (mostly) homemade GPMG built from a full auto receiver.  Although well-made, its high volume of fire makes reliability and accuracy an issue.  Takes the .308 cartridge via a belt feed.",
    "price": "1500 USD",
    "price_postapoc": "150 USD",
    "weight": "8 kg",
    "volume": "2500 ml",
    "longest_side": "1000 mm",
    "barrel_volume": "500 ml",
    "dispersion": 550,
    "blackpowder_tolerance": 20,
    "min_cycle_recoil": 2500,
    "durability": 6,
    "modes": [ [ "DEFAULT", "semi", 1 ], [ "BURST", "burst", 10 ] ],
    "pocket_data": [
      {
        "magazine_well": "25 ml",
        "pocket_type": "MAGAZINE_WELL",
        "holster": true,
        "max_contains_volume": "20 L",
        "max_contains_weight": "20 kg",
        "item_restriction": [ "surv_belt_308" ]
      }
    ]
  },
  {
    "id": "surv_lmg_762",
    "copy-from": "surv_lmg_308",
    "type": "ITEM",
    "subtypes": [ "GUN" ],
    "name": { "str": "survivor's 7.62x39 LMG" },
    "description": "A (mostly) homemade LMG built from a full auto receiver.  Although well-made, its high volume of fire makes reliability and accuracy an issue.  Takes the 7.62x39 cartridge via a belt feed.",
    "ammo": [ "762" ],
    "min_cycle_recoil": 2000,
    "pocket_data": [
      {
        "magazine_well": "25 ml",
        "pocket_type": "MAGAZINE_WELL",
        "holster": true,
        "max_contains_volume": "20 L",
        "max_contains_weight": "20 kg",
        "item_restriction": [ "surv_belt_762" ]
      }
    ]
  },
  {
    "id": "surv_lmg_223",
    "copy-from": "surv_lmg_308",
    "type": "ITEM",
    "subtypes": [ "GUN" ],
    "name": { "str": "survivor's .223 LMG" },
    "description": "A (mostly) homemade LMG built from a full auto receiver.  Although well-made, its high volume of fire makes reliability and accuracy an issue.  Takes the .223 cartridge via a belt feed.",
    "ammo": [ "223" ],
    "min_cycle_recoil": 1250,
    "pocket_data": [
      {
        "magazine_well": "25 ml",
        "pocket_type": "MAGAZINE_WELL",
        "holster": true,
        "max_contains_volume": "20 L",
        "max_contains_weight": "20 kg",
        "item_restriction": [ "surv_belt_223" ]
      }
    ]
  },
  {
    "id": "surv_lmg_762R",
    "copy-from": "surv_lmg_308",
    "type": "ITEM",
    "subtypes": [ "GUN" ],
    "name": { "str": "survivor's 7.62x54 GPMG" },
    "description": "A (mostly) homemade GPMG built from a full auto receiver.  Although well-made, its high volume of fire makes reliability and accuracy an issue.  Takes the 7.62x54R cartridge via a belt feed.",
    "ammo": [ "762R" ],
    "min_cycle_recoil": 2500,
    "pocket_data": [
      {
        "magazine_well": "25 ml",
        "pocket_type": "MAGAZINE_WELL",
        "holster": true,
        "max_contains_volume": "20 L",
        "max_contains_weight": "20 kg",
        "item_restriction": [ "surv_belt_762R" ]
      }
    ]
  },
  {
    "id": "surv_lmg_3006",
    "copy-from": "surv_lmg_308",
    "type": "ITEM",
    "subtypes": [ "GUN" ],
    "name": { "str": "survivor's .30-06 GPMG" },
    "description": "A (mostly) homemade GPMG built from a full auto receiver.  Although well-made, its high volume of fire makes reliability and accuracy an issue.  Takes the .30-06 cartridge via a belt feed.",
    "ammo": [ "3006" ],
    "min_cycle_recoil": 2500,
    "pocket_data": [
      {
        "magazine_well": "25 ml",
        "pocket_type": "MAGAZINE_WELL",
        "holster": true,
        "max_contains_volume": "20 L",
        "max_contains_weight": "20 kg",
        "item_restriction": [ "surv_belt_3006" ]
      }
    ]
  },
  {
    "id": "surv_full_50",
    "copy-from": "surv_full_223",
    "type": "ITEM",
    "subtypes": [ "GUN" ],
    "looks_like": "m107a1",
    "name": { "str": "survivor's .50 automatic AMR" },
    "description": "A beast of a (mostly) homemade anti-materiel rifle built from a full auto receiver.  While still lower quality than most pre-cataclysm rifles, it's superior to many other homemade weapons.  Takes the .50 BMG cartridge via its custom-made magazine, or can accept lower-capacity Barret magazines.",
    "price": "1500 USD",
    "price_postapoc": "150 USD",
    "ammo": [ "50" ],
    "weight": "10 kg",
    "volume": "3 L",
    "longest_side": "1200 mm",
    "barrel_volume": "500 ml",
    "min_cycle_recoil": 5000,
    "durability": 6,
    "modes": [ [ "DEFAULT", "semi", 1 ], [ "BURST", "burst", 3 ] ],
    "pocket_data": [
      {
        "magazine_well": "250 ml",
        "pocket_type": "MAGAZINE_WELL",
        "holster": true,
        "max_contains_volume": "20 L",
        "max_contains_weight": "20 kg",
        "item_restriction": [ "surv_50_mag", "m107a1mag" ]
      }
    ]
  },
  {
    "id": "survbow",
    "type": "ITEM",
    "subtypes": [ "GUN" ],
    "symbol": "(",
    "color": "brown",
    "looks_like": "compositebow",
    "name": { "str": "survivor's fighting bow" },
    "description": "A custom-made bow, arms reinforced to compensate for its takedown design.  The tips of the bow have makeshift blades to make this bow an efficient melee weapon when things get close and personal.  Use it to compact the weapon for easier storage.",
    "price": "880 USD",
    "price_postapoc": "88 USD",
    "material": [ "wood", "steel" ],
    "flags": [
      "WATERPROOF_GUN",
      "NEVER_JAMS",
      "FIRE_TWOHAND",
      "STR_DRAW",
      "RELOAD_AND_SHOOT",
      "PRIMITIVE_RANGED_WEAPON",
      "DURABLE_MELEE"
    ],
    "techniques": [ "RAPID", "WBLOCK_2", "PRECISE" ],
    "ammo_effects": [ "NEVER_MISFIRES" ],
    "skill": "archery",
    "min_strength": 7,
    "ammo": [ "arrow" ],
    "weight": "1144 g",
    "volume": "2250 ml",
    "longest_side": "150 cm",
    "melee_damage": { "bash": 10, "cut": 18 },
    "reload_noise_volume": 4,
    "loudness": 10,
    "ranged_damage": { "damage_type": "stab", "amount": 7, "armor_penetration": 1 },
    "range": 10,
    "dispersion": 1250,
    "durability": 6,
    "clip_size": 1,
    "pocket_data": [ { "pocket_type": "MAGAZINE", "ammo_restriction": { "arrow": 1 } } ],
    "use_action": {
      "type": "transform",
      "msg": "You collapse the fighting bow into its takedown form.",
      "target": "survbowstored",
      "menu_text": "Fold",
      "ammo_scale": 0
    },
    "valid_mod_locations": [ [ "dampening", 1 ], [ "arrow rest", 1 ] ]
  },
  {
    "id": "greatbow_makeshift",
    "looks_like": "compgreatbow",
    "type": "ITEM",
    "subtypes": [ "ARMOR", "GUN" ],
    "symbol": "(",
    "color": "yellow",
    "name": { "str": "makeshift greatbow" },
    "description": "A massive steel longbow made from part of a vehicle frame sawed and bent into shape.  While extremely powerful, its immense draw weight requires superhuman strength to use, plus it suffers in efficiency and accuracy.",
    "price": "85 USD",
    "material": [ "steel" ],
    "flags": [
      "FIRE_TWOHAND",
      "RELOAD_AND_SHOOT",
      "PRIMITIVE_RANGED_WEAPON",
      "BELTED",
      "SHEATH_BOW",
      "WATERPROOF_GUN",
      "NEVER_JAMS"
    ],
    "ammo_effects": [ "NEVER_MISFIRES" ],
    "techniques": [ "WBLOCK_1" ],
    "skill": "archery",
    "min_strength": 20,
    "ammo": [ "arrow" ],
    "weight": "7 kg",
    "volume": "5 L",
    "longest_side": "198 cm",
    "price_postapoc": "30 USD",
    "armor": [
      {
        "material": [ { "type": "steel", "covered_by_mat": 100, "thickness": 1.0 } ],
        "encumbrance": 30,
        "coverage": 10,
        "covers": [ "torso" ],
        "specifically_covers": [ "torso_hanging_back" ]
      }
    ],
    "reload_noise_volume": 4,
    "loudness": 25,
    "durability": 7,
    "ranged_damage": { "damage_type": "stab", "amount": 13 },
    "range": 24,
    "dispersion": 1500,
    "sight_dispersion": 3000,
    "clip_size": 1,
    "valid_mod_locations": [ [ "dampening", 1 ], [ "arrow rest", 1 ] ],
    "reload": 50,
    "pocket_data": [ { "pocket_type": "MAGAZINE", "ammo_restriction": { "arrow": 1 } } ],
    "melee_damage": { "bash": 25 }
  },
  {
    "id": "surv_sniper",
    "type": "ITEM",
    "subtypes": [ "GUN" ],
    "symbol": "(",
    "color": "brown",
    "looks_like": "longrifle_flintlock",
    "name": { "str": "survivor's flintlock sniper" },
    "description": "A well-made, long-barreled rifle for firing paper cartridges.  Using a breech-loading mechanism and scavenged ferrocerium from a lighter, it compensates for some of the disadvantages common to flintlock firearms.",
    "price": "520 USD",
    "price_postapoc": "52 USD",
    "material": [ "iron", "wood" ],
    "flags": [ "NEVER_JAMS" ],
    "skill": "rifle",
    "ammo": [ "flintlock" ],
    "weight": "2184 g",
    "volume": "2500 ml",
    "longest_side": "1200 mm",
    "barrel_volume": "500 ml",
    "melee_damage": { "bash": 12 },
    "to_hit": -1,
    "ranged_damage": { "damage_type": "bullet", "amount": 10 },
    "range": 7,
    "dispersion": 150,
    "durability": 5,
    "blackpowder_tolerance": 80,
    "clip_size": 1,
    "pocket_data": [ { "pocket_type": "MAGAZINE", "rigid": true, "ammo_restriction": { "flintlock": 1 } } ],
    "reload": 600,
    "valid_mod_locations": [
      [ "accessories", 4 ],
      [ "sling", 1 ],
      [ "muzzle", 1 ],
      [ "barrel", 1 ],
      [ "bore", 1 ],
      [ "grip", 1 ],
      [ "muzzle", 1 ],
      [ "rail", 1 ],
      [ "sights", 1 ],
      [ "stock", 1 ],
      [ "underbarrel", 1 ]
    ]
  },
  {
    "id": "neo_laser_pistol",
    "type": "ITEM",
    "subtypes": [ "GUN" ],
    "looks_like": "v29",
    "symbol": "(",
    "color": "dark_gray",
    "name": { "str": "NEO-33 laser pistol" },
    "description": "A relatively small laser pistol, boxy design having just enough concessions to ergonomics to fit well in the hand.  Its manufacturer is listed as Omnitech Labs.  Powered by atomic power cells or an experimental rechargeable version, for heavy use where a UPS would not be sustainable in the short term.",
    "price": "18000 USD",
    "price_postapoc": "60 USD",
    "material": [ "superalloy", "steel" ],
    "ammo_effects": [ "LASER", "INCENDIARY" ],
    "flags": [ "NEVER_JAMS", "NON_FOULING", "NEEDS_NO_LUBE" ],
    "ammo_to_fire": 25,
    "skill": "pistol",
    "ammo": [ "battery" ],
    "weight": "720 g",
    "volume": "1 L",
    "melee_damage": { "bash": 4 },
    "to_hit": -2,
    "ranged_damage": { "damage_type": "heat", "amount": 20, "armor_penetration": 5 },
    "dispersion": 30,
    "range": 15,
    "recoil": 5,
    "loudness": 8,
    "durability": 10,
    "reload": 150,
    "built_in_mods": [ "laser_sight" ],
    "valid_mod_locations": [
      [ "accessories", 2 ],
      [ "sling", 1 ],
      [ "sights", 1 ],
      [ "rail", 1 ],
      [ "underbarrel", 1 ],
      [ "emitter", 1 ],
      [ "lens", 1 ]
    ],
    "pocket_data": [
      {
        "magazine_well": "50 ml",
        "pocket_type": "MAGAZINE_WELL",
        "holster": true,
        "max_contains_volume": "20 L",
        "max_contains_weight": "20 kg",
        "item_restriction": [ "light_atomic_battery_cell_rechargeable" ]
      }
    ]
  },
  {
    "id": "neo_laser_pistol_ups",
    "type": "ITEM",
    "subtypes": [ "GUN" ],
    "looks_like": "v29",
    "symbol": "(",
    "color": "dark_gray",
    "name": { "str": "NEO-33E1 laser pistol" },
    "description": "A relatively small laser pistol, boxy design having just enough concessions to ergonomics to fit well in the hand.  It offers energy efficiency and prolonged usage, at the expense of firepower and range.  Its manufacturer is listed as Omnitech Labs.  This one has been converted to use a UPS, a modification to allow sustained operations in the field in case resupply is not available.",
    "price": "18000 USD",
    "price_postapoc": "90 USD",
    "material": [ "superalloy", "steel" ],
    "ammo_effects": [ "LASER", "INCENDIARY" ],
    "flags": [ "NEVER_JAMS", "NON_FOULING", "NEEDS_NO_LUBE", "USE_UPS" ],
    "skill": "pistol",
    "weight": "720 g",
    "volume": "1 L",
    "melee_damage": { "bash": 4 },
    "to_hit": -2,
    "ranged_damage": { "damage_type": "heat", "amount": 20, "armor_penetration": 5 },
    "dispersion": 30,
    "range": 15,
    "recoil": 10,
    "loudness": 8,
    "durability": 10,
    "energy_drain": "25 kJ",
    "built_in_mods": [ "laser_sight" ],
    "valid_mod_locations": [
      [ "accessories", 2 ],
      [ "sling", 1 ],
      [ "sights", 1 ],
      [ "rail", 1 ],
      [ "underbarrel", 1 ],
      [ "emitter", 1 ],
      [ "lens", 1 ]
    ]
  },
  {
    "id": "akro_laser_smg",
    "type": "ITEM",
    "subtypes": [ "GUN" ],
    "looks_like": "needlegun",
    "symbol": "(",
    "color": "dark_gray",
    "name": { "str": "AKRO-388 laser SMG" },
    "description": "Based on the design of the NEO-33, the AKRO-388 balances energy efficiency with rate of fire, offering decent firepower and handling like common submachineguns in active service.  Its manufacturer is listed as Omnitech Labs.  Powered by atomic power cells or an experimental rechargeable version, for heavy use where a UPS would not be sustainable in the short term.",
    "price": "18000 USD",
    "price_postapoc": "60 USD",
    "material": [ "superalloy", "steel" ],
    "ammo_effects": [ "LASER", "INCENDIARY" ],
    "flags": [ "NEVER_JAMS", "NON_FOULING", "NEEDS_NO_LUBE" ],
    "ammo_to_fire": 25,
    "ammo": [ "battery" ],
    "skill": "smg",
    "weight": "2680 g",
    "volume": "1500 ml",
    "melee_damage": { "bash": 10 },
    "to_hit": -2,
    "ranged_damage": { "damage_type": "heat", "amount": 20, "armor_penetration": 5 },
    "range": 20,
    "recoil": 10,
    "loudness": 8,
    "durability": 10,
    "modes": [ [ "DEFAULT", "semi", 1 ], [ "BURST", "burst", 5 ], [ "AUTO", "auto", 10 ] ],
    "reload": 200,
    "built_in_mods": [ "rail_laser_sight", "grip" ],
    "valid_mod_locations": [
      [ "accessories", 2 ],
      [ "sling", 1 ],
      [ "grip", 1 ],
      [ "rail", 1 ],
      [ "sights", 1 ],
      [ "stock", 1 ],
      [ "underbarrel", 2 ],
      [ "emitter", 1 ],
      [ "lens", 1 ]
    ],
    "pocket_data": [
      {
        "magazine_well": "50 ml",
        "pocket_type": "MAGAZINE_WELL",
        "holster": true,
        "max_contains_volume": "20 L",
        "max_contains_weight": "20 kg",
        "item_restriction": [ "light_atomic_battery_cell_rechargeable" ]
      }
    ]
  },
  {
    "id": "akro_laser_smg_ups",
    "type": "ITEM",
    "subtypes": [ "GUN" ],
    "looks_like": "needlegun",
    "symbol": "(",
    "color": "dark_gray",
    "name": { "str": "AKRO-388E1 laser SMG" },
    "description": "Based on the design of the NEO-33, the AKRO-388 balances energy efficiency with rate of fire, offering decent firepower and handling like common submachineguns in active service.  Its manufacturer is listed as Omnitech Labs.  This one has been converted to use a UPS, a modification to allow sustained operations in the field in case resupply is not available.",
    "price": "18000 USD",
    "price_postapoc": "90 USD",
    "material": [ "superalloy", "steel" ],
    "ammo_effects": [ "LASER", "INCENDIARY" ],
    "flags": [ "NEVER_JAMS", "NON_FOULING", "NEEDS_NO_LUBE", "USE_UPS" ],
    "skill": "smg",
    "weight": "2680 g",
    "volume": "1500 ml",
    "melee_damage": { "bash": 10 },
    "to_hit": -2,
    "ranged_damage": { "damage_type": "heat", "amount": 20, "armor_penetration": 5 },
    "range": 20,
    "recoil": 10,
    "loudness": 8,
    "durability": 10,
    "modes": [ [ "DEFAULT", "semi", 1 ], [ "BURST", "burst", 5 ], [ "AUTO", "auto", 10 ] ],
    "energy_drain": "25 kJ",
    "built_in_mods": [ "rail_laser_sight", "grip" ],
    "valid_mod_locations": [
      [ "accessories", 2 ],
      [ "sling", 1 ],
      [ "grip", 1 ],
      [ "rail", 1 ],
      [ "sights", 1 ],
      [ "stock", 1 ],
      [ "underbarrel", 2 ],
      [ "emitter", 1 ],
      [ "lens", 1 ]
    ]
  },
  {
    "id": "arc_laser_rifle",
    "type": "ITEM",
    "subtypes": [ "GUN" ],
    "symbol": "(",
    "color": "dark_gray",
    "looks_like": "laser_rifle",
    "name": { "str": "ARC-314 laser rifle" },
    "description": "An experimental laser rifle based on the A7 and AKRO-388, offering the handling of a modern combat rifle with the efficiency of a laser weapon, in a relatively compact package.  The manufacturer is listed as Omnitech Labs.  Powered by atomic power cells or an experimental rechargeable version, for heavy use where a UPS would not be sustainable in the short term.",
    "price": "18000 USD",
    "price_postapoc": "60 USD",
    "material": [ "superalloy", "steel" ],
    "ammo_effects": [ "LASER", "INCENDIARY" ],
    "flags": [ "NEVER_JAMS", "NON_FOULING", "NEEDS_NO_LUBE" ],
    "ammo_to_fire": 50,
    "ammo": [ "battery" ],
    "skill": "rifle",
    "weight": "3120 g",
    "volume": "2 L",
    "melee_damage": { "bash": 12 },
    "to_hit": -1,
    "ranged_damage": { "damage_type": "heat", "amount": 40, "armor_penetration": 10 },
    "range": 28,
    "recoil": 10,
    "loudness": 14,
    "durability": 10,
    "modes": [ [ "DEFAULT", "semi", 1 ], [ "BURST", "burst", 3 ], [ "AUTO", "auto", 5 ] ],
    "reload": 200,
    "built_in_mods": [ "grip" ],
    "valid_mod_locations": [
      [ "accessories", 4 ],
      [ "sling", 1 ],
      [ "grip", 1 ],
      [ "rail", 1 ],
      [ "sights", 1 ],
      [ "stock", 1 ],
      [ "underbarrel", 2 ],
      [ "emitter", 1 ],
      [ "lens", 1 ]
    ],
    "pocket_data": [
      {
        "magazine_well": "300 ml",
        "pocket_type": "MAGAZINE_WELL",
        "holster": true,
        "max_contains_volume": "20 L",
        "max_contains_weight": "20 kg",
        "item_restriction": [ "medium_atomic_battery_cell_rechargeable" ]
      }
    ]
  },
  {
    "id": "arc_laser_rifle_ups",
    "type": "ITEM",
    "subtypes": [ "GUN" ],
    "symbol": "(",
    "color": "dark_gray",
    "looks_like": "laser_rifle",
    "name": { "str": "ARC-314E1 laser rifle" },
    "description": "An experimental laser rifle based on the A7 and AKRO-388, offering the handling of a modern combat rifle with the efficiency of a laser weapon, in a relatively compact package.  The manufacturer is listed as Omnitech Labs.  This one has been converted to use a UPS, a modification to allow sustained operations in the field in case resupply is not available.",
    "price": "18000 USD",
    "price_postapoc": "90 USD",
    "material": [ "superalloy", "steel" ],
    "ammo_effects": [ "LASER", "INCENDIARY" ],
    "flags": [ "NEVER_JAMS", "NON_FOULING", "NEEDS_NO_LUBE", "USE_UPS" ],
    "skill": "rifle",
    "weight": "3120 g",
    "volume": "2 L",
    "melee_damage": { "bash": 12 },
    "to_hit": -1,
    "ranged_damage": { "damage_type": "heat", "amount": 40, "armor_penetration": 10 },
    "range": 28,
    "recoil": 10,
    "loudness": 14,
    "durability": 10,
    "modes": [ [ "DEFAULT", "semi", 1 ], [ "BURST", "burst", 3 ], [ "AUTO", "auto", 5 ] ],
    "energy_drain": "50 kJ",
    "built_in_mods": [ "grip" ],
    "valid_mod_locations": [
      [ "accessories", 4 ],
      [ "sling", 1 ],
      [ "grip", 1 ],
      [ "rail", 1 ],
      [ "sights", 1 ],
      [ "stock", 1 ],
      [ "underbarrel", 2 ],
      [ "emitter", 1 ],
      [ "lens", 1 ]
    ]
  },
  {
    "id": "krx_laser_lmg",
    "type": "ITEM",
    "subtypes": [ "GUN" ],
    "looks_like": "laser_cannon",
    "symbol": "(",
    "color": "dark_gray",
    "name": { "str": "KRX-108 laser LMG" },
    "description": "With the power per shot of the ARC and the firerate of the AKRO, Omnitech Labs' KRX-108 was made to overwhelm enemies with supreme firepower.  While not very energy-efficient, this behemoth can deal a devastating blow to large groups of enemies.  The manufacturer is listed as Omnitech Labs.  Powered by atomic power cells or an experimental rechargeable version, for heavy use where a UPS would not be sustainable in the short term.",
    "price": "18000 USD",
    "price_postapoc": "60 USD",
    "material": [ "superalloy", "steel" ],
    "ammo_effects": [ "LASER", "INCENDIARY" ],
    "flags": [ "ALWAYS_TWOHAND", "NEVER_JAMS", "NON_FOULING", "NEEDS_NO_LUBE" ],
    "ammo_to_fire": 50,
    "ammo": [ "battery" ],
    "skill": "rifle",
    "weight": "5620 g",
    "volume": "3 L",
    "melee_damage": { "bash": 12 },
    "to_hit": -2,
    "ranged_damage": { "damage_type": "heat", "amount": 40, "armor_penetration": 10 },
    "range": 40,
    "dispersion": 10,
    "//": "Fire rate over accuracy but it still is a laser gun.",
    "recoil": 5,
    "loudness": 14,
    "durability": 8,
    "modes": [ [ "DEFAULT", "semi", 1 ], [ "BURST", "low auto", 10 ], [ "AUTO", "high auto", 20 ] ],
    "reload": 500,
    "valid_mod_locations": [
      [ "accessories", 2 ],
      [ "sling", 1 ],
      [ "sights", 1 ],
      [ "stock", 1 ],
      [ "underbarrel", 1 ],
      [ "emitter", 1 ],
      [ "lens", 1 ]
    ],
    "pocket_data": [
      {
        "magazine_well": "600 ml",
        "pocket_type": "MAGAZINE_WELL",
        "holster": true,
        "max_contains_volume": "20 L",
        "max_contains_weight": "20 kg",
        "item_restriction": [ "heavy_atomic_battery_cell_rechargeable" ]
      }
    ]
  },
  {
    "id": "krx_laser_lmg_ups",
    "type": "ITEM",
    "subtypes": [ "GUN" ],
    "looks_like": "laser_cannon",
    "symbol": "(",
    "color": "dark_gray",
    "name": { "str": "KRX-108E1 laser LMG" },
    "description": "With the power per shot of the ARC and the firerate of the AKRO, Omnitech Labs' KRX-108 was made to overwhelm enemies with supreme firepower.  While not very energy-efficient, this behemoth can deal a devastating blow to large groups of enemies.  The manufacturer is listed as Omnitech Labs.  This one has been converted to use a UPS, a modification to allow sustained operations in the field in case resupply is not available.",
    "price": "18000 USD",
    "price_postapoc": "90 USD",
    "material": [ "superalloy", "steel" ],
    "ammo_effects": [ "LASER", "INCENDIARY" ],
    "flags": [ "ALWAYS_TWOHAND", "NEVER_JAMS", "NON_FOULING", "NEEDS_NO_LUBE", "USE_UPS" ],
    "skill": "rifle",
    "weight": "5620 g",
    "volume": "3 L",
    "melee_damage": { "bash": 12 },
    "to_hit": -2,
    "ranged_damage": { "damage_type": "heat", "amount": 40, "armor_penetration": 10 },
    "range": 40,
    "dispersion": 10,
    "recoil": 5,
    "loudness": 14,
    "durability": 8,
    "modes": [ [ "DEFAULT", "semi", 1 ], [ "BURST", "low auto", 10 ], [ "AUTO", "high auto", 20 ] ],
    "energy_drain": "50 kJ",
    "valid_mod_locations": [
      [ "accessories", 2 ],
      [ "sling", 1 ],
      [ "sights", 1 ],
      [ "stock", 1 ],
      [ "underbarrel", 1 ],
      [ "emitter", 1 ],
      [ "lens", 1 ]
    ]
  },
  {
    "id": "mx_laser_sniper",
    "type": "ITEM",
    "subtypes": [ "GUN" ],
    "looks_like": "laser_rifle",
    "symbol": "(",
    "color": "dark_gray",
    "name": { "str": "MX-84 laser sniper" },
    "description": "An accurized laser rifle, designed to deal massive damage to a single target.  Intended to be used as a long-range support weapon by modern special forces.  Requires an insane amount of energy to fire a single powerful laser, additionally providing EMP effects.  The manufacturer is listed as Omnitech Labs.  Powered by atomic power cells or an experimental rechargeable version, for heavy use where a UPS would not be sustainable in the short term.",
    "price": "18000 USD",
    "price_postapoc": "60 USD",
    "material": [ "superalloy", "steel" ],
    "ammo_effects": [ "DRAW_LASER_BEAM", "EMP", "INCENDIARY" ],
    "flags": [ "ALWAYS_TWOHAND", "NEVER_JAMS", "NON_FOULING", "NEEDS_NO_LUBE" ],
    "ammo_to_fire": 100,
    "ammo": [ "battery" ],
    "skill": "rifle",
    "weight": "2950 g",
    "volume": "3 L",
    "melee_damage": { "bash": 12 },
    "to_hit": -2,
    "ranged_damage": { "damage_type": "heat", "amount": 80, "armor_penetration": 20 },
    "range": 60,
    "recoil": 15,
    "loudness": 20,
    "durability": 10,
    "reload": 300,
    "built_in_mods": [ "bipod", "rifle_scope" ],
    "valid_mod_locations": [
      [ "accessories", 2 ],
      [ "sling", 1 ],
      [ "grip", 1 ],
      [ "rail", 1 ],
      [ "sights", 2 ],
      [ "stock", 1 ],
      [ "underbarrel", 2 ],
      [ "emitter", 1 ],
      [ "lens", 1 ]
    ],
    "pocket_data": [
      {
        "magazine_well": "300 ml",
        "pocket_type": "MAGAZINE_WELL",
        "holster": true,
        "max_contains_volume": "20 L",
        "max_contains_weight": "20 kg",
        "item_restriction": [ "medium_atomic_battery_cell_rechargeable", "heavy_atomic_battery_cell_rechargeable" ]
      }
    ]
  },
  {
    "id": "mx_laser_sniper_ups",
    "type": "ITEM",
    "subtypes": [ "GUN" ],
    "looks_like": "laser_rifle",
    "symbol": "(",
    "color": "dark_gray",
    "name": { "str": "MX-84E1 laser sniper" },
    "description": "An accurized laser rifle, designed to deal massive damage to a single target.  Intended to be used as a long-range support weapon by modern special forces.  Requires an insane amount of energy to fire a single powerful laser, additionally providing EMP effects.  The manufacturer is listed as Omnitech Labs.  This one has been converted to use a UPS, a modification to allow sustained operations in the field in case resupply is not available.",
    "price": "18000 USD",
    "price_postapoc": "90 USD",
    "material": [ "superalloy", "steel" ],
    "ammo_effects": [ "DRAW_LASER_BEAM", "EMP", "INCENDIARY" ],
    "flags": [ "ALWAYS_TWOHAND", "NEVER_JAMS", "NON_FOULING", "NEEDS_NO_LUBE", "USE_UPS" ],
    "skill": "rifle",
    "weight": "2950 g",
    "volume": "3 L",
    "melee_damage": { "bash": 12 },
    "to_hit": -2,
    "ranged_damage": { "damage_type": "heat", "amount": 80, "armor_penetration": 20 },
    "range": 60,
    "recoil": 10,
    "loudness": 20,
    "durability": 10,
    "energy_drain": "100 kJ",
    "built_in_mods": [ "bipod", "rifle_scope" ],
    "valid_mod_locations": [
      [ "accessories", 2 ],
      [ "sling", 1 ],
      [ "grip", 1 ],
      [ "rail", 1 ],
      [ "sights", 2 ],
      [ "stock", 1 ],
      [ "underbarrel", 2 ],
      [ "emitter", 1 ],
      [ "lens", 1 ]
    ]
  },
  {
    "id": "xarm_laser_shotgun",
    "type": "ITEM",
    "subtypes": [ "GUN" ],
    "looks_like": "rm20",
    "symbol": "(",
    "color": "dark_gray",
    "name": { "str": "XARM-37 pulse scattergun" },
    "description": "This is an ARC rifle modified into something resembling a double-barrel shotgun.  It fires short-range EMP pulses; still decent against conventional threats but best against electronics.  The manufacturer is listed as Omnitech Labs.  Powered by atomic power cells or an experimental rechargeable version, for heavy use where a UPS would not be sustainable in the short term.",
    "price": "18000 USD",
    "price_postapoc": "60 USD",
    "material": [ "superalloy", "steel" ],
    "ammo_effects": [ "LASER", "INCENDIARY", "SHOT", "EMP" ],
    "flags": [ "NEVER_JAMS", "NON_FOULING", "NEEDS_NO_LUBE" ],
    "ammo_to_fire": 100,
    "ammo": [ "battery" ],
    "skill": "shotgun",
    "weight": "2950 g",
    "volume": "2 L",
    "melee_damage": { "bash": 8 },
    "to_hit": -2,
    "ranged_damage": { "damage_type": "heat", "amount": 80, "armor_penetration": 5 },
    "range": 10,
    "recoil": 15,
    "loudness": 14,
    "dispersion": 300,
    "durability": 8,
    "built_in_mods": [ "rail_laser_sight" ],
    "modes": [ [ "DEFAULT", "semi", 1 ], [ "BURST", "2-rd. burst", 2 ] ],
    "reload": 250,
    "valid_mod_locations": [
      [ "accessories", 2 ],
      [ "sling", 1 ],
      [ "grip", 1 ],
      [ "sights", 1 ],
      [ "rail", 1 ],
      [ "stock", 1 ],
      [ "underbarrel", 1 ],
      [ "emitter", 1 ],
      [ "lens", 1 ]
    ],
    "pocket_data": [
      {
        "magazine_well": "300 ml",
        "pocket_type": "MAGAZINE_WELL",
        "holster": true,
        "max_contains_volume": "20 L",
        "max_contains_weight": "20 kg",
        "item_restriction": [ "medium_atomic_battery_cell_rechargeable" ]
      }
    ]
  },
  {
    "id": "xarm_laser_shotgun_ups",
    "type": "ITEM",
    "subtypes": [ "GUN" ],
    "looks_like": "rm20",
    "symbol": "(",
    "color": "dark_gray",
    "name": { "str": "XARM-37E1 pulse scattergun" },
    "description": "This is an ARC rifle modified into something resembling a double-barrel shotgun.  It fires short-range EMP pulses; still decent against conventional threats but best against electronics.  The manufacturer is listed as Omnitech Labs.  This one has been converted to use a UPS, a modification to allow sustained operations in the field in case resupply is not available.",
    "price": "18000 USD",
    "price_postapoc": "90 USD",
    "material": [ "superalloy", "steel" ],
    "ammo_effects": [ "LASER", "INCENDIARY", "SHOT", "EMP" ],
    "flags": [ "NEVER_JAMS", "NON_FOULING", "NEEDS_NO_LUBE", "USE_UPS" ],
    "skill": "shotgun",
    "weight": "2950 g",
    "volume": "2 L",
    "melee_damage": { "bash": 8 },
    "to_hit": -2,
    "ranged_damage": { "damage_type": "heat", "amount": 80, "armor_penetration": 5 },
    "range": 10,
    "recoil": 15,
    "loudness": 14,
    "dispersion": 300,
    "durability": 8,
    "built_in_mods": [ "rail_laser_sight" ],
    "modes": [ [ "DEFAULT", "semi", 1 ], [ "BURST", "2-rd. burst", 2 ] ],
    "energy_drain": "100 kJ",
    "valid_mod_locations": [
      [ "accessories", 2 ],
      [ "sling", 1 ],
      [ "grip", 1 ],
      [ "sights", 1 ],
      [ "rail", 1 ],
      [ "stock", 1 ],
      [ "underbarrel", 1 ],
      [ "emitter", 1 ],
      [ "lens", 1 ]
    ]
  },
  {
    "id": "br_bolt_rifle_elec",
    "type": "ITEM",
    "subtypes": [ "GUN" ],
    "looks_like": "compcrossbow",
    "symbol": "(",
    "color": "dark_gray",
    "name": { "str": "BR-96 bolt rifle" },
    "description": "An electronic rifle that fires crossbow bolts accelerated to high speeds via UPS.  Intended to be used in wilderness operations, allowing the user to reuse or manufacture ammunition if power is maintained.  Its manufacturer is labeled as Omnitech Labs.",
    "price": "1520 USD",
    "price_postapoc": "75 USD",
    "material": [ "superalloy", "steel" ],
    "flags": [ "RELOAD_ONE", "NEVER_JAMS", "NON_FOULING", "NEEDS_NO_LUBE", "USE_UPS" ],
    "energy_drain": "5 kJ",
    "skill": "rifle",
    "ammo": [ "bolt" ],
    "weight": "3280 g",
    "volume": "2 L",
    "melee_damage": { "bash": 8 },
    "to_hit": -2,
    "//": "Bows and crossbows are hilariously bad in DDA, crits are supposed to make up for that but those are unreliable",
    "ranged_damage": { "damage_type": "stab", "amount": 5 },
    "range": 20,
    "dispersion": 50,
    "recoil": 20,
    "durability": 8,
    "modes": [ [ "DEFAULT", "semi", 1 ], [ "BURST", "burst", 4 ] ],
    "clip_size": 12,
    "pocket_data": [ { "pocket_type": "MAGAZINE", "rigid": true, "ammo_restriction": { "bolt": 12 } } ],
    "reload": 100,
    "valid_mod_locations": [
      [ "dampening", 1 ],
      [ "mechanism", 4 ],
      [ "sling", 1 ],
      [ "grip", 1 ],
      [ "rail", 1 ],
      [ "sights", 1 ],
      [ "stock", 1 ],
      [ "underbarrel", 1 ]
    ]
  },
  {
    "id": "mk_ionic_cannon",
    "type": "ITEM",
    "subtypes": [ "GUN" ],
    "looks_like": "laser_cannon",
    "symbol": "(",
    "color": "dark_gray",
    "name": { "str": "MK-2 ionic cannon" },
    "description": "It appears to be a launcher that uses a charge of plasma, and a high charge delivered by its UPS connection, to create a powerful pulse of energy.  You hope you never run into anything big enough to need this kind of firepower.",
    "price": "20000 USD",
    "price_postapoc": "90 USD",
    "material": [ "superalloy", "steel" ],
    "ammo_effects": [ "PLASMA", "EXPLOSIVE_HUGE", "STREAM_BIG", "INCENDIARY", "WIDE", "EMP", "FLASHBANG" ],
    "flags": [ "ALWAYS_TWOHAND", "NEVER_JAMS", "NON_FOULING", "NEEDS_NO_LUBE", "RELOAD_ONE", "USE_UPS" ],
    "energy_drain": "150 kJ",
    "skill": "launcher",
    "ammo": [ "plasma" ],
    "weight": "8280 g",
    "volume": "3 L",
    "melee_damage": { "bash": 8 },
    "to_hit": -2,
    "ranged_damage": { "damage_type": "heat", "amount": 250 },
    "range": 50,
    "recoil": 300,
    "loudness": 25,
    "durability": 10,
    "clip_size": 5,
    "pocket_data": [ { "pocket_type": "MAGAZINE", "rigid": true, "ammo_restriction": { "plasma": 5 } } ],
    "reload": 1000,
    "valid_mod_locations": [ [ "accessories", 2 ], [ "sling", 1 ], [ "stock", 1 ] ]
  },
  {
    "id": "mk_ionic_cannon_plut",
    "type": "ITEM",
    "subtypes": [ "GUN" ],
    "looks_like": "mk_ionic_cannon",
    "symbol": "(",
    "color": "dark_gray",
    "name": { "str": "MK-2N1 atomic cannon" },
    "description": "It appears to be a launcher, firing powerful pulses of energy.  It has been modified to use plutonium fuel cells to generate massive blasts of nuclear plasma, supplanting both the original UPS cost and the hydrogen it used to fire.  You hope anything that warrants firepower like this won't get too close.",
    "price": "20000 USD",
    "price_postapoc": "90 USD",
    "material": [ "superalloy", "steel" ],
    "ammo_effects": [ "PLASMA", "MININUKE_MOD", "INCENDIARY", "WIDE", "EMP", "FLASHBANG" ],
    "flags": [ "ALWAYS_TWOHAND", "NEVER_JAMS", "NON_FOULING", "NEEDS_NO_LUBE", "RELOAD_ONE" ],
    "ammo_to_fire": 100,
    "skill": "launcher",
    "ammo": [ "plutonium" ],
    "weight": "8280 g",
    "volume": "3 L",
    "melee_damage": { "bash": 8 },
    "to_hit": -2,
    "//": "Same base damage, minus the hydrogen's damage bonus, but way bigger damage increase from the different explosion.",
    "ranged_damage": { "damage_type": "heat", "amount": 250 },
    "range": 50,
    "recoil": 300,
    "loudness": 25,
    "durability": 10,
    "clip_size": 500,
    "pocket_data": [ { "pocket_type": "MAGAZINE", "rigid": true, "ammo_restriction": { "plutonium": 500 } } ],
    "reload": 1000,
    "valid_mod_locations": [ [ "accessories", 2 ], [ "sling", 1 ], [ "stock", 1 ] ]
  },
  {
    "id": "flamethrower_surv",
    "copy-from": "flamethrower_base",
    "looks_like": "flamethrower",
    "type": "ITEM",
    "subtypes": [ "GUN" ],
    "name": { "str": "survivor's flamethrower" },
    "//": "Most stats are in between regular flamethrower and obsoleted simple flamethrower.  Integral mag because multiple ammo types.  No burst fire, less range and a damage penalty, but it uses half as much fuel as normal.",
    "description": "A makeshift flamethrower, charged from a integral fuel tank using a hand-cranked pump.  While homemade, it is higher-quality than most makeshift weapons, and can run on just about any fuel of suitable viscosity.  It uses considerably less fuel per gout of flame, at the expense of power and range.",
    "ammo": [ "diesel", "gasoline", "flammable", "lamp_oil", "crude_lamp_oil", "motor_oil", "jp8", "avgas" ],
    "weight": "1587 g",
    "volume": "5 L",
    "price": "200 USD",
    "price_postapoc": "60 USD",
    "to_hit": -1,
    "melee_damage": { "bash": 10 },
    "material": [ "steel", "plastic" ],
    "ranged_damage": { "damage_type": "heat", "amount": -1, "armor_penetration": -1 },
    "range": 3,
    "dispersion": 450,
    "durability": 7,
    "clip_size": 1500,
    "pocket_data": [
      {
        "pocket_type": "MAGAZINE",
        "rigid": true,
        "watertight": true,
        "ammo_restriction": {
          "diesel": 1500,
          "gasoline": 1500,
          "flammable": 1500,
          "lamp_oil": 1500,
          "crude_lamp_oil": 1500,
          "motor_oil": 1500,
          "jp8": 1500,
          "avgas": 1500
        }
      }
    ],
    "reload": 1000,
    "valid_mod_locations": [
      [ "accessories", 1 ],
      [ "grip", 1 ],
      [ "sling", 1 ],
      [ "rail mount", 1 ],
      [ "stock mount", 1 ],
      [ "sights mount", 1 ],
      [ "underbarrel mount", 1 ]
    ],
    "extend": { "flags": [ "FIRE_TWOHAND", "STR_RELOAD", "NON_FOULING" ] },
    "ammo_to_fire": 50
  },
  {
    "id": "c_mi_go_beam_salvaged",
    "looks_like": "v29",
    "type": "ITEM",
    "subtypes": [ "GUN", "ARTIFACT" ],
    "name": { "str": "salvaged stun emitter" },
    "description": "A mi-go beam weapon repurposed for human use using pre-cataclysm developments in bio-technology, crudely interfacing artificial nerves with wiring and converting it into a bulky pistol.  Its strange lens fires short-ranged beams that deal low damage, but are highly effective at stunning targets.  Wielding it gives a faint sense of focus, like it's almost but not quite alive.",
    "weight": "1500 g",
    "volume": "1 L",
    "price_postapoc": "25 USD",
    "to_hit": -2,
    "melee_damage": { "bash": 6 },
    "material": [ "alien_resin", "flesh", "steel" ],
    "symbol": "(",
    "color": "green",
    "skill": "pistol",
    "range": 10,
    "ranged_damage": { "damage_type": "electric", "amount": 12 },
    "dispersion": 100,
    "durability": 7,
    "loudness": 10,
    "ammo_effects": [ "C_DAZZLER_BURST", "LARGE_BEANBAG", "BLINDS_EYES", "PARALYZEPOISON" ],
    "flags": [ "NEVER_JAMS", "NON_FOULING", "NEEDS_NO_LUBE" ],
    "passive_effects": [
      {
        "has": "WIELD",
        "condition": "ALWAYS",
        "values": [ { "value": "STRENGTH", "add": -1 }, { "value": "DEXTERITY", "add": -1 }, { "value": "PERCEPTION", "add": 2 } ],
        "ench_effects": [ { "effect": "c_flesh_pistol_side_effect", "intensity": 1 } ]
      }
    ]
  },
  {
    "id": "c_mi_go_rifle_salvaged",
    "looks_like": "sur_pnu_lmg",
    "type": "ITEM",
    "subtypes": [ "GUN" ],
    "name": { "str": "salvaged resin rifle" },
    "description": "A mi-go weapon that projects pieces of hardened alien resin at high velocities, its exotic controls stripped down it fit human anatomy.  The product of pre-cataclysm biotechnology applied to solve an outside-context problem.  Although it relies on special ammunition, it is relatively easy to mold resin or metal into compatible projectiles, and it packs a decent punch with very little noise.",
    "weight": "4200 g",
    "volume": "3 L",
    "price_postapoc": "30 USD",
    "to_hit": -1,
    "melee_damage": { "bash": 10 },
    "material": [ "alien_resin", "flesh", "steel" ],
    "symbol": "(",
    "color": "green",
    "skill": "rifle",
    "dispersion": 500,
    "durability": 7,
    "ammo": [ "c_alien_resin_bullet_type" ],
    "clip_size": 10,
    "pocket_data": [ { "pocket_type": "MAGAZINE", "rigid": true, "ammo_restriction": { "c_alien_resin_bullet_type": 10 } } ],
    "reload": 125,
    "flags": [ "NON_FOULING", "NEEDS_NO_LUBE", "RELOAD_ONE" ]
  },
  {
    "id": "omnitech_plasma_pistol",
    "looks_like": "v29",
    "type": "ITEM",
    "subtypes": [ "GUN" ],
    "reload_noise_volume": 10,
    "symbol": "(",
    "color": "light_blue",
    "name": { "str": "PX12 plasma pistol" },
    "description": "An experimental compact plasma projector developed by Omnitech, designed to be assembled in the field.  Given the complexity of its components, they made some ambitious assumptions about the availability of parts mid-mission.  Remarkably powerful though short-ranged, its variable-pressure design allows it to use commercial-grade hydrogen or military plasma cells.",
    "price": "8000 USD",
    "price_postapoc": "20 USD",
    "material": [ "steel", "plastic" ],
    "flags": [ "NEVER_JAMS", "NON_FOULING", "USE_UPS" ],
    "energy_drain": "25 kJ",
    "ammo_effects": [ "PLASMA", "EXPLOSIVE_TINY", "FLAME" ],
    "skill": "pistol",
    "ammo": [ "plasma", "c_hydrogen" ],
    "weight": "850 g",
    "volume": "1 L",
    "melee_damage": { "bash": 6 },
    "to_hit": -1,
    "ranged_damage": { "damage_type": "heat", "amount": 15 },
    "range": -1,
    "dispersion": 150,
    "durability": 6,
    "modes": [ [ "DEFAULT", "semi", 1 ], [ "AUTO", "auto", 3 ] ],
    "clip_size": 15,
    "pocket_data": [
      {
        "pocket_type": "MAGAZINE",
        "watertight": true,
        "airtight": true,
        "rigid": true,
        "ammo_restriction": { "plasma": 15, "c_hydrogen": 15 }
      }
    ],
    "reload": 450,
    "valid_mod_locations": [ [ "accessories", 2 ], [ "grip", 1 ], [ "rail", 1 ], [ "sights", 1 ], [ "stock", 1 ], [ "underbarrel", 1 ] ]
  }
]
