[
  {
    "type": "npc_class",
    "id": "NC_BIO_WEAPON",
    "copy-from": "NC_BIO_WEAPON",
    "traits": [
      { "group": "basicFeatures", "prob": 100 },
      [ "BIO_WEAPON_GENERIC", 100 ],
      [ "THICKSKIN", 100 ],
      [ "GOODHEARING", 100 ],
      [ "QUICK", 80 ],
      [ "DEFT", 80 ],
      [ "NIGHTVISION", 100 ],
      [ "CLAWS", 50 ],
      [ "REGEN", 80 ],
      [ "STR_UP", 45 ],
      [ "PER_UP", 45 ],
      [ "INT_UP", 45 ],
      [ "DEX_UP", 45 ],
      [ "STR_UP_2", 10 ],
      [ "PER_UP_2", 10 ],
      [ "INT_UP_2", 10 ],
      [ "DEX_UP_2", 10 ],
      [ "HUNGER", 100 ]
    ]
  },
  {
    "type": "npc_class",
    "id": "NC_PREPPER",
    "copy-from": "NC_PREPPER",
    "traits": [
      { "group": "basicFeatures", "prob": 100 },
      [ "SUPER_SOLDIER_MARKER", 10 ],
      [ "EASYSLEEPER", 10 ],
      [ "NONADDICTIVE", 10 ],
      [ "ANIMALEMPATH", 10 ],
      [ "CANNIBAL", 10 ],
      [ "DEFT", 10 ],
      [ "DISRESISTANT", 10 ],
      [ "DRUNKEN", 10 ],
      [ "HUNGER", 10 ],
      [ "FASTHEALER", 10 ],
      [ "FASTREADER", 10 ],
      [ "FLEET", 10 ],
      [ "GOODHEARING", 10 ],
      [ "GOODMEMORY", 10 ],
      [ "GOURMAND", 10 ],
      [ "ADRENALINE", 10 ],
      [ "INCONSPICUOUS", 10 ],
      [ "GOODCARDIO", 10 ],
      [ "WAKEFUL", 10 ],
      [ "INFRESIST", 10 ],
      [ "LIGHTEATER", 10 ],
      [ "LIGHTSTEP", 10 ],
      [ "MARTIAL_ARTS", 10 ],
      [ "MASOCHIST", 10 ],
      [ "MARTIAL_ARTS5", 10 ],
      [ "NIGHTVISION", 10 ],
      [ "OPTIMISTIC", 10 ],
      [ "OUTDOORSMAN", 10 ],
      [ "PACKMULE", 10 ],
      [ "PAINRESIST", 10 ],
      [ "PARKOUR", 10 ],
      [ "POISRESIST", 10 ],
      [ "PRETTY", 10 ],
      [ "PSYCHOPATH", 10 ],
      [ "QUICK", 10 ],
      [ "ROBUST", 10 ],
      [ "EAGLEEYED", 10 ],
      [ "SELFAWARE", 10 ],
      [ "MARTIAL_ARTS2", 10 ],
      [ "MARTIAL_ARTS3", 10 ],
      [ "LIAR", 10 ],
      [ "SPIRITUAL", 10 ],
      [ "STRONGBACK", 10 ],
      [ "STRONGSTOMACH", 10 ],
      [ "STYLISH", 10 ],
      [ "TOLERANCE", 10 ],
      [ "TERRIFYING", 10 ],
      [ "THICKSKIN", 10 ],
      [ "TOUGH", 10 ],
      [ "TOUGH_FEET", 10 ],
      [ "MARTIAL_ARTS4", 10 ],
      [ "WEAKSCENT", 10 ],
      [ "ADDICTIVE", 10 ],
      [ "ANIMALDISCORD", 10 ],
      [ "ASTHMA", 10 ],
      [ "BADKNEES", 10 ],
      [ "BADBACK", 10 ],
      [ "BADTEMPER", 10 ],
      [ "CHEMIMBALANCE", 10 ],
      [ "CLUMSY", 10 ],
      [ "DISORGANIZED", 10 ],
      [ "HYPEROPIC", 10 ],
      [ "FLIMSY", 10 ],
      [ "FORGETFUL", 10 ],
      [ "FLIMSY3", 10 ],
      [ "FLIMSY2", 10 ],
      [ "GLASSJAW", 10 ],
      [ "ANTIFRUIT", 10 ],
      [ "MEATARIAN", 10 ],
      [ "THIRST", 10 ],
      [ "HOARDER", 10 ],
      [ "ILLITERATE", 10 ],
      [ "INSOMNIA", 10 ],
      [ "JITTERY", 10 ],
      [ "VEGETARIAN", 10 ],
      [ "LACTOSE", 10 ],
      [ "ANTIJUNK", 10 ],
      [ "BADCARDIO", 10 ],
      [ "LIGHTWEIGHT", 10 ],
      [ "MOODSWINGS", 10 ],
      [ "MYOPIC", 10 ],
      [ "PACIFIST", 10 ],
      [ "BADHEARING", 10 ],
      [ "SAVANT", 10 ],
      [ "SCHIZOPHRENIC", 10 ],
      [ "SLEEPY", 10 ],
      [ "SLOWHEALER", 10 ],
      [ "SLOWREADER", 10 ],
      [ "SLOWRUNNER", 10 ],
      [ "SMELLY", 10 ],
      [ "THINSKIN", 10 ],
      [ "TRIGGERHAPPY", 10 ],
      [ "TRUTHTELLER", 10 ],
      [ "UGLY", 10 ],
      [ "WEAKSTOMACH", 10 ],
      [ "WOOLALLERGY", 10 ],
      [ "ANTIWHEAT", 10 ],
      [ "HEAVYSLEEPER", 10 ],
      [ "FASTLEARNER", 10 ],
      [ "SLOWLEARNER", 10 ]
    ]
  },
  {
    "type": "npc_class",
    "id": "NC_SUPER_SOLDIER",
    "copy-from": "NC_SUPER_SOLDIER",
    "traits": [
      { "group": "basicFeatures", "prob": 100 },
      [ "SUPER_SOLDIER_MARKER", 100 ],
      [ "THICKSKIN", 100 ],
      [ "NIGHTVISION", 100 ],
      [ "ADRENALINE", 100 ],
      [ "REGEN", 100 ]
    ]
  },
  {
    "type": "npc_class",
    "id": "NC_BIO_HUNTER_F",
    "name": "Bio-Weapon Hunter",
    "copy-from": "NC_BIO_HUNTER_F",
    "traits": [
      { "group": "basicFeatures", "prob": 100 },
      [ "SUPER_SOLDIER_MARKER", 100 ],
      [ "THICKSKIN", 100 ],
      [ "NIGHTVISION", 100 ],
      [ "CLAWS", 100 ],
      [ "REGEN", 100 ]
    ]
  },
  {
    "type": "npc_class",
    "id": "NC_SLAVE_FIGHTER_BLUE",
    "copy-from": "NC_SLAVE_FIGHTER_BLUE",
    "traits": [
      { "group": "basicFeatures", "prob": 100 },
      [ "ELFAEYES", 10 ],
      [ "FANGS", 10 ],
      [ "PLANTSKIN", 5 ],
      [ "NAILS", 25 ],
      [ "PADDED_FEET", 15 ],
      [ "FELINE_EARS", 10 ],
      [ "TAIL_LONG", 10 ],
      [ "WHISKERS", 10 ],
      [ "BEAK", 5 ],
      [ "ARM_FEATHERS", 10 ],
      [ "LIGHT_BONES", 15 ]
    ]
  },
  {
    "type": "npc_class",
    "id": "NC_SLAVE_FIGHTER_RED",
    "copy-from": "NC_SLAVE_FIGHTER_RED",
    "traits": [
      { "group": "basicFeatures", "prob": 100 },
      [ "URSINE_EYE", 50 ],
      [ "FANGS", 50 ],
      [ "CHITIN", 50 ],
      [ "NAILS", 75 ],
      [ "RAP_TALONS", 75 ],
      [ "WEB_WALKER", 25 ],
      [ "SLIT_NOSTRILS", 25 ],
      [ "WHISKERS", 25 ],
      [ "TROGLO", 50 ],
      [ "RADIOACTIVE1", 50 ],
      [ "SLIMY", 25 ],
      [ "CARNIVORE", 50 ],
      [ "PONDEROUS1", 50 ],
      [ "GROWL", 50 ]
    ]
  },
  {
    "type": "npc_class",
    "id": "NC_BIO_WEAPON_SIGMA",
    "copy-from": "NC_BIO_WEAPON_SIGMA",
    "traits": [
      [ "BIO_WEAPON_GENERIC", 100 ],
      [ "NIGHTVISION", 100 ],
      [ "GOODHEARING", 100 ],
      [ "LIGHTSTEP", 100 ],
      [ "WEAKSCENT", 100 ],
      [ "EAGLEEYED", 100 ],
      [ "OUTDOORSMAN", 100 ],
      [ "REGEN", 100 ],
      [ "DEX_UP", 100 ],
      [ "INT_UP", 100 ],
      [ "STR_UP", 100 ],
      [ "PER_UP_2", 100 ],
      [ "HUNGER", 100 ],
      [ "GOODCARDIO", 100 ],
      [ "QUICK", 100 ],
      [ "PAINRESIST", 100 ],
      [ "TOUGH", 100 ],
      [ "TERRIFYING", 100 ],
      [ "ADRENALINE", 100 ],
      [ "ROBUST", 100 ],
      [ "SKIN_TAN", 100 ],
      [ "hair6black", 100 ],
      [ "EYE_BROWN", 100 ]
    ]
  },
  {
    "type": "npc_class",
    "id": "NC_BIO_WEAPON_LAMBDA",
    "copy-from": "NC_BIO_WEAPON_LAMBDA",
    "traits": [
      [ "BIO_WEAPON_GENERIC", 100 ],
      [ "NIGHTVISION", 100 ],
      [ "GOODHEARING", 100 ],
      [ "LIGHTSTEP", 100 ],
      [ "WEAKSCENT", 100 ],
      [ "REGEN", 100 ],
      [ "DEX_UP", 100 ],
      [ "STR_UP", 100 ],
      [ "INT_UP_2", 100 ],
      [ "HUNGER", 100 ],
      [ "GOODCARDIO", 100 ],
      [ "FLEET", 100 ],
      [ "QUICK", 100 ],
      [ "CLAWS", 100 ],
      [ "PARKOUR", 100 ],
      [ "DEFT", 100 ],
      [ "PAINRESIST", 100 ],
      [ "TOUGH", 100 ],
      [ "PRETTY", 100 ],
      [ "ADRENALINE", 100 ],
      [ "ROBUST", 100 ],
      [ "MASOCHIST", 100 ],
      [ "TRIGGERHAPPY", 100 ],
      [ "PALE", 100 ],
      [ "hair6blond", 100 ],
      [ "EYE_RED", 100 ]
    ]
  },
  {
    "type": "npc_class",
    "id": "NC_SCIENTIST_ROUTER",
    "copy-from": "NC_SCIENTIST_ROUTER",
    "traits": [ [ "SKIN_MEDIUM", 100 ], [ "hair10white", 100 ], [ "forehair3white", 100 ], [ "EYE_BLUE", 100 ] ]
  },
  {
    "type": "npc_class",
    "id": "NC_BIO_HUNTER_E",
    "copy-from": "NC_BIO_HUNTER_E",
    "traits": [
      [ "SUPER_SOLDIER_MARKER", 100 ],
      [ "THICKSKIN", 100 ],
      [ "NIGHTVISION", 100 ],
      [ "CLAWS", 100 ],
      [ "GOODHEARING", 100 ],
      [ "LIGHTSTEP", 100 ],
      [ "WEAKSCENT", 100 ],
      [ "REGEN", 100 ],
      [ "DEX_UP", 100 ],
      [ "STR_UP", 100 ],
      [ "INT_UP_2", 100 ],
      [ "HUNGER", 100 ],
      [ "GOODCARDIO", 100 ],
      [ "FLEET", 100 ],
      [ "QUICK", 100 ],
      [ "PARKOUR", 100 ],
      [ "DEFT", 100 ],
      [ "PAINRESIST", 100 ],
      [ "TOUGH", 100 ],
      [ "PRETTY", 100 ],
      [ "ADRENALINE", 100 ],
      [ "ROBUST", 100 ],
      [ "MASOCHIST", 100 ],
      [ "TRIGGERHAPPY", 100 ],
      [ "EAGLEEYED", 100 ],
      [ "OUTDOORSMAN", 100 ],
      [ "SKIN_LIGHT", 100 ],
      [ "HAIR_RED", 100 ],
      [ "EYE_GREEN", 100 ]
    ]
  }
]
