[
  {
    "id": "flintlock_ammo_mine",
    "copy-from": "flintlock_ammo",
    "type": "ITEM",
    "subtypes": [ "AMMO" ],
    "name": { "str": "paper Minie ball cartridge" },
    "//": "meant as a companion to the Survivor's Flintlock Sniper.",
    "description": "A paper cartridge containing black powder and a Minie ball.  A paper enclosed version of the historic projectile of the USA Civil war.  The Minie ball is still as deadly and accurate as ever.",
    "weight": "55 g",
    "price": "25 USD",
    "price_postapoc": "15 USD",
    "damage": { "damage_type": "bullet", "armor_penetration": 12 },
    "proportional": { "range": 2.0, "dispersion": 0.89, "recoil": 2.0 },
    "extend": { "effects": [ "RECYCLED" ] }
  },
  {
    "id": "c_hydrogen_gas",
    "type": "ITEM",
    "subtypes": [ "AMMO" ],
    "name": { "str_sp": "hydrogen gas" },
    "category": "chems",
    "description": "A light, flammable gas compressed for use as fuel.  Quite energy dense, but also requiring a lot of energy to produce, even moreso without pre-cataclysm industry.",
    "//": "Roughly 23 kg per cubic meter at the lower end of pressure for compressed hydrogen.",
    "weight": "2300 mg",
    "volume": "1000 ml",
    "price": "50 cent",
    "price_postapoc": "5 cent",
    "symbol": "=",
    "color": "white",
    "damage": { "damage_type": "heat", "amount": 9, "armor_penetration": 2 },
    "range": 6,
    "dispersion": 120,
    "stack_size": 10,
    "material": [ "c_hydrogen_gas" ],
    "phase": "liquid",
    "ammo_type": "c_hydrogen",
    "effects": [ "INCENDIARY" ],
    "flags": [ "NO_DROP", "IRREMOVABLE" ]
  },
  {
    "type": "ITEM",
    "subtypes": [ "AMMO" ],
    "id": "c_bioampoule",
    "category": "other",
    "name": { "str": "bio-ampoule" },
    "symbol": "=",
    "color": "cyan",
    "description": "A thin-walled capsule formed of strange resin filled with a strange liquid, used by exotic autoinjector mechanisms.",
    "volume": "100 ml",
    "weight": "1 g",
    "ammo_type": "c_bioampoule_type"
  },
  {
    "type": "ITEM",
    "subtypes": [ "AMMO" ],
    "id": "c_alien_resin_bullet",
    "price_postapoc": "20 cent",
    "name": { "str": "resin bullet" },
    "symbol": "=",
    "color": "green",
    "description": "A glassy green pellet of alien resin, molded in a shape resembling an elongated rifle bullet.  Designed for an exotic pneumatic weapon.",
    "material": [ "alien_resin" ],
    "volume": "250 ml",
    "weight": "3 g",
    "ammo_type": "c_alien_resin_bullet_type",
    "damage": { "damage_type": "stab", "amount": 20, "armor_penetration": 10 },
    "range": 45,
    "loudness": 2,
    "count": 20,
    "effects": [ "NEVER_MISFIRES", "NON_FOULING", "RECOVER_10" ]
  },
  {
    "type": "ITEM",
    "subtypes": [ "AMMO" ],
    "id": "c_alien_resin_bullet_makeshift",
    "copy-from": "c_alien_resin_bullet",
    "name": { "str": "molded projector bullet" },
    "color": "light_gray",
    "description": "A molded metal projectile for an exotic pneumatic weapon, resembling an elongated rifle bullet.  Inferior to purpose-built resin bullets, but easier to make.",
    "material": [ "iron" ],
    "weight": "5 g",
    "damage": { "damage_type": "bullet", "amount": 20, "armor_penetration": 5 },
    "range": 30,
    "dispersion": 100
  },
  {
    "id": "36navy_makeshift_magnum",
    "copy-from": "36navy",
    "type": "ITEM",
    "subtypes": [ "AMMO" ],
    "name": { "str": ".36 paper overpressure cartridge" },
    "description": "A paper cartridge containing an increased measure of any available powder, and a .36 projectile for the Colt M1861 Navy.  A bit more powerful but less accurate, and potentially unreliable.",
    "proportional": { "damage": { "damage_type": "bullet", "amount": 1.25 }, "range": 1.1, "dispersion": 1.5, "recoil": 2.0 },
    "extend": { "effects": [ "RECYCLED" ] }
  },
  {
    "id": "44army_makeshift_magnum",
    "copy-from": "44army",
    "type": "ITEM",
    "subtypes": [ "AMMO" ],
    "name": { "str": ".44 paper overpressure cartridge" },
    "description": "A paper cartridge containing an increased measure of any available powder, and a .44 projectile for the Colt M1860 Army.  A bit more powerful but less accurate, and potentially unreliable.",
    "proportional": { "damage": { "damage_type": "bullet", "amount": 1.25 }, "range": 1.1, "dispersion": 1.5, "recoil": 2.0 },
    "extend": { "effects": [ "RECYCLED" ] }
  }
]
