[
  {
    "id": "surv_223_mag",
    "type": "ITEM",
    "subtypes": [ "MAGAZINE" ],
    "name": { "str": "survivor's .223 magazine" },
    "//": "Allows more storage options.",
    "description": "A magazine built for the survivor's .223 assault rifle.  Although well-made, it does not fit STANAG specifications.",
    "weight": "400 g",
    "volume": "500 ml",
    "price": "80 USD",
    "price_postapoc": "4 USD",
    "material": [ "steel" ],
    "symbol": "#",
    "color": "light_gray",
    "ammo_type": [ "223" ],
    "pocket_data": [ { "pocket_type": "MAGAZINE", "rigid": true, "ammo_restriction": { "223": 20 } } ],
    "capacity": 20,
    "reload_time": 100,
    "flags": [ "MAG_COMPACT" ]
  },
  {
    "id": "surv_762_mag",
    "type": "ITEM",
    "subtypes": [ "MAGAZINE" ],
    "name": { "str": "survivor's 7.62x39 magazine" },
    "description": "A magazine built for the survivor's 7.62x39 assault rifle.  A rough simplification of the AKM magazine pattern, its makeshift design makes it incompatible with factory AK-pattern rifles.",
    "weight": "400 g",
    "volume": "500 ml",
    "price": "80 USD",
    "price_postapoc": "4 USD",
    "material": [ "steel" ],
    "symbol": "#",
    "color": "light_gray",
    "ammo_type": [ "762" ],
    "pocket_data": [ { "pocket_type": "MAGAZINE", "rigid": true, "ammo_restriction": { "762": 20 } } ],
    "capacity": 20,
    "reload_time": 100,
    "flags": [ "MAG_COMPACT" ]
  },
  {
    "id": "surv_308_mag",
    "type": "ITEM",
    "subtypes": [ "MAGAZINE" ],
    "name": { "str": "survivor's .308 magazine" },
    "description": "A magazine built for the survivor's .308 battle rifle.  Based on the design of the venerable M14's magazine, its makeshift design makes it incompatible with factory rifles.",
    "weight": "400 g",
    "volume": "500 ml",
    "price": "80 USD",
    "price_postapoc": "4 USD",
    "material": [ "steel" ],
    "symbol": "#",
    "color": "light_gray",
    "ammo_type": [ "308" ],
    "pocket_data": [ { "pocket_type": "MAGAZINE", "rigid": true, "ammo_restriction": { "308": 20 } } ],
    "capacity": 20,
    "reload_time": 100,
    "flags": [ "MAG_COMPACT" ]
  },
  {
    "id": "surv_762R_mag",
    "type": "ITEM",
    "subtypes": [ "MAGAZINE" ],
    "name": { "str": "survivor's 7.62x54 magazine" },
    "description": "A magazine built for the survivor's 7.62x54 battle rifle.  Vaguely based off the magazine design used by the SVT-40, its handmade design makes it incompatible with any production firearm.",
    "weight": "400 g",
    "volume": "500 ml",
    "price": "80 USD",
    "price_postapoc": "4 USD",
    "material": [ "steel" ],
    "symbol": "#",
    "color": "light_gray",
    "ammo_type": [ "762R" ],
    "pocket_data": [ { "pocket_type": "MAGAZINE", "rigid": true, "ammo_restriction": { "762R": 20 } } ],
    "capacity": 20,
    "reload_time": 100,
    "flags": [ "MAG_COMPACT" ]
  },
  {
    "id": "surv_3006_mag",
    "type": "ITEM",
    "subtypes": [ "MAGAZINE" ],
    "name": { "str": "survivor's .30-06 magazine" },
    "description": "A magazine built for the survivor's .30-06 battle rifle.  A rough copy of the Browning Automatic Rifle's standard magazine.",
    "weight": "400 g",
    "volume": "500 ml",
    "price": "80 USD",
    "price_postapoc": "4 USD",
    "material": [ "steel" ],
    "symbol": "#",
    "color": "light_gray",
    "ammo_type": [ "3006" ],
    "pocket_data": [ { "pocket_type": "MAGAZINE", "rigid": true, "ammo_restriction": { "3006": 20 } } ],
    "capacity": 20,
    "reload_time": 100,
    "flags": [ "MAG_COMPACT" ]
  },
  {
    "id": "surv_12_mag",
    "type": "ITEM",
    "subtypes": [ "MAGAZINE" ],
    "name": { "str": "survivor's 12 gauge magazine" },
    "//": "Requires special pouch.",
    "description": "A magazine built for the survivor's full auto shotgun.  A well-made simplification of the Saiga 12's variant of the AK pattern, it still won't fit to factory specifications.",
    "weight": "450 g",
    "volume": "750 ml",
    "price": "80 USD",
    "price_postapoc": "4 USD",
    "material": [ "steel" ],
    "symbol": "#",
    "color": "light_gray",
    "ammo_type": [ "shot" ],
    "pocket_data": [ { "pocket_type": "MAGAZINE", "rigid": true, "ammo_restriction": { "shot": 15 } } ],
    "capacity": 15,
    "reload_time": 100,
    "flags": [ "MAG_BULKY" ]
  },
  {
    "id": "surv_9mm_mag",
    "type": "ITEM",
    "subtypes": [ "MAGAZINE" ],
    "name": { "str": "survivor's 9mm magazine" },
    "description": "A magazine built for the survivor's 9mm SMG.  Uses a similar simplification as seen by handmade magazines for the STEN submachine gun, albeit lacking in compatibility.",
    "weight": "200 g",
    "volume": "250 ml",
    "price": "80 USD",
    "price_postapoc": "4 USD",
    "material": [ "steel" ],
    "symbol": "#",
    "color": "light_gray",
    "ammo_type": [ "9mm" ],
    "pocket_data": [ { "pocket_type": "MAGAZINE", "rigid": true, "ammo_restriction": { "9mm": 30 } } ],
    "capacity": 30,
    "reload_time": 100,
    "flags": [ "MAG_COMPACT" ]
  },
  {
    "id": "surv_45_mag",
    "type": "ITEM",
    "subtypes": [ "MAGAZINE" ],
    "name": { "str": "survivor's .45 magazine" },
    "description": "A magazine built for the survivor's .45 SMG.  Roughly modeled after the MAC-10 magazine in design, it's decently-made but not designed for any known factory-made model of firearm.",
    "weight": "200 g",
    "volume": "250 ml",
    "price": "80 USD",
    "price_postapoc": "4 USD",
    "material": [ "steel" ],
    "symbol": "#",
    "color": "light_gray",
    "ammo_type": [ "45" ],
    "pocket_data": [ { "pocket_type": "MAGAZINE", "rigid": true, "ammo_restriction": { "45": 30 } } ],
    "capacity": 30,
    "reload_time": 100,
    "flags": [ "MAG_COMPACT" ]
  },
  {
    "id": "surv_22_mag",
    "type": "ITEM",
    "subtypes": [ "MAGAZINE" ],
    "name": { "str": "survivor's .22 magazine" },
    "description": "A magazine built for the survivor's .22 SMG.  Although well-made, it isn't compatible with any production firearm.",
    "weight": "200 g",
    "volume": "250 ml",
    "price": "80 USD",
    "price_postapoc": "4 USD",
    "material": [ "steel" ],
    "symbol": "#",
    "color": "light_gray",
    "ammo_type": [ "22" ],
    "pocket_data": [ { "pocket_type": "MAGAZINE", "rigid": true, "ammo_restriction": { "22": 30 } } ],
    "capacity": 30,
    "reload_time": 100,
    "flags": [ "MAG_COMPACT" ]
  },
  {
    "id": "surv_belt_223",
    "type": "ITEM",
    "subtypes": [ "ARMOR", "MAGAZINE" ],
    "name": { "str": "survivor's .223 ammo belt" },
    "description": "An ammo belt for the survivor's .223 LMG, using canvas and steel wire to form non-disintegrating links.  Not as effective as factory-made ammunition belts, and more awkward to reload too.",
    "weight": "200 g",
    "volume": "1 L",
    "material": [ "steel" ],
    "symbol": "#",
    "color": "light_gray",
    "ammo_type": [ "223" ],
    "pocket_data": [ { "pocket_type": "MAGAZINE", "rigid": true, "ammo_restriction": { "223": 80 } } ],
    "capacity": 80,
    "reload_time": 200,
    "armor": [ { "encumbrance": 10, "coverage": 5, "covers": [ "torso" ], "material": [ "steel" ] } ],
    "flags": [ "BELTED", "OVERSIZE" ]
  },
  {
    "id": "surv_belt_762",
    "type": "ITEM",
    "subtypes": [ "ARMOR", "MAGAZINE" ],
    "name": { "str": "survivor's 7.62x39 ammo belt" },
    "description": "An ammo belt for the survivor's 7.62x39 LMG, using canvas and steel wire to form non-disintegrating links.  Not as effective as factory-made ammunition belts, and more awkward to reload too.",
    "weight": "200 g",
    "volume": "1 L",
    "material": [ "steel" ],
    "symbol": "#",
    "color": "light_gray",
    "ammo_type": [ "762" ],
    "pocket_data": [ { "pocket_type": "MAGAZINE", "rigid": true, "ammo_restriction": { "762": 80 } } ],
    "capacity": 80,
    "reload_time": 200,
    "armor": [ { "encumbrance": 10, "coverage": 5, "covers": [ "torso" ], "material": [ "steel" ] } ],
    "flags": [ "BELTED", "OVERSIZE" ]
  },
  {
    "id": "surv_belt_308",
    "type": "ITEM",
    "subtypes": [ "ARMOR", "MAGAZINE" ],
    "name": { "str": "survivor's .308 ammo belt" },
    "description": "An ammo belt for the survivor's .308 GPMG, using canvas and steel wire to form non-disintegrating links.  Not as effective as factory-made ammunition belts, and more awkward to reload too.",
    "weight": "200 g",
    "volume": "1 L",
    "material": [ "steel" ],
    "symbol": "#",
    "color": "light_gray",
    "ammo_type": [ "308" ],
    "pocket_data": [ { "pocket_type": "MAGAZINE", "rigid": true, "ammo_restriction": { "308": 80 } } ],
    "capacity": 80,
    "reload_time": 200,
    "armor": [ { "encumbrance": 10, "coverage": 5, "covers": [ "torso" ], "material": [ "steel" ] } ],
    "flags": [ "BELTED", "OVERSIZE" ]
  },
  {
    "id": "surv_belt_762R",
    "type": "ITEM",
    "subtypes": [ "ARMOR", "MAGAZINE" ],
    "name": { "str": "survivor's 7.62x54 ammo belt" },
    "description": "An ammo belt for the survivor's 7.62x54 GPMG, using canvas and steel wire to form non-disintegrating links.  Not as effective as factory-made ammunition belts, and more awkward to reload too.",
    "weight": "200 g",
    "volume": "1 L",
    "looks_like": "surv_belt_308",
    "material": [ "steel" ],
    "symbol": "#",
    "color": "light_gray",
    "ammo_type": [ "762R" ],
    "pocket_data": [ { "pocket_type": "MAGAZINE", "rigid": true, "ammo_restriction": { "762R": 80 } } ],
    "capacity": 80,
    "reload_time": 200,
    "armor": [ { "encumbrance": 10, "coverage": 5, "covers": [ "torso" ], "material": [ "steel" ] } ],
    "flags": [ "BELTED", "OVERSIZE" ]
  },
  {
    "id": "surv_belt_3006",
    "type": "ITEM",
    "subtypes": [ "ARMOR", "MAGAZINE" ],
    "name": { "str": "survivor's .30-06 ammo belt" },
    "description": "An ammo belt for the survivor's .30-06 GPMG, using canvas and steel wire to form non-disintegrating links.  Not as effective as factory-made ammunition belts, and more awkward to reload too.",
    "weight": "200 g",
    "volume": "1 L",
    "looks_like": "surv_belt_308",
    "material": [ "steel" ],
    "symbol": "#",
    "color": "light_gray",
    "ammo_type": [ "3006" ],
    "pocket_data": [ { "pocket_type": "MAGAZINE", "rigid": true, "ammo_restriction": { "3006": 80 } } ],
    "capacity": 80,
    "reload_time": 200,
    "armor": [ { "encumbrance": 10, "coverage": 5, "covers": [ "torso" ], "material": [ "steel" ] } ],
    "flags": [ "BELTED", "OVERSIZE" ]
  },
  {
    "id": "surv_50_mag",
    "type": "ITEM",
    "subtypes": [ "MAGAZINE" ],
    "name": { "str": "survivor's .50 magazine" },
    "description": "A magazine built for the survivor's .50 automatic AMR.  Vaguely resembling the magazine from the Barrett M107A1 but bulkier, it is clearly not designed to factory specifications.",
    "weight": "450 g",
    "volume": "750 ml",
    "price": "80 USD",
    "price_postapoc": "4 USD",
    "material": [ "steel" ],
    "symbol": "#",
    "color": "light_gray",
    "ammo_type": [ "50" ],
    "pocket_data": [ { "pocket_type": "MAGAZINE", "rigid": true, "ammo_restriction": { "50": 15 } } ],
    "capacity": 15,
    "reload_time": 100,
    "flags": [ "MAG_BULKY" ]
  },
  {
    "id": "rifle_crank_battery_cell",
    "type": "ITEM",
    "subtypes": [ "MAGAZINE" ],
    "category": "battery",
    "name": { "str": "crank rifle capacitor bank" },
    "description": "This is a homemade power cell made from household batteries along with a series of capacitors, designed to translate mechanical force into enough voltage to more efficiently power a survivor's crank rifle.  It's a wonder this thing isn't an electrocution hazard.",
    "weight": "500 g",
    "volume": "600 ml",
    "price": "50 USD",
    "price_postapoc": "3 USD",
    "material": [ "iron", "plastic" ],
    "symbol": "=",
    "color": "yellow",
    "ammo_type": [ "battery" ],
    "pocket_data": [ { "pocket_type": "MAGAZINE", "rigid": true, "ammo_restriction": { "battery": 10 } } ],
    "capacity": 10,
    "looks_like": "battery",
    "flags": [ "NO_SALVAGE", "NO_UNLOAD", "RECHARGE", "MAG_COMPACT" ]
  },


  {
    "id": "light_atomic_battery_cell_rechargeable",
    "//": "Can no longer streamline these with copy-from because DDA is not allowed to have nice things, they deleted the item this and medium cells used to inherit from.",
    "type": "ITEM",
    "subtypes": [ "MAGAZINE" ],
    "category": "tool_magazine",
    "name": { "str": "light rechargeable plutonium cell" },
    "description": "This battery uses a thin plutonium-244 rod to stabilize multiple proprietary exotic compounds.  Designed by Omnitech for a military contract, this modified plutonium battery is rechargeable, but as it made for military purposes there is very little this is compatible with.",
    "weight": "160 g",
    "volume": "35 ml",
    "price": "500 USD",
    "price_postapoc": "4 USD",
    "material": [ "iron", "plastic" ],
    "symbol": "=",
    "color": "green",
    "ammo_type": [ "battery" ],
    "count": 1000,
    "capacity": 1000,
    "looks_like": "battery",
    "flags": [ "NO_SALVAGE", "NO_UNLOAD", "NO_RELOAD", "LEAK_DAM", "RADIOACTIVE", "BATTERY_LIGHT", "RECHARGE", "MAG_COMPACT" ],
    "pocket_data": [ { "pocket_type": "MAGAZINE", "rigid": true, "ammo_restriction": { "battery": 1000 } } ]
  },
  {
    "id": "medium_atomic_battery_cell_rechargeable",
    "type": "ITEM",
    "subtypes": [ "MAGAZINE" ],
    "category": "tool_magazine",
    "name": { "str": "light rechargeable plutonium cell" },
    "description": "This battery uses a thin plutonium-244 rod to stabilize multiple proprietary exotic compounds.  Designed by Omnitech for a military contract, this modified plutonium battery is rechargeable, but as it made for military purposes there is very little this is compatible with.",
    "weight": "1000 g",
    "volume": "525 ml",
    "price": "1 kUSD",
    "price_postapoc": "10 USD",
    "material": [ "iron", "plastic" ],
    "symbol": "=",
    "color": "green",
    "ammo_type": [ "battery" ],
    "count": 5000,
    "capacity": 5000,
    "looks_like": "battery",
    "flags": [ "NO_SALVAGE", "NO_UNLOAD", "NO_RELOAD", "LEAK_DAM", "RADIOACTIVE", "BATTERY_MEDIUM", "RECHARGE", "MAG_COMPACT" ],
    "pocket_data": [ { "pocket_type": "MAGAZINE", "rigid": true, "ammo_restriction": { "battery": 5000 } } ]
  },
  {
    "id": "heavy_atomic_battery_cell_rechargeable",
    "type": "ITEM",
    "subtypes": [ "MAGAZINE" ],
    "category": "tool_magazine",
    "name": { "str": "heavy rechargeable plutonium cell" },
    "description": "This battery uses a thin plutonium-244 rod to stabilize multiple proprietary exotic compounds.  Designed by Omnitech for a military contract, this modified plutonium battery is rechargeable, but as it made for military purposes there is very little this is compatible with.",
    "weight": "1600 g",
    "volume": "1500 ml",
    "price": "1 kUSD",
    "price_postapoc": "15 USD",
    "material": [ "iron", "plastic" ],
    "symbol": "=",
    "color": "green",
    "ammo_type": [ "battery" ],
    "count": 10000,
    "capacity": 10000,
    "looks_like": "battery",
    "flags": [ "NO_SALVAGE", "NO_UNLOAD", "NO_RELOAD", "LEAK_DAM", "RADIOACTIVE", "BATTERY_HEAVY", "RECHARGE", "MAG_BULKY" ],
    "pocket_data": [ { "pocket_type": "MAGAZINE", "rigid": true, "ammo_restriction": { "battery": 10000 } } ]
  }
]
