[
  {
    "id": "unbio_bladed_weapon",
	"type": "ITEM",
	"subtypes": [ "GUNMOD" ],
    "name": { "str": "repurposed monomolecular knife" },
    "category": "weapons",
    "weapon_category": [ "KNIVES", "BIONIC_WEAPONRY", "BIONIC_SWORDS" ],
    "description": "A foot-long knife made from high-tech alloy and edged with bonded nanocrystals, salvaged from a CBM.  A welded metal handle and handguard allow you to hold it without slicing your hand open.",
    "weight": "250 g",
    "volume": "1 L",
    "longest_side": "30 cm",
    "price": "60 USD",
    "price_postapoc": "20 USD",
    "color": "dark_gray",
    "symbol": "{",
    "looks_like": "bio_blade_weapon",
    "material": [ "superalloy", "steel" ],
    "techniques": [ "WBLOCK_2" ],
    "melee_damage": { "bash": 4, "cut": 32 },
    "to_hit": 2,
    "flags": [ "UNBREAKABLE_MELEE", "SHEATH_KNIFE" ],
    "qualities": [ [ "CUT", 2 ], [ "BUTCHER", 22 ] ],
    "location": "underbarrel",
    "mod_targets": [ "shotgun", "rifle", "smg", "crossbow" ],
    "mode_modifier": [ [ "REACH", "bayonet", 2, [ "MELEE", "REACH_ATTACK" ] ] ],
    "install_time": "20 m"
  },
  {
    "type": "ITEM",
	"subtypes": [ "GUNMOD" ],
    "id": "unbio_sword_weapon",
    "name": { "str": "repurposed monomolecular sword" },
    "category": "weapons",
    "weapon_category": [ "MEDIUM_SWORDS", "MEDIEVAL_SWORDS", "FENCING_WEAPONRY", "BIONIC_WEAPONRY", "BIONIC_SWORDS" ],
    "description": "A yard-long sword made from high-tech alloy and edged with bonded nanocrystals, salvaged from a CBM.  A welded metal handle and handguard allow you to hold it without slicing your hand open.",
    "weight": "450 g",
    "volume": "2500 ml",
    "longest_side": "91 cm",
    "price": "120 USD",
    "price_postapoc": "20 USD",
    "color": "dark_gray",
    "symbol": "{",
    "looks_like": "bio_sword_weapon",
    "material": [ "superalloy", "steel" ],
    "techniques": [ "RAPID", "WBLOCK_2" ],
    "melee_damage": { "bash": 4, "cut": 44 },
    "to_hit": 2,
    "flags": [ "UNBREAKABLE_MELEE", "SHEATH_SWORD" ],
    "qualities": [ [ "CUT", 2 ], [ "BUTCHER", 20 ] ],
    "location": "underbarrel",
    "mod_targets": [ "shotgun", "rifle", "smg", "crossbow" ],
    "mode_modifier": [ [ "REACH", "bayonet", 2, [ "MELEE", "REACH_ATTACK" ] ] ],
    "install_time": "20 m"
  },
  {
    "type": "ITEM",
    "id": "unbio_claws_weapon",
    "category": "weapons",
    "weapon_category": [ "CLAWS", "BIONIC_WEAPONRY" ],
    "name": { "str_sp": "repurposed bionic claws" },
    "description": "Short and sharp claws made from a high-tech metal welded to metal knuckles, salvaged from a CBM.  Lightweight and fast, wielding them feels as if you were bare-handed.",
    "weight": "200 g",
    "volume": "750 ml",
    "longest_side": "10 cm",
    "price": "400 USD",
    "price_postapoc": "20 USD",
    "color": "light_gray",
    "symbol": "{",
    "looks_like": "bio_claws_weapon",
    "material": [ "superalloy", "steel" ],
    "melee_damage": { "bash": 12, "stab": 14 },
    "flags": [ "UNBREAKABLE_MELEE" ],
    "qualities": [ [ "CUT", 2 ], [ "BUTCHER", 12 ] ]
  },
  {
    "type": "ITEM",
	"subtypes": [ "ARTIFACT" ],
    "id": "flesh_knife",
    "category": "weapons",
    "weapon_category": [ "KNIVES", "BIONIC_WEAPONRY", "BIONIC_SWORDS" ],
    "name": { "str": "biological blade" },
    "description": "A foot-long knife made from metal enclosed with flesh and bone.  Its blade consists of razor sharp saw-like protrusions, with a bone handle that fits well in the hand.  Holding it brings strange whispers to the back of your mind, as though it has a will of its own.",
    "weight": "220 g",
    "volume": "500 ml",
    "longest_side": "30 cm",
    "price": "5800 USD",
    "price_postapoc": "60 USD",
    "color": "red",
    "symbol": "/",
    "looks_like": "flesh_blade",
    "material": [ "flesh", "superalloy" ],
    "techniques": [ "WBLOCK_1", "PRECISE", "RAPID" ],
    "melee_damage": { "bash": 2, "cut": 18 },
    "to_hit": 3,
    "flags": [ "UNBREAKABLE_MELEE", "MAGIC_FOCUS", "SHEATH_KNIFE" ],
    "qualities": [ [ "CUT", 1 ], [ "BUTCHER", 10 ] ],
    "passive_effects": [
      {
        "has": "WIELD",
        "condition": "ALWAYS",
        "mutations": [ "SCHIZOPHRENIC", "ROT1", "PRED1" ],
        "hit_you_effect": [
          {
            "id": "c_lifedrain_1",
            "once_in": 10,
            "message": "A strange mist covers %2$s in the wake of your swing.",
            "npc_message": "A strange mist covers %2$s as %1$s swings at them."
          }
        ]
      }
    ]
  },
  {
    "type": "ITEM",
	"subtypes": [ "ARTIFACT" ],
    "id": "flesh_blade",
    "category": "weapons",
    "name": { "str": "biological sword" },
    "weapon_category": [ "MEDIUM_SWORDS", "MEDIEVAL_SWORDS", "FENCING_WEAPONRY", "BIONIC_WEAPONRY", "BIONIC_SWORDS" ],
    "description": "A yard-long sword of metal, enclosed in flesh and bone, including a protective hilt framed with tough sinews.  Grown from a smaller sample, holding it brings a strange sense of power beyond what it used to.  It feels almost like a living being with a mind of its own, one that lusts for blood.",
    "weight": "680 g",
    "volume": "1500 ml",
    "longest_side": "91 cm",
    "price": "5800 USD",
    "price_postapoc": "75 USD",
    "color": "red",
    "symbol": "/",
    "looks_like": "bio_blade_weapon",
    "material": [ "flesh", "superalloy" ],
    "techniques": [ "WBLOCK_2", "PRECISE", "RAPID" ],
    "melee_damage": { "bash": 2, "cut": 25 },
    "to_hit": 2,
    "flags": [ "UNBREAKABLE_MELEE", "MAGIC_FOCUS", "SHEATH_SWORD" ],
    "qualities": [ [ "CUT", 1 ], [ "BUTCHER", 10 ] ],
    "passive_effects": [
      {
        "has": "WIELD",
        "condition": "ALWAYS",
        "values": [
          { "value": "STRENGTH", "add": 2 },
          { "value": "DEXTERITY", "add": 2 },
          { "value": "INTELLIGENCE", "add": -2 },
          { "value": "PERCEPTION", "add": -2 },
          { "value": "SPEED", "add": 20 }
        ],
        "mutations": [ "SCHIZOPHRENIC", "ROT3", "KILLER", "PRED2", "HUNGER2", "CHAOTIC" ],
        "hit_you_effect": [
          {
            "id": "c_lifedrain_1",
            "once_in": 3,
            "message": "A strange mist covers %2$s in the wake of your swing.",
            "npc_message": "A strange mist covers %2$s as %1$s swings at them."
          },
          {
            "id": "c_flesh_hit_effect",
            "once_in": 3,
            "message": "A surge of energy courses from your weapon, empowering you further!",
            "npc_message": "A jolt of strange energy envelops %1$s!"
          }
        ]
      }
    ]
  },
  {
    "type": "ITEM",
    "id": "c_mi_go_claw_salvaged",
    "looks_like": "unbio_blade_weapon",
    "symbol": ";",
    "color": "green",
    "weapon_category": [ "CLAWS" ],
    "name": { "str": "salvaged claw blade" },
    "description": "A mesh of steel and alien resin gripped in the palm, from which juts a razor-sharp eighteen-inch blade.  The exotic green glass-like material fades into a hardened edge of some off-white synthetic material.  Wielded similar to tiger claws, with its single blade between two fingers.  Salvaged using pre-cataclysm research into other living weaponry, it now works as well for dissection (or vivisection) in human hands as it once did in the clutches of the mi-go.",
    "category": "other",
    "material": [ "alien_resin", "flesh", "steel" ],
    "weight": "750 g",
    "longest_side": "45 cm",
    "volume": "1 L",
    "price_postapoc": "15 USD",
    "to_hit": 1,
    "melee_damage": { "bash": 2, "cut": 20 },
    "flags": [ "DURABLE_MELEE", "SHEATH_KNIFE" ],
    "qualities": [ [ "CUT", 2 ], [ "CUT_FINE", 4 ], [ "BUTCHER", 25 ] ]
  },
  {
    "id": "greatsword_makeshift",
    "looks_like": "zweihander",
    "type": "ITEM",
    "category": "weapons",
    "weapon_category": [ "MEDIEVAL_SWORDS", "GREAT_SWORDS" ],
    "name": { "str": "makeshift greatsword" },
    "description": "A heavy blade made from part of a vehicle frame, sawed down to a single long piece of steel that's been bent to shape and sharpened.  While crude and too bulky to fit in a scabbard, it packs one hell of a punch, and offers decent reach.",
    "weight": "5500 g",
    "volume": "4 L",
    "longest_side": "213 cm",
    "price": "55 USD",
    "price_postapoc": "20 USD",
    "to_hit": -1,
    "melee_damage": { "bash": 20, "cut": 45 },
    "material": "steel",
    "symbol": "/",
    "color": "light_gray",
    "techniques": [ "WBLOCK_1", "WIDE", "BRUTAL" ],
    "qualities": [ [ "CUT", 1 ], [ "BUTCHER", -30 ] ],
    "flags": [ "REACH_ATTACK", "ALWAYS_TWOHAND" ]
  }
]
