[
  {
    "type": "charge_removal_blacklist",
    "list": [ "lmil_helm", "mil_helm", "hmil_helm" ]
  },
  {
    "id": "survbowpack",
    "type": "ARMOR",
    "name": { "str": "survivor's archer backpack" },
    "//": "This adds the quiver function.",
    "description": "A custom-built backpack modified further to be an archer's best friend.  Lots of storage, manageable encumbrance and a built in quiver.",
    "weight": "1200 g",
    "volume": "3 L",
    "price": "360 USD",
    "price_postapoc": "36 USD",
    "rigid": false,
    "phase": "solid",
    "material": [ "leather", "cotton" ],
    "symbol": "[",
    "looks_like": "survivor_pack",
    "color": "brown",
    "covers": [ "torso" ],
    "coverage": 35,
    "encumbrance": 4,
    "max_encumbrance": 16,
    "storage": "16 L",
    "material_thickness": 2,
    "use_action": { "type": "bandolier", "capacity": 50, "ammo": [ "arrow", "bolt" ], "draw_cost": 3 },
    "valid_mods": [ "resized_large" ],
    "flags": [ "WATER_FRIENDLY", "STURDY", "BELTED" ]
  },
  {
    "id": "surv_suit",
    "type": "ARMOR",
    "name": { "str": "survivor's scout suit" },
    "description": "A home-made suit built to live off the land.  Comes with ample storage, fur lining, environmental and physical protection, a built-in watch, and a makeshift sheath ring.  It requires a separate gas mask for full protection.",
    "weight": "12840 g",
    "volume": "12500 ml",
    "price": "1800 USD",
    "price_postapoc": "70 USD",
    "to_hit": -3,
    "bashing": 6,
    "phase": "solid",
    "material": [ "kevlar" ],
    "symbol": "[",
    "looks_like": "anbc_suit",
    "color": "brown",
    "covers": [ "legs", "torso", "arms", "hands", "feet", "head" ],
    "coverage": 100,
    "encumbrance": 35,
    "storage": "30 L",
    "warmth": 25,
    "material_thickness": 5,
    "environmental_protection": 15,
    "valid_mods": [ "steel_padded", "alloy_padded" ],
    "use_action": {
      "type": "holster",
      "holster_prompt": "Sheath knife/sword",
      "holster_msg": "You sheath your %s",
      "min_volume": "500 ml",
      "max_volume": "2500 ml",
      "draw_cost": 80,
      "multi": 2,
      "flags": [ "SHEATH_KNIFE", "SHEATH_SWORD", "BELT_CLIP" ],
      "//": "Allows most blades to be sheathed."
    },
    "flags": [
      "VARSIZE",
      "OVERSIZE",
      "WATERPROOF",
      "RAINPROOF",
      "RAD_RESIST",
      "GAS_PROOF",
      "STURDY",
      "ALLOWS_NATURAL_ATTACKS",
      "WATCH",
      "NONCONDUCTIVE",
      "ALARMCLOCK"
    ]
  },
  {
    "id": "surv_armor_suit",
    "type": "ARMOR",
    "name": { "str": "survivor's armored scout suit" },
    "//": "Harder to repair but more durable.",
    "description": "A home-made suit built to live off the land.  Comes with ample storage, warm fur lining, environmental and physical protection, a built in watch, and a makeshift sheath ring.  The suit is carefully crafted of Kevlar fabric and reinforced with metal.  It requires a separate gas mask for full protection.",
    "weight": "26360 g",
    "volume": "12500 ml",
    "price": "1800 USD",
    "price_postapoc": "90 USD",
    "to_hit": -3,
    "bashing": 6,
    "phase": "solid",
    "material": [ "kevlar", "steel" ],
    "symbol": "[",
    "looks_like": "anbc_suit",
    "color": "brown",
    "covers": [ "legs", "torso", "arms", "hands", "feet", "head" ],
    "coverage": 100,
    "encumbrance": 40,
    "storage": "30 L",
    "warmth": 25,
    "material_thickness": 6,
    "environmental_protection": 15,
    "valid_mods": [ "steel_padded", "alloy_padded" ],
    "use_action": {
      "type": "holster",
      "holster_prompt": "Sheath knife/sword",
      "holster_msg": "You sheath your %s",
      "min_volume": "500 ml",
      "max_volume": "2500 ml",
      "draw_cost": 80,
      "multi": 2,
      "flags": [ "SHEATH_KNIFE", "SHEATH_SWORD", "BELT_CLIP" ]
    },
    "flags": [
      "VARSIZE",
      "OVERSIZE",
      "WATERPROOF",
      "RAINPROOF",
      "RAD_RESIST",
      "GAS_PROOF",
      "STURDY",
      "ALLOWS_NATURAL_ATTACKS",
      "WATCH",
      "NONCONDUCTIVE",
      "ALARMCLOCK"
    ]
  },
  {
    "id": "surv_armor_suit_superalloy",
    "copy-from": "surv_armor_suit",
    "type": "ARMOR",
    "name": { "str": "survivor's superalloy scout suit" },
    "description": "A home-made suit built to live off the land.  Comes with ample storage, warm fur lining, environmental and physical protection, a built in watch, and a makeshift sheath ring.  The suit is carefully crafted of Kevlar fabric and reinforced with superalloy.  It requires a separate gas mask for full protection.",
    "material": [ "kevlar", "superalloy" ],
    "color": "light_cyan",
    "//": "Superalloy armor uses 5 less encumbrance than base item",
    "encumbrance": 35,
    "proportional": { "weight": 0.6, "price": 2, "price_postapoc": 2 }
  },
  {
    "id": "armor_lightplate_surv",
    "copy-from": "armor_lightplate",
    "//": "No storage or other amenities, but a modest increase in protection relative to the added encumbrance.",
    "type": "ARMOR",
    "name": { "str": "survivor plate armor" },
    "description": "A suit of Gothic plate armor modified with kevlar and leather, altered to better protect the gaps between plates and provide better protection from the elements.",
    "weight": "12100 g",
    "price": "900 USD",
    "price_postapoc": "130 USD",
    "material": [ "steel", "kevlar", "leather" ],
    "coverage": 100,
    "encumbrance": 25,
    "warmth": 30,
    "environmental_protection": 5,
    "material_thickness": 6,
    "extend": { "flags": [ "WATERPROOF" ] }
  },
  {
    "id": "armor_lightplate_surv_superalloy",
    "copy-from": "armor_lightplate_surv",
    "type": "ARMOR",
    "name": { "str": "survivor superalloy plate armor" },
    "description": "A suit of Gothic plate armor, made from superalloy plates further modified with kevlar and leather, altered to better protect the gaps between plates and provide better protection from the elements.",
    "material": [ "superalloy", "kevlar", "leather" ],
    "color": "light_cyan",
    "encumbrance": 20,
    "proportional": { "weight": 0.6, "price": 2, "price_postapoc": 2 }
  },
  {
    "id": "cuirass_lightplate_surv",
    "copy-from": "cuirass_lightplate",
    "type": "ARMOR",
    "name": { "str": "survivor cuirass", "str_pl": "survivor cuirasses" },
    "description": "A medieval steel breastplate, modified with kevlar and leather to better protect from the elements.",
    "weight": "4620 g",
    "price": "300 USD",
    "price_postapoc": "45 USD",
    "material": [ "steel", "kevlar", "leather" ],
    "coverage": 100,
    "encumbrance": 25,
    "warmth": 30,
    "environmental_protection": 5,
    "material_thickness": 6,
    "extend": { "flags": [ "WATERPROOF" ] }
  },
  {
    "id": "cuirass_lightplate_surv_superalloy",
    "copy-from": "cuirass_lightplate_surv",
    "type": "ARMOR",
    "name": { "str": "survivor superalloy cuirass", "str_pl": "survivor superalloy cuirasses" },
    "description": "A medieval breastplate remade in cutting-edge superalloy, modified with kevlar and leather to better protect from the elements.",
    "material": [ "superalloy", "kevlar", "leather" ],
    "color": "light_cyan",
    "encumbrance": 20,
    "proportional": { "weight": 0.6, "price": 2, "price_postapoc": 2 }
  },
  {
    "id": "armguard_lightplate_surv",
    "copy-from": "armguard_lightplate",
    "type": "ARMOR",
    "name": { "str": "survivor steel arm guards", "str_pl": "survivor steel arm guards" },
    "description": "A full assembly of medieval arm protection.  Rerebraces, couters, and vambraces, subsequently modified with kevlar and leather to better protect the joints.",
    "weight": "2992 g",
    "price": "300 USD",
    "price_postapoc": "130 USD",
    "material": [ "steel", "kevlar", "leather" ],
    "coverage": 100,
    "encumbrance": 25,
    "warmth": 30,
    "environmental_protection": 5,
    "material_thickness": 6,
    "extend": { "flags": [ "WATERPROOF" ] }
  },
  {
    "id": "armguard_lightplate_surv_superalloy",
    "copy-from": "armguard_lightplate_surv",
    "type": "ARMOR",
    "name": { "str": "survivor superalloy arm guards", "str_pl": "survivor superalloy arm guards" },
    "description": "A full assembly of medieval arm protection, made from modern superalloy.  Rerebraces, couters, and vambraces, subsequently modified with kevlar and leather to better protect the joints.",
    "material": [ "superalloy", "kevlar", "leather" ],
    "color": "light_cyan",
    "encumbrance": 20,
    "proportional": { "weight": 0.6, "price": 2, "price_postapoc": 2 }
  },
  {
    "id": "legguard_lightplate_surv",
    "copy-from": "legguard_lightplate",
    "type": "ARMOR",
    "name": { "str": "survivor steel leg guards", "str_pl": "survivor steel leg guards" },
    "description": "A full assembly of medieval leg protection.  Cuisses, poleyns, and greaves, subsequently modified with kevlar and leather to better protect the joints.",
    "weight": "4488 g",
    "price": "300 USD",
    "price_postapoc": "45 USD",
    "material": [ "steel", "kevlar", "leather" ],
    "coverage": 100,
    "encumbrance": 25,
    "warmth": 30,
    "environmental_protection": 5,
    "material_thickness": 6,
    "extend": { "flags": [ "WATERPROOF" ] }
  },
  {
    "id": "legguard_lightplate_surv_superalloy",
    "copy-from": "legguard_lightplate_surv",
    "type": "ARMOR",
    "name": { "str": "survivor superalloy leg guards", "str_pl": "survivor superalloy leg guards" },
    "description": "A full assembly of medieval leg protection, made from modern superalloy.  Cuisses, poleyns, and greaves, subsequently modified with kevlar and leather to better protect the joints.",
    "material": [ "superalloy", "kevlar", "leather" ],
    "color": "light_cyan",
    "encumbrance": 20,
    "proportional": { "weight": 0.6, "price": 2, "price_postapoc": 2 }
  },
  {
    "id": "helmet_plate_surv",
    "copy-from": "helmet_plate",
    "type": "ARMOR",
    "name": { "str": "survivor great helm" },
    "description": "A medieval helmet that has been heavily modified, widening the eye slits and breaths, with ballistic lenses and a kevlar aventail helping make up for the increased vulnerability.",
    "weight": "2395 g",
    "price": "500 USD",
    "price_postapoc": "50 USD",
    "material": [ "steel", "kevlar", "leather" ],
    "encumbrance": 35,
    "warmth": 20,
    "environmental_protection": 5,
    "material_thickness": 6,
    "qualities": [ [ "GLARE", 1 ] ],
    "extend": { "flags": [ "WATERPROOF", "SUN_GLASSES" ] }
  },
  {
    "id": "helmet_plate_surv_superalloy",
    "copy-from": "helmet_plate_surv",
    "type": "ARMOR",
    "name": { "str": "survivor superalloy great helm" },
    "description": "A modernized medieval helmet that has been further modified, widening the eye slits and breaths, with ballistic lenses and a kevlar aventail helping make up for the increased vulnerability.",
    "material": [ "superalloy", "kevlar", "leather" ],
    "color": "light_cyan",
    "encumbrance": 30,
    "proportional": { "weight": 0.6, "price": 2, "price_postapoc": 2 }
  },
  {
    "id": "gloves_plate_surv",
    "copy-from": "gloves_plate",
    "type": "ARMOR",
    "name": { "str": "pair of survivor armored gauntlets", "str_pl": "pairs of survivor armored gauntlets" },
    "description": "A heavy set of medieval gauntlets, modified with kevlar reinforcements to increase protection from the elements.",
    "weight": "1080 g",
    "price": "500 USD",
    "price_postapoc": "50 USD",
    "material": [ "steel", "kevlar", "leather" ],
    "encumbrance": 25,
    "warmth": 25,
    "material_thickness": 6,
    "environmental_protection": 5,
    "extend": { "flags": [ "WATERPROOF" ] }
  },
  {
    "id": "gloves_plate_surv_superalloy",
    "copy-from": "gloves_plate_surv",
    "type": "ARMOR",
    "name": { "str": "pair of survivor superalloy armored gauntlets", "str_pl": "pairs of survivor superalloy armored gauntlets" },
    "description": "A set of medieval gauntlets plated with superalloy, then further modified with kevlar reinforcements to increase protection from the elements.",
    "material": [ "superalloy", "kevlar", "leather" ],
    "color": "light_cyan",
    "encumbrance": 20,
    "proportional": { "weight": 0.6, "price": 2, "price_postapoc": 2 }
  },
  {
    "id": "boots_plate_surv",
    "copy-from": "boots_plate",
    "type": "ARMOR",
    "name": { "str": "pair of survivor armored boots", "str_pl": "pairs of survivor armored boots" },
    "description": "A heavy set of armor plated boots, modified with kevlar to better protect from the elements.",
    "weight": "2080 g",
    "price": "600 USD",
    "price_postapoc": "50 USD",
    "material": [ "steel", "kevlar", "leather" ],
    "encumbrance": 30,
    "warmth": 25,
    "material_thickness": 6,
    "environmental_protection": 5
  },
  {
    "id": "boots_plate_surv_superalloy",
    "copy-from": "boots_plate_surv",
    "type": "ARMOR",
    "name": { "str": "pair of survivor superalloy armored boots", "str_pl": "pairs of survivor superalloy armored boots" },
    "description": "A set of superalloy plated boots, modified with kevlar to better protect from the elements.",
    "material": [ "superalloy", "kevlar", "leather" ],
    "color": "light_cyan",
    "encumbrance": 25,
    "proportional": { "weight": 0.6, "price": 2, "price_postapoc": 2 }
  },
  {
    "id": "badge_bio_weapon",
    "type": "ARMOR",
    "name": { "str": "Bio-Weapon badge" },
    "description": "A round silver medallion that identifies the wearer as a part of the Bio-Weapon project.",
    "weight": "60 g",
    "price": "50 USD",
    "price_postapoc": "5 USD",
    "phase": "solid",
    "material": [ "silver" ],
    "symbol": "[",
    "looks_like": "badge_cybercop",
    "color": "yellow"
  },
  {
    "id": "badge_bio_weapon_apophis",
    "type": "ARMOR",
    "name": { "str": "Bio-Weapon Apophis badge" },
    "description": "A round silver medallion that identifies the wearer as a part of the Bio-Weapon project.  This one has the name 'Apophis' inscribed on the front.",
    "weight": "60 g",
    "price": "100 USD",
    "phase": "solid",
    "material": [ "silver" ],
    "symbol": "[",
    "looks_like": "badge_cybercop",
    "color": "red",
    "flags": [ "TRADER_AVOID", "NO_SALVAGE" ]
  },
  {
    "id": "badge_bio_weapon_evy",
    "type": "ARMOR",
    "name": { "str": "RFID access badge" },
    "description": "A round silver medallion with a RFID chip embedded in the front.  The markings seem to identify the wearer as a part of the Bio-Weapon project.",
    "weight": "60 g",
    "price": "100 USD",
    "phase": "solid",
    "material": [ "silver" ],
    "symbol": "[",
    "looks_like": "badge_cybercop",
    "color": "red",
    "flags": [ "TRADER_AVOID", "NO_SALVAGE" ]
  },
  {
    "id": "acs_74_stealth_cloak",
    "type": "TOOL_ARMOR",
    "name": { "str": "ACS-74 stealth cloak" },
    "description": "An experimental cloak with a destructive interference system that will create pitch-black darkness around you when powered and worn.  Creatures that can see in the dark will still spot you, but it will fool most things.  A network of miniature alphavolatics make it self-charging but only able to sustain short bursts of use.  Activate to turn it on.",
    "weight": "1556 g",
    "volume": "3 L",
    "price": "84000 USD",
    "price_postapoc": "84 USD",
    "to_hit": -1,
    "phase": "solid",
    "material": [ "superalloy", "plastic" ],
    "symbol": "[",
    "looks_like": "optical_cloak",
    "color": "light_gray",
    "covers": [ "torso", "head", "arms", "legs" ],
    "coverage": 75,
    "encumbrance": 15,
    "warmth": 15,
    "material_thickness": 1,
    "environmental_protection": 4,
    "max_charges": 250,
    "use_action": {
      "type": "transform",
      "msg": "The cloak shimmers and emits an intense light-disrupting field.",
      "target": "acs_74_stealth_cloak_on",
      "active": true,
      "need_worn": true,
      "need_charges": 1,
      "need_charges_msg": "The cloak is out of power."
    },
    "relic_data": {
      "passive_effects": [
        {
          "has": "WORN",
          "condition": "ACTIVE",
          "emitter": "emit_shadow_field"
        }
      ],
      "recharge_scheme": [ { "type": "time", "interval": "1 m", "rate": 1 } ]
    },
    "flags": [ "OVERSIZE", "HOOD", "WATERPROOF", "OUTER", "VARSIZE" ]
  },
  {
    "id": "acs_74_stealth_cloak_on",
    "copy-from": "acs_74_stealth_cloak",
    "type": "TOOL_ARMOR",
    "name": { "str": "ACS-74 stealth cloak (on)", "str_pl": "ACS-74 stealth cloaks (on)" },
    "description": "An experimental cloak with a destructive interference system, creating pitch-black darkness around you.  Creatures that can see in the dark will still spot you, but it will fool most things.  A network of miniature alphavolatics make it self-charging but only able to sustain short bursts of use.  It's currently on, activate to turn it back off.",
    "turns_per_charge": 1,
    "revert_to": "acs_74_stealth_cloak",
    "use_action": { "target": "acs_74_stealth_cloak", "msg": "The cloak flickers and powers down.", "type": "transform" }
  },
  {
    "type": "mutation",
    "id": "C_MUTE_BOOTS",
    "name": { "str": "Soundwave Disruption" },
    "points": 99,
    "valid": false,
    "description": "Your equipment is actively eliminating the sounds of your footsteps.",
    "player_display": false,
    "noise_modifier": 0.0
  },
  {
    "id": "boots_stealth",
    "type": "TOOL_ARMOR",
    "name": { "str": "pair of mute boots", "str_pl": "pairs of mute boots" },
    "description": "Experimental reinforced boots that completely silence your steps, but also slow your movement.",
    "weight": "1280 g",
    "volume": "2500 ml",
    "price": "260 USD",
    "price_postapoc": "26 USD",
    "to_hit": -1,
    "bashing": 1,
    "phase": "solid",
    "material": [ "kevlar", "leather" ],
    "symbol": "[",
    "looks_like": "boots_combat",
    "color": "dark_gray",
    "covers": [ "feet" ],
    "coverage": 100,
    "encumbrance": 18,
    "warmth": 25,
    "material_thickness": 3,
    "environmental_protection": 2,
    "relic_data": { "passive_effects": [ { "has": "WORN", "condition": "ALWAYS", "mutations": [ "C_MUTE_BOOTS" ] } ] },
    "flags": [ "VARSIZE", "WATERPROOF", "STURDY" ]
  },
  {
    "type": "effect_type",
    "id": "c_clairvoyance",
    "name": [ "Radiogenic Vision" ],
    "desc": [ "You can currently see through walls.  The rads this thing is giving off probably isn't good for you, by the way." ],
    "flags": [ "EFFECT_CLAIRVOYANCE" ]
  },
  {
    "id": "goggles_nv_clairvoyance",
    "type": "TOOL_ARMOR",
    "name": { "str": "pair of radiogenic goggles", "str_pl": "pair of radiogenic goggles" },
    "description": "Experimental goggles that use gamma radiation emitters, allowing the user to see through walls and in the dark.  Prolonged use is not recommended due to danger of radiation poisoning.",
    "weight": "158 g",
    "volume": "500 ml",
    "price": "260 USD",
    "price_postapoc": "26 USD",
    "to_hit": -3,
    "phase": "solid",
    "material": [ "plastic", "steel" ],
    "symbol": "[",
    "color": "dark_gray",
    "covers": [ "eyes" ],
    "coverage": 100,
    "encumbrance": 30,
    "warmth": 10,
    "material_thickness": 4,
    "environmental_protection": 5,
    "relic_data": {
      "passive_effects": [ { "has": "WORN", "condition": "ACTIVE", "ench_effects": [ { "effect": "c_clairvoyance", "intensity": 1 } ] } ]
    },
    "flags": [ "GNV_EFFECT", "WATERPROOF", "STURDY", "RADIOACTIVE", "LIGHT_25" ]
  },
  {
    "id": "lmil_armor",
    "type": "ARMOR",
    "name": { "str_sp": "light sentinel armor" },
    "description": "A fairly light full-body suit of gray ballistic armor, one size fits most, with separate helmet.  Made from a fabric bodysuit with advanced composite plates, it is relatively easy to move in but protection is minimal, only rated for pistol-caliber rounds and fragmentation.  It also has two adjustable pouches for various sizes of magazines.",
    "weight": "9045 g",
    "volume": "10250 ml",
    "price": "1600 USD",
    "price_postapoc": "16 USD",
    "to_hit": -3,
    "bashing": 5,
    "material": [ "c_superalloy_composite", "cotton" ],
    "symbol": "[",
    "color": "dark_gray",
    "looks_like": "power_armor_light",
    "covers": [ "torso", "arms", "hands", "legs", "feet" ],
    "coverage": 100,
    "encumbrance": 12,
    "warmth": 30,
    "material_thickness": 1,
    "environmental_protection": 5,
    "//": "Designed to be able to hold military atomic cells.",
    "use_action": {
      "type": "holster",
      "holster_prompt": "Stash magazine",
      "holster_msg": "You stash your %s.",
      "multi": 2,
      "min_volume": "35 ml",
      "max_volume": "1500 ml",
      "draw_cost": 40,
      "flags": [ "MAG_COMPACT", "MAG_BULKY" ]
    },
    "valid_mods": [ "resized_large" ],
    "flags": [ "STURDY", "NO_SALVAGE" ]
  },
  {
    "id": "mil_armor",
    "type": "ARMOR",
    "name": { "str_sp": "sentinel armor" },
    "description": "A full-body suit of gray ballistic armor, one size fits most, with separate helmet.  Made with leather lining and advanced composite plates, it provides adequate protection against anything up to intermediate caliber ammunition, but may fail against full-power rifle rounds.  It also has two adjustable pouches for various sizes of magazines.",
    "weight": "11700 g",
    "volume": "11250 ml",
    "price": "1750 USD",
    "price_postapoc": "1750 cent",
    "to_hit": -3,
    "bashing": 5,
    "material": [ "c_superalloy_composite_medium", "leather" ],
    "symbol": "[",
    "color": "dark_gray",
    "looks_like": "power_armor_basic",
    "covers": [ "torso", "arms", "hands", "legs", "feet" ],
    "coverage": 100,
    "encumbrance": 24,
    "warmth": 30,
    "material_thickness": 1,
    "environmental_protection": 5,
    "//": "Designed to be able to hold military atomic cells.",
    "use_action": {
      "type": "holster",
      "holster_prompt": "Stash magazine",
      "holster_msg": "You stash your %s.",
      "multi": 2,
      "min_volume": "35 ml",
      "max_volume": "1500 ml",
      "draw_cost": 40,
      "flags": [ "MAG_COMPACT", "MAG_BULKY" ]
    },
    "valid_mods": [ "resized_large" ],
    "flags": [ "STURDY", "NO_SALVAGE" ]
  },
  {
    "id": "hmil_armor",
    "type": "ARMOR",
    "name": { "str_sp": "heavy sentinel armor" },
    "description": "A heavy-duty full-body suit of gray ballistic armor, one size fits most, with separate helmet.  Made from heavy-duty lining with advanced plating, it protects the body rather well against most rifle rounds, but may be too cumbersome for most situations.  It also has two adjustable pouches for various sizes of magazines.",
    "weight": "20250 g",
    "volume": "13500 ml",
    "price": "2000 USD",
    "price_postapoc": "20 USD",
    "to_hit": -3,
    "bashing": 5,
    "material": [ "c_superalloy_composite_heavy", "steel" ],
    "symbol": "[",
    "color": "dark_gray",
    "looks_like": "power_armor_heavy",
    "covers": [ "torso", "arms", "hands", "legs", "feet" ],
    "coverage": 100,
    "encumbrance": 36,
    "warmth": 30,
    "material_thickness": 1,
    "environmental_protection": 5,
    "//": "Designed to be able to hold military atomic cells.",
    "use_action": {
      "type": "holster",
      "holster_prompt": "Stash magazine",
      "holster_msg": "You stash your %s.",
      "multi": 2,
      "min_volume": "35 ml",
      "max_volume": "1500 ml",
      "draw_cost": 40,
      "flags": [ "MAG_COMPACT", "MAG_BULKY" ]
    },
    "valid_mods": [ "resized_large" ],
    "flags": [ "STURDY", "NONCONDUCTIVE", "NO_SALVAGE" ]
  },
  {
    "id": "lmil_helm",
    "type": "ARMOR",
    "name": { "str_sp": "light sentinel helmet" },
    "description": "A fairly light full-face ballistic helmet, one size fits most.  Made from a fabric lining with advanced composite plates, it is only rated for pistol-caliber rounds and fragmentation.",
    "weight": "1005 g",
    "volume": "1 L",
    "price": "1600 USD",
    "price_postapoc": "16 USD",
    "to_hit": -2,
    "bashing": 2,
    "material": [ "c_superalloy_composite", "cotton" ],
    "symbol": "[",
    "color": "dark_gray",
    "looks_like": "power_armor_helmet_light",
    "covers": [ "head", "eyes", "mouth" ],
    "coverage": 100,
    "encumbrance": 12,
    "warmth": 30,
    "material_thickness": 1,
    "environmental_protection": 5,
    "valid_mods": [ "resized_large" ],
    "flags": [ "STURDY", "NO_SALVAGE" ]
  },
  {
    "id": "mil_helm",
    "type": "ARMOR",
    "name": { "str_sp": "sentinel helmet" },
    "description": "A full-face ballistic helmet, one size fits most.  Made with leather lining and advanced composite plates, it provides adequate protection against anything up to intermediate caliber ammunition.",
    "weight": "1300 g",
    "volume": "1250 ml",
    "price": "1750 USD",
    "price_postapoc": "1750 cent",
    "to_hit": -2,
    "bashing": 2,
    "material": [ "c_superalloy_composite_medium", "leather" ],
    "symbol": "[",
    "color": "dark_gray",
    "looks_like": "power_armor_helmet_basic",
    "covers": [ "head", "eyes", "mouth" ],
    "coverage": 100,
    "encumbrance": 24,
    "warmth": 30,
    "material_thickness": 1,
    "environmental_protection": 5,
    "valid_mods": [ "resized_large" ],
    "flags": [ "STURDY", "NO_SALVAGE" ]
  },
  {
    "id": "hmil_helm",
    "type": "ARMOR",
    "name": { "str_sp": "heavy sentinel helmet" },
    "description": "A heavy-duty full-face ballistic helmet, one size fits most.  Made from heavy-duty lining with advanced plating, it protects the head rather well against most rifle rounds.",
    "weight": "2250 g",
    "volume": "1500 ml",
    "price": "2000 USD",
    "price_postapoc": "20 USD",
    "to_hit": -2,
    "bashing": 2,
    "material": [ "c_superalloy_composite_heavy", "steel" ],
    "symbol": "[",
    "color": "dark_gray",
    "looks_like": "power_armor_helmet_heavy",
    "covers": [ "head", "eyes", "mouth" ],
    "coverage": 100,
    "encumbrance": 36,
    "warmth": 30,
    "material_thickness": 1,
    "environmental_protection": 5,
    "valid_mods": [ "resized_large" ],
    "flags": [ "STURDY", "NO_SALVAGE" ]
  },
  {
    "id": "fancy_house_coat",
    "copy-from": "house_coat",
    "repairs_like": "house_coat",
    "type": "ARMOR",
    "name": { "str": "designer bathrobe" },
    "description": "An outer garment of absorbent, towel-like material traditionally worn to cover one's nakedness to and from the bath.  It makes you wish you had running water to bathe with.  This one has a golden logo of a now irrelevant fashion company sewn on.",
    "extend": { "flags": [ "FANCY" ] }
  },
  {
    "id": "fancy_bra",
    "copy-from": "bra",
    "repairs_like": "bra",
    "type": "ARMOR",
    "name": { "str": "designer bra" },
    "description": "A luxurious designer bra.  Serves its purpose and feels good on you.",
    "extend": { "flags": [ "FANCY" ] }
  },
  {
    "id": "fancy_panties",
    "copy-from": "panties",
    "repairs_like": "panties",
    "type": "ARMOR",
    "name": { "str_sp": "designer panties" },
    "description": "A luxurious set of designer panties. Preserves your modesty and feels good on you.",
    "extend": { "flags": [ "FANCY" ] }
  },
  {
    "id": "fancy_briefs",
    "copy-from": "briefs",
    "repairs_like": "briefs",
    "type": "ARMOR",
    "name": { "str_sp": "designer briefs" },
    "description": "A pair of designer briefs.  Comfortable and fashionable underwear worn by men.",
    "extend": { "flags": [ "FANCY" ] }
  },
  {
    "id": "fancy_boxer_shorts",
    "copy-from": "boxer_shorts",
    "repairs_like": "boxer_shorts",
    "type": "ARMOR",
    "name": { "str_sp": "designer boxer shorts" },
    "description": "Men's designer boxer shorts.  Much more fashionable than briefs and just as comfortable.",
    "extend": { "flags": [ "FANCY" ] }
  },
  {
    "id": "fancy_boxer_briefs",
    "copy-from": "boxer_briefs",
    "repairs_like": "boxer_briefs",
    "type": "ARMOR",
    "name": { "str_sp": "designer boxer briefs" },
    "description": "The age-old question, boxers or briefs?  Your answer?  Yes, the fancy kind.",
    "extend": { "flags": [ "FANCY" ] }
  },
  {
    "id": "bikini_bottom_leather",
    "copy-from": "bikini_bottom",
    "repairs_like": "bikini_bottom",
    "type": "ARMOR",
    "name": { "str": "leather bikini bottom" },
    "description": "A simple leather bikini bottom.",
    "material": [ "leather" ],
    "warmth": 5,
    "extend": { "flags": [ "FANCY", "WATER_FRIENDLY" ] }
  },
  {
    "id": "bikini_bottom_fur",
    "copy-from": "bikini_bottom",
    "repairs_like": "bikini_bottom",
    "type": "ARMOR",
    "name": { "str": "fur bikini bottom" },
    "description": "A simple fur bikini bottom.",
    "material": [ "fur" ],
    "warmth": 10,
    "extend": { "flags": [ "FANCY", "WATER_FRIENDLY" ] }
  },
  {
    "id": "thong",
    "copy-from": "panties",
    "repairs_like": "panties",
    "type": "ARMOR",
    "name": { "str": "thong" },
    "description": "Women's underwear that covers a little less than normal in exchange for stares.",
    "coverage": 5,
    "warmth": 0,
    "extend": { "flags": [ "FANCY" ] }
  },
  {
    "id": "dress_skirt",
    "copy-from": "skirt",
    "repairs_like": "jeans",
    "type": "ARMOR",
    "name": { "str": "dress skirt" },
    "description": "A short yet professional looking cotton skirt.  Somewhat easy to move in, but has no pockets.",
    "storage": 0,
    "extend": { "flags": [ "FANCY" ] }
  },
  {
    "id": "microskirt",
    "copy-from": "skirt",
    "repairs_like": "jeans",
    "type": "ARMOR",
    "name": { "str": "microskirt" },
    "description": "A skirt that is on the short side.  No pockets but it is comfortable to wear.",
    "storage": 0,
    "coverage": 30
  },
  {
    "id": "dress_pants",
    "copy-from": "pants",
    "repairs_like": "jeans",
    "type": "ARMOR",
    "name": { "str": "dress pants" },
    "description": "A pair of khaki pants.  Slightly warmer than jeans and much more professional than normal pants.",
    "extend": { "flags": [ "FANCY" ] }
  },
  {
    "type": "mutation",
    "id": "C_MIGO_HEAT_BONUS",
    "name": { "str": "Carapace Armor Cooling" },
    "points": 99,
    "valid": false,
    "description": "This is used to make salvaged carapace armor provide further cooling if overheating.",
    "player_display": false,
    "bodytemp_modifiers": [ -1000, 0 ]
  },
  {
    "id": "c_mi_go_carapace_salvaged",
    "looks_like": "rm13_armor",
    "type": "TOOL_ARMOR",
    "symbol": "[",
    "color": "green",
    "name": { "str": "salvaged carapace armor" },
    "description": "A second skin of alien sinew and steel support, covered in armor plates made of resin.  Salvaged using pre-cataclysm research into other living weaponry, it's been practically mutilated to fit a human (or mutant) wearer.  Activating it will reduce the suit's encumbrance, make your attacks faster, enhance strength and dexterity, protect the wearer from toxic gas, serve as a rebreather, enhance stamina and carry capacity, and provide some protection from outside temperature.  Recharges in sunlight, being active will also gradually fatigue the user and affect healthiness, plus render them more vulnerable to electric shocks.",
    "flags": [ "OVERSIZE", "STURDY", "SKINTIGHT", "HELMET_COMPAT", "SWIM_GOGGLES", "SUN_GLASSES", "ONLY_ONE" ],
    "price_postapoc": "80 USD",
    "material": [ "alien_resin", "flesh", "steel" ],
    "weight": "20 kg",
    "volume": "25 L",
    "to_hit": -3,
    "max_charges": 100,
    "use_action": {
      "type": "transform",
      "msg": "The carapace comes to life, spiracles dilating as environmental seals close.",
      "target": "c_mi_go_carapace_salvaged_on",
      "active": true,
      "need_worn": true,
      "need_charges": 1,
      "need_charges_msg": "The carapace suit doesn't respond, evidently out of energy."
    },
    "relic_data": {
      "passive_effects": [
        {
          "has": "WORN",
          "condition": "ACTIVE",
          "values": [
            { "value": "STRENGTH", "add": 2 },
            { "value": "DEXTERITY", "add": 1 },
            { "value": "ATTACK_COST", "multiply": -0.25 },
            { "value": "ARMOR_ELEC", "multiply": 0.5 }
          ],
          "ench_effects": [ { "effect": "c_mi_go_carapace_stamina", "intensity": 1 } ],
          "mutations": [ "C_MIGO_HEAT_BONUS" ]
        }
      ],
      "recharge_scheme": [ { "type": "solar", "interval": "1 m", "rate": 1 } ]
    },
    "covers": [ "head", "mouth", "eyes", "torso", "arms", "hands", "legs", "feet" ],
    "warmth": 10,
    "environmental_protection": 5,
    "encumbrance": 30,
    "coverage": 100,
    "material_thickness": 4
  },
  {
    "id": "c_mi_go_carapace_salvaged_on",
    "copy-from": "c_mi_go_carapace_salvaged",
    "type": "TOOL_ARMOR",
    "name": { "str": "salvaged carapace armor (on)", "str_pl": "salvaged carapace armors (on)" },
    "description": "A second skin of alien sinew and steel support, covered in armor plates made of resin.  Salvaged using pre-cataclysm research into other living weaponry, it's been practically mutilated to fit a human (or mutant) wearer.  Currently active, it enhances strength and dexterity, make your attacks faster, protects the wearer from toxic gas, serves as a rebreather, enhances stamina and carry capacity, and provides some protection from outside temperature.  Recharges in sunlight, being active also gradually fatigues the user and affects healthiness, plus renders them more vulnerable to electric shocks.",
    "turns_per_charge": 150,
    "revert_to": "c_mi_go_carapace_salvaged",
    "use_action": {
      "target": "c_mi_go_carapace_salvaged",
      "msg": "The suit's sinews go slack, releasing you from its grasp.",
      "type": "transform"
    },
    "warmth": 0,
    "environmental_protection": 15,
    "encumbrance": 10,
    "weight_capacity_modifier": 1.5,
    "extend": { "flags": [ "WATERPROOF", "RAINPROOF", "CLIMATE_CONTROL", "GAS_PROOF", "REBREATHER", "NO_TAKEOFF" ] }
  },
  {
    "id": "c_mi_go_wings_salvaged",
    "type": "TOOL_ARMOR",
    "symbol": "[",
    "color": "green",
    "name": { "str": "set of salvaged exo-wings", "str_pl": "sets of salvaged exo-wings" },
    "description": "A harness from which jut thin, green iridescent wings, steel wires and joints meshed with thick alien nervous cords.  Salvaged using pre-cataclysm research into other living weaponry, it's been heavily altered to fit a human (or mutant) wearer.  Activating it will grant immunity to falling damage and vastly speed up movement.  It seems to recharge from sunlight, and being active will also gradually fatigue the user.",
    "flags": [ "OVERSIZE", "STURDY", "WAIST", "COMPACT", "ONLY_ONE" ],
    "price_postapoc": "40 USD",
    "material": [ "alien_resin", "flesh", "steel" ],
    "weight": "2 kg",
    "volume": "5 L",
    "to_hit": -3,
    "max_charges": 100,
    "use_action": {
      "type": "transform",
      "msg": "The exo-wings whir to life, becoming a fluttering blur of green and gray.",
      "target": "c_mi_go_wings_salvaged_on",
      "active": true,
      "need_worn": true,
      "need_charges": 1,
      "need_charges_msg": "The exo-wings don't respond, evidently out of energy."
    },
    "relic_data": {
      "passive_effects": [
        {
          "has": "WORN",
          "condition": "ACTIVE",
          "values": [ { "value": "MOVE_COST", "multiply": -0.5 }, { "value": "BONUS_DODGE", "add": 5 } ],
          "ench_effects": [ { "effect": "c_mi_go_wings_immunity", "intensity": 1 } ]
        }
      ],
      "recharge_scheme": [ { "type": "solar", "interval": "1 m", "rate": 1 } ]
    },
    "covers": [ "torso" ],
    "encumbrance": 10,
    "coverage": 40,
    "material_thickness": 2
  },
  {
    "id": "c_mi_go_wings_salvaged_on",
    "copy-from": "c_mi_go_wings_salvaged",
    "type": "TOOL_ARMOR",
    "name": { "str": "set of salvaged exo-wings (on)", "str_pl": "sets of salvaged exo-wings (on)" },
    "description": "A set of thin, green iridescent wings, steel wires and joints meshed with thick alien nervous cords.  They are currently buzzing with life, greatly speeding up movement and enhancing dodge as well as granting immunity to falling damage, in exchange for increased fatigue gain.",
    "turns_per_charge": 75,
    "revert_to": "c_mi_go_wings_salvaged",
    "use_action": { "target": "c_mi_go_wings_salvaged", "msg": "The exo-wings go limp as they shut down.", "type": "transform" },
    "encumbrance": 0,
    "extend": { "flags": [ "NO_TAKEOFF" ] }
  },
  {
    "id": "cowboy_hat_surv",
    "copy-from": "cowboy_hat",
    "type": "ARMOR",
    "name": { "str": "survivor cowboy hat" },
    "description": "A wide-brimmed hat that's been modified with kevlar padding, and bandolier loops sewn onto the hat band.  Perfect for holding a few cartridges somewhere out of the way, its adjustable loops fitting a wide variety of ammunition.",
    "weight": "420 g",
    "price_postapoc": 500,
    "material": [ "leather", "cotton", "kevlar" ],
    "coverage": 75,
    "encumbrance": 20,
    "warmth": 10,
    "material_thickness": 4,
    "valid_mods": [ "steel_padded", "alloy_padded" ],
    "use_action": {
      "type": "bandolier",
      "capacity": 12,
      "ammo": [
        "32",
        "762x25",
        "38",
        "357mag",
        "357sig",
        "380",
        "38super",
        "40",
        "10mm",
        "44",
        "45",
        "45colt",
        "46",
        "57",
        "9x18",
        "9mm",
        "454",
        "460",
        "500",
        "22",
        "223",
        "270win",
        "300blk",
        "5x50",
        "545x39",
        "3006",
        "308",
        "300",
        "762",
        "762R",
        "8x40mm",
        "4570",
        "50",
        "700nx",
        "410shot",
        "shot",
        "20x66mm",
        "signal_flare",
        "flintlock",
        "flintlockshot",
        "36paper",
        "44paper",
        "blunderbuss",
        "shotcanister",
        "shotpaper"
      ],
      "draw_cost": 30
    },
    "extend": { "effects": [ "STURDY" ] }
  },
  {
    "type": "ARMOR",
    "id": "legrig_surv",
    "name": { "str": "survivor leg rig" },
    "description": "A custom set of low-slung adjustable straps and rings, designed to secure a variety of equipment strapped to the legs.  Its straps can handle a wide range of short blades, firearms, magazines, and most items that would fit on a tool belt.  Activate it to store up to 4 items.",
    "weight": "250 g",
    "volume": "1500 ml",
    "price": "100 USD",
    "price_postapoc": "5 USD",
    "rigid": false,
    "material": [ "cotton", "leather" ],
    "symbol": "[",
    "looks_like": "legrig",
    "color": "dark_gray",
    "covers": [ "legs" ],
    "coverage": 20,
    "encumbrance": 2,
    "max_encumbrance": 6,
    "material_thickness": 1,
    "use_action": {
      "type": "holster",
      "holster_prompt": "Stash item",
      "holster_msg": "You stash your %s.",
      "multi": 4,
      "min_volume": "50 ml",
      "max_volume": "2 L",
      "skills": [ "pistol", "smg", "shotgun", "rifle" ],
      "flags": [ "SHEATH_KNIFE", "BELT_CLIP", "SHEATH_SWORD", "MAG_COMPACT", "MAG_BULKY", "SPEEDLOADER" ]
    },
    "flags": [ "WATER_FRIENDLY", "BELTED", "COMPACT", "OVERSIZE", "NO_QUICKDRAW" ]
  },
  {
    "type": "mutation",
    "id": "C_MOVE_NOISE",
    "name": { "str": "makeshift hydraulic armor Noise" },
    "points": 99,
    "valid": false,
    "description": "This is used to make the player a lot less stealthy, but also punch harder on top of the armor's strength bonus.",
    "player_display": false,
    "noise_modifier": 5.0,
    "stealth_modifier": -10,
    "scent_intensity": 1200,
    "rand_bash_bonus": { "min": 3, "max": 6 }
  },
  {
    "id": "c_power_armor_surv",
    "type": "TOOL_ARMOR",
    "category": "clothing",
    "symbol": "[",
    "color": "dark_gray",
    "looks_like": "rm13_armor",
    "name": { "str": "makeshift hydraulic armor" },
    "description": "An incredibly heavy suit of steel and kevlar plates covering a network of hydraulics, driven by pieces of a stripped-down diesel engine jury-rigged to assist the wearer's movements.  When running it will increase your strength and raw speed, allowing you to fire heavy weapons unsupported, plus make it less encumbering to wear, but the motors make things warm and make stealth harder.",
    "flags": [ "OVERSIZE", "STURDY", "OUTER", "ALLOWS_NATURAL_ATTACKS" ],
    "price": "500 USD",
    "price_postapoc": "50 USD",
    "material": [ "steel", "kevlar_rigid" ],
    "weight": "50 kg",
    "volume": "40 L",
    "to_hit": -3,
    "max_charges": 2000,
    "ammo": [ "diesel", "lamp_oil", "motor_oil", "jp8" ],
    "relic_data": {
      "passive_effects": [
        {
          "has": "WORN",
          "condition": "ACTIVE",
          "values": [ { "value": "STRENGTH", "add": 4 }, { "value": "SPEED", "add": 10 } ],
          "mutations": [ "C_MOVE_NOISE" ]
        }
      ]
    },
    "charges_per_use": 1,
    "use_action": {
      "type": "fireweapon_off",
      "target_id": "c_power_armor_surv_on",
      "moves": 100,
      "noise": 60,
      "success_chance": 2,
      "success_message": "Your makeshift hydraulic armor roars to life, servos kicking into gear!",
      "failure_message": "Your armor sputters but fails to start up.",
      "lacks_fuel_message": "You work your armor's starter, but nothing happens."
    },
    "covers": [ "head", "mouth", "eyes", "torso", "arms", "hands", "legs", "feet" ],
    "warmth": 15,
    "environmental_protection": 3,
    "encumbrance": 45,
    "coverage": 90,
    "material_thickness": 8
  },
  {
    "id": "c_power_armor_surv_on",
    "copy-from": "c_power_armor_surv",
    "repairs_like": "c_power_armor_surv",
    "type": "TOOL_ARMOR",
    "name": { "str": "makeshift hydraulic armor (on)", "str_pl": "makeshift hydraulic armors (on)" },
    "description": "An incredibly heavy suit of steel and kevlar plates covering a network of hydraulics, driven by pieces of a stripped-down diesel engine jury-rigged to assist the wearer's movements.  It's currently active, strengthening the wearer, allowing you to fire heavy weapons unsupported, increasing raw speed and making the armor less encumbering, but also being warmer and making stealth more difficult.",
    "extend": { "effects": [ "TRADER_AVOID", "HEAVY_WEAPON_SUPPORT" ] },
    "//": "power_draw does not actually work sanely for non-battery items, so value fits for roughly how many turns one unit of the weakest allowed fuel would last at twice the power draw of vanilla power armor, rounded down.",
    "turns_per_charge": 6,
    "revert_to": "c_power_armor_surv",
    "use_action": [
      {
        "type": "fireweapon_on",
        "noise": 30,
        "noise_chance": 5,
        "noise_message": "Your armor whirs with activity.",
        "voluntary_extinguish_message": "You shut the makeshift hydraulic armor off.",
        "charges_extinguish_message": "Your makeshift hydraulic armor sputters and dies!",
        "water_extinguish_message": "Your armor's engine floods and cuts out!"
      }
    ],
    "warmth": 45,
    "encumbrance": 15,
    "weight_capacity_modifier": 2
  },
  {
    "id": "c_power_armor_surv_superalloy",
    "copy-from": "c_power_armor_surv",
    "type": "ARMOR",
    "name": { "str": "makeshift superalloy hydraulic armor" },
    "description": "A heavy suit of superalloy and kevlar plates covering a network of hydraulics, driven by pieces of a stripped-down diesel engine jury-rigged to assist the wearer's movements.  When running it will increase your strength and raw speed, allowing you to fire heavy weapons unsupported, plus make it less encumbering to wear, but the motors make things warm and make stealth harder.",
    "material": [ "superalloy", "kevlar_rigid" ],
    "color": "light_cyan",
    "encumbrance": 40,
    "proportional": { "weight": 0.6, "price": 2, "price_postapoc": 2 },
    "use_action": {
      "type": "fireweapon_off",
      "target_id": "c_power_armor_surv_superalloy_on",
      "moves": 100,
      "noise": 60,
      "success_chance": 2,
      "success_message": "Your makeshift superalloy hydraulic armor roars to life, servos kicking into gear!",
      "failure_message": "Your armor sputters but fails to start up.",
      "lacks_fuel_message": "You work your armor's starter, but nothing happens."
    }
  },
  {
    "id": "c_power_armor_surv_superalloy_on",
    "copy-from": "c_power_armor_surv_superalloy",
    "repairs_like": "c_power_armor_surv_superalloy",
    "type": "TOOL_ARMOR",
    "name": { "str": "makeshift superalloy hydraulic armor (on)", "str_pl": "makeshift superalloy hydraulic armors (on)" },
    "description": "A heavy suit of superalloy and kevlar plates covering a network of hydraulics, driven by pieces of a stripped-down diesel engine jury-rigged to assist the wearer's movements.  It's currently active, strengthening the wearer, allowing you to fire heavy weapons unsupported, increasing raw speed and making the armor less encumbering, but also being warmer and making stealth more difficult.",
    "extend": { "effects": [ "TRADER_AVOID", "HEAVY_WEAPON_SUPPORT" ] },
    "//": "turns_per_charge increased over standard version since lighter suit takes less effort to power.",
    "turns_per_charge": 10,
    "revert_to": "c_power_armor_surv_superalloy",
    "use_action": [
      {
        "type": "fireweapon_on",
        "noise": 30,
        "noise_chance": 5,
        "noise_message": "Your armor whirs with activity.",
        "voluntary_extinguish_message": "You shut the makeshift hydraulic armor off.",
        "charges_extinguish_message": "Your makeshift superalloy hydraulic armor sputters and dies!",
        "water_extinguish_message": "Your armor's engine floods and cuts out!"
      }
    ],
    "warmth": 45,
    "encumbrance": 10,
    "weight_capacity_modifier": 2
  },
  {
    "id": "shield_riot_surv",
    "copy-from": "shield_riot",
    "type": "ARMOR",
    "name": { "str": "survivor's tactical shield" },
    "description": "A large but fairly light plastic shield, layered with kevlar to better protect the user.  It's still not very effective against bullets, but also less encumbering than a proper ballistic shield.",
    "weight": "5 kg",
    "price": "250 USD",
    "price_postapoc": "30 USD",
    "bashing": 5,
    "material": [ "plastic", "kevlar_rigid" ],
    "encumbrance": 20,
    "material_thickness": 5,
    "environmental_protection": 5
  },
  {
    "id": "shield_welded_surv",
    "type": "ARMOR",
    "name": { "str": "makeshift ballistic pavise" },
    "description": "A heavy shield made from armor plates and kevlar lining, welded to a framework that helps distribute the weight.  It leaves you free to operate two-handed weapons, even letting you brace heavy weapons to fire without mounting terrain, but is still absurdly heavy and encumbering.",
    "weight": "25 kg",
    "volume": "5 L",
    "price_postapoc": "5 USD",
    "to_hit": -4,
    "bashing": 16,
    "material": [ "steel", "kevlar_rigid" ],
    "symbol": "[",
    "color": "blue",
    "looks_like": "shield_welded",
    "covers": [ "arm_either", "leg_either" ],
    "coverage": 90,
    "encumbrance": 45,
    "material_thickness": 8,
    "techniques": [ "WBLOCK_3" ],
    "flags": [ "OVERSIZE", "BELTED", "ONLY_ONE", "BLOCK_WHILE_WORN", "HEAVY_WEAPON_SUPPORT", "POWERARMOR_COMPATIBLE" ]
  },
  {
    "id": "shield_welded_surv_superalloy",
    "copy-from": "shield_welded_surv",
    "type": "ARMOR",
    "name": { "str": "makeshift superalloy ballistic pavise" },
    "description": "A shield made from superalloy plates and kevlar lining, welded to a framework that helps distribute the weight.  It leaves you free to operate two-handed weapons, even letting you brace heavy weapons to fire without mounting terrain, but is still very heavy and encumbering.",
    "material": [ "superalloy", "kevlar_rigid" ],
    "color": "light_cyan",
    "encumbrance": 40,
    "//": "No pre-apoc price to modify since post-cata makeshift item",
    "proportional": { "weight": 0.6, "price_postapoc": 2 }
  }
]
