[
  {
    "id": "encyclopedia_mechanics",
    "type": "BOOK",
    "looks_like": "textbook_chemistry",
    "name": { "str_sp": "Rebuilding Civilization: Mechanics" },
    "description": "The mechanics volume of the Rebuilding Civilization encyclopedia.  This book contains everything from simple machines to the inner workings of submarine engines in extremely fine detail.  This book is so technical, longwinded and dry that even bookworms and fast readers would find it hard to read.  Literally any other book on the subject would be a more efficient way to learn but if the books you have are missing specific information then this is a good substitute until you find something better.",
    "weight": "1800 g",
    "volume": "2000 ml",
    "price": "100 USD",
    "price_postapoc": "10 USD",
    "bashing": 4,
    "material": [ "paper" ],
    "symbol": "?",
    "color": "blue",
    "skill": "mechanics",
    "required_level": 0,
    "max_level": 10,
    "intelligence": 12,
    "time": "180 m",
    "fun": -5
  },
  {
    "id": "encyclopedia_fabrication",
    "type": "BOOK",
    "looks_like": "textbook_chemistry",
    "name": { "str_sp": "Rebuilding Civilization: Fabrication" },
    "description": "The fabrication volume of the Rebuilding Civilization encyclopedia.  This book contains everything from creating how to create simple stone tools to the creation of the pyramids of Egypt in fine detail.  This book is so technical, longwinded and dry that even bookworms and fast readers would find it hard to read.  Literally any other book on the subject would be a more efficient way to learn but if the books you have are missing specific information then this is a good substitute until you find something better.",
    "weight": "1800 g",
    "volume": "2000 ml",
    "price": "100 USD",
    "price_postapoc": "10 USD",
    "bashing": 4,
    "material": [ "paper" ],
    "symbol": "?",
    "color": "blue",
    "skill": "fabrication",
    "required_level": 0,
    "max_level": 10,
    "intelligence": 12,
    "time": "180 m",
    "fun": -5
  },
  {
    "id": "encyclopedia_archery",
    "type": "BOOK",
    "looks_like": "textbook_chemistry",
    "name": { "str_sp": "Rebuilding Civilization: Archery" },
    "description": "The archery volume of the Rebuilding Civilization encyclopedia.  This book contains everything from correct positioning to the usage of advanced bows in fine detail.  This book is so technical, longwinded and dry that even bookworms and fast readers would find it hard to read.  Literally any other book on the subject would be a more efficient way to learn but if the books you have are missing specific information then this is a good substitute until you find something better.",
    "weight": "1800 g",
    "volume": "2000 ml",
    "price": "100 USD",
    "price_postapoc": "10 USD",
    "bashing": 4,
    "material": [ "paper" ],
    "symbol": "?",
    "color": "blue",
    "skill": "archery",
    "required_level": 0,
    "max_level": 10,
    "intelligence": 12,
    "time": "180 m",
    "fun": -5
  },
  {
    "id": "encyclopedia_barter",
    "type": "BOOK",
    "looks_like": "textbook_chemistry",
    "name": { "str_sp": "Rebuilding Civilization: Barter" },
    "description": "The bartering volume of the Rebuilding Civilization encyclopedia.  This book contains everything from what supplies are worth more after the cataclysm to what economic system to use in your new society in fine detail.  This book is so technical, longwinded and dry that even bookworms and fast readers would find it hard to read.  Literally any other book on the subject would be a more efficient way to learn but if the books you have are missing specific information then this is a good substitute until you find something better.",
    "weight": "1800 g",
    "volume": "2000 ml",
    "price": "100 USD",
    "price_postapoc": "10 USD",
    "bashing": 4,
    "material": [ "paper" ],
    "symbol": "?",
    "color": "blue",
    "skill": "barter",
    "required_level": 0,
    "max_level": 10,
    "intelligence": 12,
    "time": "180 m",
    "fun": -5
  },
  {
    "id": "encyclopedia_bashing",
    "type": "BOOK",
    "looks_like": "textbook_chemistry",
    "name": { "str_sp": "Rebuilding Civilization: Bashing Weapons" },
    "description": "The bashing weapons volume of the Rebuilding Civilization encyclopedia.  This book contains everything from self defense with a pipe to the proper swinging technique for a sledge hammer in fine detail.  This book is so technical, longwinded and dry that even bookworms and fast readers would find it hard to read.  Literally any other book on the subject would be a more efficient way to learn but if the books you have are missing specific information then this is a good substitute until you find something better.",
    "weight": "1800 g",
    "volume": "2000 ml",
    "price": "100 USD",
    "price_postapoc": "10 USD",
    "bashing": 4,
    "material": [ "paper" ],
    "symbol": "?",
    "color": "blue",
    "skill": "bashing",
    "required_level": 0,
    "max_level": 10,
    "intelligence": 12,
    "time": "180 m",
    "fun": -5
  },
  {
    "id": "encyclopedia_computer",
    "type": "BOOK",
    "looks_like": "textbook_chemistry",
    "name": { "str_sp": "Rebuilding Civilization: Computers" },
    "description": "The computer volume of the Rebuilding Civilization encyclopedia.  This book contains everything from basic programming to cyber security algorithms in fine detail.  This book is so technical, longwinded and dry that even bookworms and fast readers would find it hard to read.  Literally any other book on the subject would be a more efficient way to learn but if the books you have are missing specific information then this is a good substitute until you find something better.",
    "weight": "1800 g",
    "volume": "2000 ml",
    "price": "100 USD",
    "price_postapoc": "10 USD",
    "bashing": 4,
    "material": [ "paper" ],
    "symbol": "?",
    "color": "blue",
    "skill": "computer",
    "required_level": 0,
    "max_level": 10,
    "intelligence": 12,
    "time": "180 m",
    "fun": -5
  },
  {
    "id": "encyclopedia_cooking",
    "type": "BOOK",
    "looks_like": "textbook_chemistry",
    "name": { "str_sp": "Rebuilding Civilization: Cooking" },
    "description": "The cooking volume of the Rebuilding Civilization encyclopedia.  This book contains everything from cooking small game to basic chemistry in fine detail.  This book is so technical, longwinded and dry that even bookworms and fast readers would find it hard to read.  Literally any other book on the subject would be a more efficient way to learn but if the books you have are missing specific information then this is a good substitute until you find something better.",
    "weight": "1800 g",
    "volume": "2000 ml",
    "price": "100 USD",
    "price_postapoc": "10 USD",
    "bashing": 4,
    "material": [ "paper" ],
    "symbol": "?",
    "color": "blue",
    "skill": "cooking",
    "required_level": 0,
    "max_level": 10,
    "intelligence": 12,
    "time": "180 m",
    "fun": -5
  },
  {
    "id": "encyclopedia_cutting",
    "type": "BOOK",
    "looks_like": "textbook_chemistry",
    "name": { "str_sp": "Rebuilding Civilization: Cutting Weapons" },
    "description": "The cutting weapons volume of the Rebuilding Civilization encyclopedia.  This book contains everything from using a glass shiv to medieval swordsmanship in fine detail.  This book is so technical, longwinded and dry that even bookworms and fast readers would find it hard to read.  Literally any other book on the subject would be a more efficient way to learn but if the books you have are missing specific information then this is a good substitute until you find something better.",
    "weight": "1800 g",
    "volume": "2000 ml",
    "price": "100 USD",
    "price_postapoc": "10 USD",
    "bashing": 4,
    "material": [ "paper" ],
    "symbol": "?",
    "color": "blue",
    "skill": "cutting",
    "required_level": 0,
    "max_level": 10,
    "intelligence": 12,
    "time": "180 m",
    "fun": -5
  },
  {
    "id": "encyclopedia_dodge",
    "type": "BOOK",
    "looks_like": "textbook_chemistry",
    "name": { "str_sp": "Rebuilding Civilization: Dodging" },
    "description": "The dodging volume of the Rebuilding Civilization encyclopedia.  This book contains everything from dancing for beginners to parkour in fine detail.  This book is so technical, longwinded and dry that even bookworms and fast readers would find it hard to read.  Literally any other book on the subject would be a more efficient way to learn but if the books you have are missing specific information then this is a good substitute until you find something better.",
    "weight": "1800 g",
    "volume": "2000 ml",
    "price": "100 USD",
    "price_postapoc": "10 USD",
    "bashing": 4,
    "material": [ "paper" ],
    "symbol": "?",
    "color": "blue",
    "skill": "dodge",
    "required_level": 0,
    "max_level": 10,
    "intelligence": 12,
    "time": "180 m",
    "fun": -5
  },
  {
    "id": "encyclopedia_driving",
    "type": "BOOK",
    "looks_like": "textbook_chemistry",
    "name": { "str_sp": "Rebuilding Civilization: Driving" },
    "description": "The driving volume of the Rebuilding Civilization encyclopedia.  This book contains everything from acquiring a driving license to professional racing in fine detail.  This book is so technical, longwinded and dry that even bookworms and fast readers would find it hard to read.  Literally any other book on the subject would be a more efficient way to learn but if the books you have are missing specific information then this is a good substitute until you find something better.",
    "weight": "1800 g",
    "volume": "2000 ml",
    "price": "100 USD",
    "price_postapoc": "10 USD",
    "bashing": 4,
    "material": [ "paper" ],
    "symbol": "?",
    "color": "blue",
    "skill": "driving",
    "required_level": 0,
    "max_level": 10,
    "intelligence": 12,
    "time": "180 m",
    "fun": -5
  },
  {
    "id": "encyclopedia_electronics",
    "type": "BOOK",
    "looks_like": "textbook_chemistry",
    "name": { "str_sp": "Rebuilding Civilization: Electronics" },
    "description": "The electronics volume of the Rebuilding Civilization encyclopedia.  This book contains everything from simple circuits to military robotics in fine detail.  This book is so technical, longwinded and dry that even bookworms and fast readers would find it hard to read.  Literally any other book on the subject would be a more efficient way to learn but if the books you have are missing specific information then this is a good substitute until you find something better.",
    "weight": "1800 g",
    "volume": "2000 ml",
    "price": "100 USD",
    "price_postapoc": "10 USD",
    "bashing": 4,
    "material": [ "paper" ],
    "symbol": "?",
    "color": "blue",
    "skill": "electronics",
    "required_level": 0,
    "max_level": 10,
    "intelligence": 12,
    "time": "180 m",
    "fun": -5
  },
  {
    "id": "encyclopedia_firstaid",
    "type": "BOOK",
    "looks_like": "textbook_chemistry",
    "name": { "str_sp": "Rebuilding Civilization: First Aid" },
    "description": "The first aid volume of the Rebuilding Civilization encyclopedia.  This book contains everything from proper bandage application to exploratory surgery in fine detail.  This book is so technical, longwinded and dry that even bookworms and fast readers would find it hard to read.  Literally any other book on the subject would be a more efficient way to learn but if the books you have are missing specific information then this is a good substitute until you find something better.",
    "weight": "1800 g",
    "volume": "2000 ml",
    "price": "100 USD",
    "price_postapoc": "10 USD",
    "bashing": 4,
    "material": [ "paper" ],
    "symbol": "?",
    "color": "blue",
    "skill": "firstaid",
    "required_level": 0,
    "max_level": 10,
    "intelligence": 12,
    "time": "180 m",
    "fun": -5
  },
  {
    "id": "encyclopedia_gun",
    "type": "BOOK",
    "looks_like": "textbook_chemistry",
    "name": { "str_sp": "Rebuilding Civilization: Marksmanship" },
    "description": "The marksmanship volume of the Rebuilding Civilization encyclopedia.  This book contains everything from proper iron sight aiming to military sniper techniques in fine detail.  This book is so technical, longwinded and dry that even bookworms and fast readers would find it hard to read.  Literally any other book on the subject would be a more efficient way to learn but if the books you have are missing specific information then this is a good substitute until you find something better.",
    "weight": "1800 g",
    "volume": "2000 ml",
    "price": "100 USD",
    "price_postapoc": "10 USD",
    "bashing": 4,
    "material": [ "paper" ],
    "symbol": "?",
    "color": "blue",
    "skill": "gun",
    "required_level": 0,
    "max_level": 10,
    "intelligence": 12,
    "time": "180 m",
    "fun": -5
  },
  {
    "id": "encyclopedia_launcher",
    "type": "BOOK",
    "looks_like": "textbook_chemistry",
    "name": { "str_sp": "Rebuilding Civilization: Launchers" },
    "description": "The launchers volume of the Rebuilding Civilization encyclopedia.  This book contains everything from the use of spraycan flamethrowers to recoiless rifles in fine detail.  This book is so technical, longwinded and dry that even bookworms and fast readers would find it hard to read.  Literally any other book on the subject would be a more efficient way to learn but if the books you have are missing specific information then this is a good substitute until you find something better.",
    "weight": "1800 g",
    "volume": "2000 ml",
    "price": "100 USD",
    "price_postapoc": "10 USD",
    "bashing": 4,
    "material": [ "paper" ],
    "symbol": "?",
    "color": "blue",
    "skill": "launcher",
    "required_level": 0,
    "max_level": 10,
    "intelligence": 12,
    "time": "180 m",
    "fun": -5
  },
  {
    "id": "encyclopedia_melee",
    "type": "BOOK",
    "looks_like": "textbook_chemistry",
    "name": { "str_sp": "Rebuilding Civilization: Melee Combat" },
    "description": "The melee combat volume of the Rebuilding Civilization encyclopedia.  This book contains everything from using a branch to martial arts techniques in fine detail.  This book is so technical, longwinded and dry that even bookworms and fast readers would find it hard to read.  Literally any other book on the subject would be a more efficient way to learn but if the books you have are missing specific information then this is a good substitute until you find something better.",
    "weight": "1800 g",
    "volume": "2000 ml",
    "price": "100 USD",
    "price_postapoc": "10 USD",
    "bashing": 4,
    "material": [ "paper" ],
    "symbol": "?",
    "color": "blue",
    "skill": "melee",
    "required_level": 0,
    "max_level": 10,
    "intelligence": 12,
    "time": "180 m",
    "fun": -5
  },
  {
    "id": "encyclopedia_pistol",
    "type": "BOOK",
    "looks_like": "textbook_chemistry",
    "name": { "str": "Rebuilding Civilization: Pistols", "str_pl": "Rebuilding Civilization: Pistols" },
    "description": "The pistols volume of the Rebuilding Civilization encyclopedia.  This book contains everything from using zip pistols to laser pistols in fine detail.  This book is so technical, longwinded and dry that even bookworms and fast readers would find it hard to read.  Literally any other book on the subject would be a more efficient way to learn but if the books you have are missing specific information then this is a good substitute until you find something better.",
    "weight": "1800 g",
    "volume": "2000 ml",
    "price": "100 USD",
    "price_postapoc": "10 USD",
    "bashing": 4,
    "material": [ "paper" ],
    "symbol": "?",
    "color": "blue",
    "skill": "pistol",
    "required_level": 0,
    "max_level": 10,
    "intelligence": 12,
    "time": "180 m",
    "fun": -5
  },
  {
    "id": "encyclopedia_rifle",
    "type": "BOOK",
    "looks_like": "textbook_chemistry",
    "name": { "str_sp": "Rebuilding Civilization: Rifles" },
    "description": "The rifles volume of the Rebuilding Civilization encyclopedia.  This book contains everything from using zip rifles to laser rifles in fine detail.  This book is so technical, longwinded and dry that even bookworms and fast readers would find it hard to read.  Literally any other book on the subject would be a more efficient way to learn but if the books you have are missing specific information then this is a good substitute until you find something better.",
    "weight": "1800 g",
    "volume": "2000 ml",
    "price": "100 USD",
    "price_postapoc": "10 USD",
    "bashing": 4,
    "material": [ "paper" ],
    "symbol": "?",
    "color": "blue",
    "skill": "rifle",
    "required_level": 0,
    "max_level": 10,
    "intelligence": 12,
    "time": "180 m",
    "fun": -5
  },
  {
    "id": "encyclopedia_shotgun",
    "type": "BOOK",
    "looks_like": "textbook_chemistry",
    "name": { "str_sp": "Rebuilding Civilization: Shotguns" },
    "description": "The shotguns volume of the Rebuilding Civilization encyclopedia.  This book contains everything from using zip shotguns to laser scatter guns in fine detail.  This book is so technical, longwinded and dry that even bookworms and fast readers would find it hard to read.  Literally any other book on the subject would be a more efficient way to learn but if the books you have are missing specific information then this is a good substitute until you find something better.",
    "weight": "1800 g",
    "volume": "2000 ml",
    "price": "100 USD",
    "price_postapoc": "10 USD",
    "bashing": 4,
    "material": [ "paper" ],
    "symbol": "?",
    "color": "blue",
    "skill": "shotgun",
    "required_level": 0,
    "max_level": 10,
    "intelligence": 12,
    "time": "180 m",
    "fun": -5
  },
  {
    "id": "encyclopedia_smg",
    "type": "BOOK",
    "looks_like": "textbook_chemistry",
    "name": { "str_sp": "Rebuilding Civilization: Sub Machineguns" },
    "description": "The sub machineguns volume of the Rebuilding Civilization encyclopedia.  This book contains everything from using makeshift smgs to automatic laser carbines in fine detail.  This book is so technical, longwinded and dry that even bookworms and fast readers would find it hard to read.  Literally any other book on the subject would be a more efficient way to learn but if the books you have are missing specific information then this is a good substitute until you find something better.",
    "weight": "1800 g",
    "volume": "2000 ml",
    "price": "100 USD",
    "price_postapoc": "10 USD",
    "bashing": 4,
    "material": [ "paper" ],
    "symbol": "?",
    "color": "blue",
    "skill": "smg",
    "required_level": 0,
    "max_level": 10,
    "intelligence": 12,
    "time": "180 m",
    "fun": -5
  },
  {
    "id": "encyclopedia_speech",
    "type": "BOOK",
    "looks_like": "textbook_chemistry",
    "name": { "str_sp": "Rebuilding Civilization: Speech" },
    "description": "The speech volume of the Rebuilding Civilization encyclopedia.  This book contains everything from recruiting survivors to running for political office in fine detail.  This book is so technical, longwinded and dry that even bookworms and fast readers would find it hard to read.  Literally any other book on the subject would be a more efficient way to learn but if the books you have are missing specific information then this is a good substitute until you find something better.",
    "weight": "1800 g",
    "volume": "2000 ml",
    "price": "100 USD",
    "price_postapoc": "10 USD",
    "bashing": 4,
    "material": [ "paper" ],
    "symbol": "?",
    "color": "blue",
    "skill": "speech",
    "required_level": 0,
    "max_level": 10,
    "intelligence": 12,
    "time": "180 m",
    "fun": -5
  },
  {
    "id": "encyclopedia_stabbing",
    "type": "BOOK",
    "looks_like": "textbook_chemistry",
    "name": { "str_sp": "Rebuilding Civilization: Piercing Weapons" },
    "description": "The piercing weapons volume of the Rebuilding Civilization encyclopedia.  This book contains everything from using switchblades to spear combat in fine detail.  This book is so technical, longwinded and dry that even bookworms and fast readers would find it hard to read.  Literally any other book on the subject would be a more efficient way to learn but if the books you have are missing specific information then this is a good substitute until you find something better.",
    "weight": "1800 g",
    "volume": "2000 ml",
    "price": "100 USD",
    "price_postapoc": "10 USD",
    "bashing": 4,
    "material": [ "paper" ],
    "symbol": "?",
    "color": "blue",
    "skill": "stabbing",
    "required_level": 0,
    "max_level": 10,
    "intelligence": 12,
    "time": "180 m",
    "fun": -5
  },
  {
    "id": "encyclopedia_survival",
    "type": "BOOK",
    "looks_like": "textbook_chemistry",
    "name": { "str_sp": "Rebuilding Civilization: Survival" },
    "description": "The survival volume of the Rebuilding Civilization encyclopedia.  This book contains everything from camping to survival on a deserted island in fine detail.  This book is so technical, longwinded and dry that even bookworms and fast readers would find it hard to read.  Literally any other book on the subject would be a more efficient way to learn but if the books you have are missing specific information then this is a good substitute until you find something better.",
    "weight": "1800 g",
    "volume": "2000 ml",
    "price": "100 USD",
    "price_postapoc": "10 USD",
    "bashing": 4,
    "material": [ "paper" ],
    "symbol": "?",
    "color": "blue",
    "skill": "survival",
    "required_level": 0,
    "max_level": 10,
    "intelligence": 12,
    "time": "180 m",
    "fun": -5
  },
  {
    "id": "encyclopedia_swimming",
    "type": "BOOK",
    "looks_like": "textbook_chemistry",
    "name": { "str_sp": "Rebuilding Civilization: Swimming" },
    "description": "The swimming volume of the Rebuilding Civilization encyclopedia.  This book contains everything from recreational swimming to crossing rivers in fine detail.  This book is so technical, longwinded and dry that even bookworms and fast readers would find it hard to read.  Literally any other book on the subject would be a more efficient way to learn but if the books you have are missing specific information then this is a good substitute until you find something better.",
    "weight": "1800 g",
    "volume": "2000 ml",
    "price": "100 USD",
    "price_postapoc": "10 USD",
    "bashing": 4,
    "material": [ "paper" ],
    "symbol": "?",
    "color": "blue",
    "skill": "swimming",
    "required_level": 0,
    "max_level": 10,
    "intelligence": 12,
    "time": "180 m",
    "fun": -5
  },
  {
    "id": "encyclopedia_tailor",
    "type": "BOOK",
    "looks_like": "textbook_chemistry",
    "name": { "str_sp": "Rebuilding Civilization: Tailoring" },
    "description": "The tailoring volume of the Rebuilding Civilization encyclopedia.  This book contains everything from fixing clothing tears to fashion designing in fine detail.  This book is so technical, longwinded and dry that even bookworms and fast readers would find it hard to read.  Literally any other book on the subject would be a more efficient way to learn but if the books you have are missing specific information then this is a good substitute until you find something better.",
    "weight": "1800 g",
    "volume": "2000 ml",
    "price": "100 USD",
    "price_postapoc": "10 USD",
    "bashing": 4,
    "material": [ "paper" ],
    "symbol": "?",
    "color": "blue",
    "skill": "tailor",
    "required_level": 0,
    "max_level": 10,
    "intelligence": 12,
    "time": "180 m",
    "fun": -5
  },
  {
    "id": "encyclopedia_throw",
    "type": "BOOK",
    "looks_like": "textbook_chemistry",
    "name": { "str_sp": "Rebuilding Civilization: Throwing" },
    "description": "The throwing volume of the Rebuilding Civilization encyclopedia.  This book contains everything from throwing stones to spear hunting in fine detail.  This book is so technical, longwinded and dry that even bookworms and fast readers would find it hard to read.  Literally any other book on the subject would be a more efficient way to learn but if the books you have are missing specific information then this is a good substitute until you find something better.",
    "weight": "1800 g",
    "volume": "2000 ml",
    "price": "100 USD",
    "price_postapoc": "10 USD",
    "bashing": 4,
    "material": [ "paper" ],
    "symbol": "?",
    "color": "blue",
    "skill": "throw",
    "required_level": 0,
    "max_level": 10,
    "intelligence": 12,
    "time": "180 m",
    "fun": -5
  },
  {
    "id": "encyclopedia_traps",
    "type": "BOOK",
    "looks_like": "textbook_chemistry",
    "name": { "str_sp": "Rebuilding Civilization: Traps" },
    "description": "The traps volume of the Rebuilding Civilization encyclopedia.  This book contains everything from spike pits to disarming landmines in fine detail.  This book is so technical, longwinded and dry that even bookworms and fast readers would find it hard to read.  Literally any other book on the subject would be a more efficient way to learn but if the books you have are missing specific information then this is a good substitute until you find something better.",
    "weight": "1800 g",
    "volume": "2000 ml",
    "price": "100 USD",
    "price_postapoc": "10 USD",
    "bashing": 4,
    "material": [ "paper" ],
    "symbol": "?",
    "color": "blue",
    "skill": "traps",
    "required_level": 0,
    "max_level": 10,
    "intelligence": 12,
    "time": "180 m",
    "fun": -5
  },
  {
    "id": "encyclopedia_unarmed",
    "type": "BOOK",
    "looks_like": "textbook_chemistry",
    "name": { "str_sp": "Rebuilding Civilization: Unarmed Combat" },
    "description": "The unarmed volume of the Rebuilding Civilization encyclopedia.  This book contains everything from self defense techniques to MMA fighting in fine detail.  This book is so technical, longwinded and dry that even bookworms and fast readers would find it hard to read.  Literally any other book on the subject would be a more efficient way to learn but if the books you have are missing specific information then this is a good substitute until you find something better.",
    "weight": "1800 g",
    "volume": "2000 ml",
    "price": "100 USD",
    "price_postapoc": "10 USD",
    "bashing": 4,
    "material": [ "paper" ],
    "symbol": "?",
    "color": "blue",
    "skill": "unarmed",
    "required_level": 0,
    "max_level": 10,
    "intelligence": 12,
    "time": "180 m",
    "fun": -5
  },
  {
    "id": "evil_invitation",
    "type": "BOOK",
    "name": { "str": "introduction packet - classified", "str_pl": "introduction packets - classified" },
    "description": "This is a journal with what seems to be an invitation of some sort from some unknown organization.  While its contents are rather boring to read, some bits offer promises of 'forbidden knowledge' and that said contents are 'just a taste of true power'…  Science has definitely gone too far…",
    "weight": "1700 g",
    "volume": "500 ml",
    "price": "500 USD",
    "price_postapoc": "10 USD",
    "material": [ "paper" ],
    "symbol": "?",
    "color": "light_red",
    "skill": "fabrication",
    "required_level": 8,
    "max_level": 10,
    "intelligence": 12,
    "time": "45 m",
    "fun": -1,
    "flags": [ "TRADER_AVOID", "BOOK_CANNIBAL" ]
  },
  {
    "id": "omnitech_weapon_ups_manual",
    "type": "BOOK",
    "name": { "str": "Omnitech UPS conversion manual" },
    "description": "This is a booklet dealing the instructions on how to convert an Omnitech laser weapon from using atomic batteries to use UPS power.  If you can find one of the kits mentioned, you could replicate the steps on this booklet.",
    "weight": "1700 g",
    "volume": "500 ml",
    "price": "500 USD",
    "price_postapoc": "10 USD",
    "material": [ "paper" ],
    "symbol": "?",
    "color": "light_red",
    "skill": "fabrication",
    "required_level": 8,
    "max_level": 10,
    "intelligence": 12,
    "time": "45 m",
    "fun": -1
  },
  {
    "type": "GENERIC",
    "id": "note_apophis",
    "looks_like": "survnote",
    "category": "books",
    "symbol": ",",
    "color": "white",
    "name": { "str": "printed note" },
    "snippet_category": "note_apophis",
    "description": "A scrap of paper.  Something's been printed on it.",
    "material": [ "paper" ],
    "flags": [ "TRADER_AVOID", "SNIPPET_NEEDS_LITERACY" ],
    "weight": "3 g",
    "volume": "1 ml"
  },
  {
    "type": "GENERIC",
    "id": "note_sketchy_cabin",
    "looks_like": "survnote",
    "category": "books",
    "symbol": ",",
    "color": "white",
    "name": { "str": "folded note" },
    "snippet_category": "note_sketchy_cabin",
    "description": "A scrap of paper, hastily folded up.  Something's been scribbled on it.",
    "material": [ "paper" ],
    "flags": [ "TRADER_AVOID", "SNIPPET_NEEDS_LITERACY" ],
    "weight": "3 g",
    "volume": "1 ml"
  }
]
