[
  {
    "type": "COMESTIBLE",
    "id": "gas_slime_scrap",
    "category": "other",
    "name": { "str": "gasoline synthesizing blob glob" },
    "weight": "276 g",
    "color": "light_red",
    "addiction_type": "none",
    "use_action": "POISON",
    "comestible_type": "FOOD",
    "symbol": "%",
    "nutrition": 20,
    "description": "A piece of glob that has begun to create gasoline when exposed to the sun.  The gasoline it creates is too mixed up with the glob to be extracted but is still flammable.",
    "material": [ "hydrocarbons" ],
    "volume": "250 ml",
    "phase": "solid",
    "charges": 1,
    "fun": -10
  },
  {
    "id": "iv_mutagen_super_soldier",
    "copy-from": "iv_mutagen_flavor",
    "type": "COMESTIBLE",
    "name": { "str_sp": "nano-mutagenic serum" },
    "description": "A experimental, super-concentrated cocktail of mutagen and nanomachines.  Vanishingly rare and potentially quite potent in effect.  You need a syringe to inject it… if you really want to?",
    "price": "20000 USD",
    "color": "red",
    "charges": 2,
    "stack_size": 1,
    "healthy": -2,
    "use_action": { "type": "mutagen_iv", "mutation_category": "SUPER_SOLDIER" }
  }
]
