[
  {
    "type": "effect_type",
    "id": "rtg_induction_radiation",
    "max_duration": "2 m",
    "base_mods": { "rad_min": [ 1 ] }
  },
  {
    "type": "effect_type",
    "id": "adrenaline_bioweapon",
    "name": [ "Exertion", "Bloodlust" ],
    "desc": [ "You feel worn out and empty inside.", "You thirst for blood!" ],
    "apply_message": "You feel an unnatural surge of adrenaline!",
    "rating": "good",
    "decay_messages": [ [ "Your bloodlust wears off.  You feel AWFUL!", "bad" ] ],
    "miss_messages": [ [ "Your weariness throws you off.", 1 ] ],
    "max_duration": "200 s",
    "max_intensity": 2,
    "int_dur_factor": "180 s",
    "removes_effects": [ "winded", "bleed" ],
    "base_mods": {
      "speed_mod": [ -15 ],
      "str_mod": [ -2 ],
      "dex_mod": [ -2 ],
      "int_mod": [ -2 ],
      "per_mod": [ -1 ],
      "stamina_min": [ -2 ]
    },
    "scaling_mods": { "speed_mod": [ 30 ], "str_mod": [ 4 ], "dex_mod": [ 4 ], "int_mod": [ -1 ], "per_mod": [ 1 ], "stamina_min": [ 4 ] }
  },
  {
    "type": "effect_type",
    "id": "biostim_side_effects",
    "name": [ "Biostim", "Biostim Overdose" ],
    "desc": [
      "Your muscles feel abnormally tense and it's hard to sit still.",
      "Your heart feels like it's going a mile a minute, and every muscle in your body is sore."
    ],
    "apply_message": "You feel your muscles tensing up with a surge of abnormal energy!",
    "remove_message": "The tension in your body finally fades back to some degree of normalcy.",
    "decay_messages": [ [ "The pain in your muscles goes back to just a dull tension.", "good" ] ],
    "max_duration": "3 h",
    "max_intensity": 2,
    "int_dur_factor": "121 m",
    "base_mods": {
      "speed_mod": [ 10 ],
      "str_mod": [ 1 ],
      "dex_mod": [ 1 ],
      "int_mod": [ -1 ],
      "per_mod": [ 1 ],
      "stamina_min": [ 5 ],
      "stim_tick": [ 25 ],
      "stim_chance": [ 10 ],
      "stim_min": [ 1 ]
    },
    "scaling_mods": {
      "speed_mod": [ -5 ],
      "str_mod": [ -1 ],
      "dex_mod": [ -2 ],
      "int_mod": [ -3 ],
      "per_mod": [ -3 ],
      "stamina_min": [ -3 ],
      "stim_chance": [ -6 ],
      "pain_chance": [ 100 ],
      "pain_min": [ 1 ],
      "pain_max": [ 3 ],
      "hurt_chance": [ 300 ],
      "hurt_min": [ 1 ],
      "hurt_max": [ 3 ],
      "vomit_chance": [ 600 ],
      "fatigue_chance": [ 250 ],
      "fatigue_min": [ 1 ]
    }
  },
  {
    "type": "effect_type",
    "id": "c_sentinel_phys",
    "removes_effects": [
      "poison",
      "badpoison",
      "paralyzepoison",
      "relax_gas",
      "migo_atmosphere",
      "pkill1",
      "pkill2",
      "pkill3",
      "pkill_l",
      "pkill",
      "drunk",
      "high",
      "weed_high",
      "depressants"
    ],
    "base_mods": { "pain_min": [ -1 ], "pain_tick": [ 60 ], "rad_min": [ -1 ], "rad_tick": [ 300 ] }
  },
  {
    "type": "effect_type",
    "id": "c_sentinel_ment",
    "removes_effects": [
      "dazed",
      "visuals",
      "hallu",
      "amigara",
      "fearparalyze",
      "shakes",
      "motor_seizure",
      "formication",
      "took_xanax",
      "took_xanax_visible",
      "took_prozac",
      "took_prozac_bad",
      "took_prozac_visible",
      "took_thorazine",
      "took_thorazine_bad",
      "took_thorazine_visible"
    ]
  },
  {
    "type": "effect_type",
    "id": "c_mi_go_beam_stamina",
    "name": [ "Powering Beam Weapon" ],
    "desc": [ "The salvaged stun emitter is wearing your body down a bit, presumably that's what powers it." ],
    "base_mods": { "stamina_min": [ -5 ], "speed_mod": [ -5 ] }
  },
  {
    "type": "effect_type",
    "id": "c_mi_go_carapace_stamina",
    "base_mods": {
      "stamina_min": [ 20 ],
      "fatigue_min": [ 1 ],
      "fatigue_tick": [ 300 ],
      "health_min": [ 1 ],
      "health_tick": [ 300 ],
      "h_mod_min": [ 1 ],
      "h_mod_tick": [ 300 ]
    }
  },
  {
    "type": "effect_type",
    "id": "c_bio_painrec",
    "base_mods": { "pain_min": [ -1 ], "pain_tick": [ 10 ] }
  },
  {
    "type": "effect_type",
    "id": "c_mi_go_wings_immunity",
    "removes_effects": [ "downed", "bouldering" ],
    "base_mods": { "fatigue_min": [ 1 ], "fatigue_tick": [ 300 ] },
    "flags": [ "EFFECT_FEATHER_FALL" ]
  },
  {
    "type": "effect_type",
    "id": "c_flesh_pistol_side_effect",
    "//": "For all of the flesh weapons, proc rate uses 500 seconds as a baseline, reduced by an amount equal to the weapon's base damage multiplied by its maximum burst size.",
    "base_mods": {
      "hunger_min": [ 1 ],
      "hunger_tick": [ 460 ],
      "health_min": [ -1 ],
      "health_tick": [ 460 ],
      "h_mod_min": [ -1 ],
      "h_mod_tick": [ 460 ]
    }
  },
  {
    "type": "effect_type",
    "id": "c_flesh_smg_side_effect",
    "base_mods": {
      "hunger_min": [ 1 ],
      "hunger_tick": [ 375 ],
      "health_min": [ -1 ],
      "health_tick": [ 375 ],
      "h_mod_min": [ -1 ],
      "h_mod_tick": [ 375 ]
    }
  },
  {
    "type": "effect_type",
    "id": "c_flesh_rifle_side_effect",
    "base_mods": {
      "hunger_min": [ 1 ],
      "hunger_tick": [ 320 ],
      "health_min": [ -1 ],
      "health_tick": [ 320 ],
      "h_mod_min": [ -1 ],
      "h_mod_tick": [ 320 ]
    }
  },
  {
    "type": "effect_type",
    "id": "c_flesh_lmg_side_effect",
    "base_mods": {
      "hunger_min": [ 1 ],
      "hunger_tick": [ 100 ],
      "health_min": [ -1 ],
      "health_tick": [ 100 ],
      "h_mod_min": [ -1 ],
      "h_mod_tick": [ 100 ]
    }
  },
  {
    "type": "effect_type",
    "id": "c_flesh_scattergun_side_effect",
    "base_mods": {
      "hunger_min": [ 1 ],
      "hunger_tick": [ 380 ],
      "health_min": [ -1 ],
      "health_tick": [ 380 ],
      "h_mod_min": [ -1 ],
      "h_mod_tick": [ 380 ]
    }
  }
]
