[
  {
    "id": "camping",
    "type": "item_group",
    "items": [ [ "hammer_multitool", 10 ], [ "parawatch", 10 ], [ "parabracelets", 10 ] ]
  },
  {
    "id": "sports",
    "type": "item_group",
    "items": [ [ "hammer_multitool", 10 ], [ "parawatch", 10 ], [ "parabracelets", 10 ] ]
  },
  {
    "id": "allsporting",
    "type": "item_group",
    "items": [ [ "hammer_multitool", 10 ], [ "parawatch", 10 ], [ "parabracelets", 10 ] ]
  },
  {
    "id": "gunmod_common",
    "type": "item_group",
    "items": [ [ "auto_case", 10 ], [ "22aux", 10 ], [ "9mmaux", 5 ], [ "45aux", 5 ] ]
  },
  {
    "id": "gunmod_rare",
    "type": "item_group",
    "items": [ { "group": "survivor_autocases_cataplus", "prob": 30 }, [ "22aux", 10 ], [ "9mmaux", 5 ], [ "45aux", 5 ] ]
  },
  {
    "id": "metal_workshop",
    "type": "item_group",
    "items": [ [ "auto_case", 20 ] ]
  },
  {
    "id": "cop_evidence",
    "type": "item_group",
    "items": [
      { "group": "survivor_autocases_cataplus", "prob": 25 },
      [ "22aux", 1 ],
      [ "9mmaux", 1 ],
      [ "45aux", 1 ],
      [ "aux_flamer_diesel", 1 ]
    ]
  },
  {
    "id": "contraband",
    "type": "item_group",
    "items": [ { "group": "survivor_autocases_cataplus", "prob": 25 }, [ "aux_flamer_diesel", 1 ] ]
  },
  {
    "id": "lmoe_guns",
    "type": "item_group",
    "items": [ { "group": "survivor_autocases_cataplus", "prob": 20 }, [ "22aux", 1 ], [ "9mmaux", 1 ], [ "45aux", 1 ] ]
  },
  {
    "id": "vault",
    "type": "item_group",
    "items": [
      { "group": "survivor_autocases_cataplus", "prob": 20 },
      [ "22aux", 1 ],
      [ "9mmaux", 1 ],
      [ "45aux", 1 ],
      { "group": "lmil_armor_collection", "prob": 1 },
      { "group": "mil_armor_collection", "prob": 1 },
      { "group": "hmil_armor_collection", "prob": 1 }
    ]
  },
  {
    "id": "mil_hw",
    "type": "item_group",
    "items": [
      { "group": "lmil_armor_collection", "prob": 2 },
      { "group": "mil_armor_collection", "prob": 2 },
      { "group": "hmil_armor_collection", "prob": 2 }
    ]
  },
  {
    "id": "military",
    "type": "item_group",
    "items": [ { "group": "c_military_spawn_special", "prob": 250 } ]
  },
  {
    "id": "c_military_spawn_special",
    "type": "item_group",
    "items": [
      { "group": "lmil_armor_collection", "prob": 20 },
      { "group": "mil_armor_collection", "prob": 10 },
      { "group": "hmil_armor_collection", "prob": 10 },
      {
        "item": "light_minus_atomic_battery_cell",
        "prob": 5,
        "charges": [ 0, 500 ],
        "container-item": "neo_laser_pistol"
      },
      { "item": "light_atomic_battery_cell", "prob": 5, "charges": [ 0, 1000 ], "container-item": "akro_laser_smg" },
      { "item": "medium_atomic_battery_cell", "prob": 5, "charges": [ 0, 5000 ], "container-item": "arc_laser_rifle" },
      { "item": "medium_atomic_battery_cell", "prob": 5, "charges": [ 0, 5000 ], "container-item": "mx_laser_sniper" },
      { "item": "heavy_atomic_battery_cell", "prob": 5, "charges": [ 0, 10000 ], "container-item": "krx_laser_lmg" },
      {
        "item": "medium_atomic_battery_cell",
        "prob": 5,
        "charges": [ 0, 5000 ],
        "container-item": "xarm_laser_shotgun"
      },
      { "item": "mk_ionic_cannon", "prob": 4, "charges": [ 0, 5 ] },
      { "item": "br_bolt_rifle_elec", "prob": 3, "charges": [ 0, 12 ] },
      { "item": "omnitech_plasma_pistol", "prob": 3, "charges": [ 0, 15 ] },
      [ "stim", 5 ],
      [ "megamap", 2 ],
      [ "boots_stealth", 2 ],
      [ "acs_74_stealth_cloak", 1 ],
      [ "iv_mutagen_super_soldier", 10 ]
    ]
  },
  {
    "id": "mil_surplus",
    "type": "item_group",
    "items": [ [ "mil_surp_pack_1", 1 ], [ "mil_surp_pack_2", 1 ], [ "mil_surp_pack_3", 1 ] ]
  },
  {
    "id": "survivorzed_suits",
    "type": "item_group",
    "items": [ [ "surv_suit", 4 ], [ "surv_armor_suit", 2 ], [ "c_power_armor_surv", 1 ] ]
  },
  {
    "id": "survivorzed_head",
    "type": "item_group",
    "items": [ [ "cowboy_hat_surv", 10 ] ]
  },
  {
    "id": "survivorzed_extra",
    "type": "item_group",
    "items": [ [ "survbowpack", 4 ], [ "legrig_surv", 4 ], [ "shield_riot_surv", 2 ], [ "shield_welded_surv", 1 ] ]
  },
  {
    "id": "mansion_bookcase",
    "type": "item_group",
    "subtype": "collection",
    "groups": [ [ "encylopedias_rare", 5 ] ]
  },
  {
    "id": "survivor_combative_books",
    "type": "item_group",
    "items": [ [ "manual_surv_com", 75 ], [ "manual_biojutsu", 20 ], [ "manual_mut_com", 5 ] ]
  },
  {
    "id": "encylopedias_rare",
    "type": "item_group",
    "items": [
      [ "encyclopedia_mechanics", 1 ],
      [ "encyclopedia_fabrication", 1 ],
      [ "encyclopedia_archery", 1 ],
      [ "encyclopedia_barter", 1 ],
      [ "encyclopedia_bashing", 1 ],
      [ "encyclopedia_computer", 1 ],
      [ "encyclopedia_cooking", 1 ],
      [ "encyclopedia_cutting", 1 ],
      [ "encyclopedia_dodge", 1 ],
      [ "encyclopedia_driving", 1 ],
      [ "encyclopedia_electronics", 1 ],
      [ "encyclopedia_firstaid", 1 ],
      [ "encyclopedia_gun", 1 ],
      [ "encyclopedia_launcher", 1 ],
      [ "encyclopedia_melee", 1 ],
      [ "encyclopedia_pistol", 1 ],
      [ "encyclopedia_rifle", 1 ],
      [ "encyclopedia_shotgun", 1 ],
      [ "encyclopedia_smg", 1 ],
      [ "encyclopedia_speech", 1 ],
      [ "encyclopedia_stabbing", 1 ],
      [ "encyclopedia_survival", 1 ],
      [ "encyclopedia_swimming", 1 ],
      [ "encyclopedia_tailor", 1 ],
      [ "encyclopedia_throw", 1 ],
      [ "encyclopedia_traps", 1 ],
      [ "encyclopedia_unarmed", 1 ]
    ]
  },
  {
    "id": "encylopedias_military",
    "type": "item_group",
    "items": [
      [ "encyclopedia_gun", 1 ],
      [ "encyclopedia_launcher", 1 ],
      [ "encyclopedia_pistol", 1 ],
      [ "encyclopedia_rifle", 1 ],
      [ "encyclopedia_shotgun", 1 ],
      [ "encyclopedia_smg", 1 ]
    ]
  },
  {
    "id": "encylopedias_survalist",
    "type": "item_group",
    "items": [
      [ "encyclopedia_archery", 1 ],
      [ "encyclopedia_bashing", 1 ],
      [ "encyclopedia_cooking", 1 ],
      [ "encyclopedia_cutting", 1 ],
      [ "encyclopedia_dodge", 1 ],
      [ "encyclopedia_firstaid", 1 ],
      [ "encyclopedia_melee", 1 ],
      [ "encyclopedia_survival", 1 ],
      [ "encyclopedia_stabbing", 1 ],
      [ "encyclopedia_swimming", 1 ],
      [ "encyclopedia_tailor", 1 ],
      [ "encyclopedia_throw", 1 ],
      [ "encyclopedia_traps", 1 ],
      [ "encyclopedia_unarmed", 1 ]
    ]
  },
  {
    "id": "encylopedias_industrial",
    "type": "item_group",
    "items": [ [ "encyclopedia_barter", 1 ], [ "encyclopedia_mechanics", 1 ], [ "encyclopedia_fabrication", 1 ] ]
  },
  {
    "id": "encylopedias_lab",
    "type": "item_group",
    "items": [
      [ "encyclopedia_mechanics", 1 ],
      [ "encyclopedia_fabrication", 1 ],
      [ "encyclopedia_computer", 1 ],
      [ "encyclopedia_cooking", 1 ],
      [ "encyclopedia_electronics", 1 ],
      [ "encyclopedia_firstaid", 1 ],
      [ "encyclopedia_speech", 1 ]
    ]
  },
  {
    "type": "item_group",
    "id": "book_gunref",
    "//": "Reference books about guns",
    "subtype": "distribution",
    "entries": [ { "group": "encylopedias_military", "prob": 5 } ]
  },
  {
    "type": "item_group",
    "id": "book_survival",
    "//": "Survival skill books weighted according to level",
    "subtype": "distribution",
    "entries": [ { "group": "encylopedias_survalist", "prob": 5 } ]
  },
  {
    "type": "item_group",
    "id": "hardware_books",
    "//": "texts and magazines likely to be found in hardware stores and other blue collar places.",
    "subtype": "distribution",
    "entries": [ { "group": "encylopedias_industrial", "prob": 5 } ]
  },
  {
    "id": "lab_bookshelves",
    "type": "item_group",
    "//": "Books you might find on personal or library bookshelves in a secret lab.",
    "subtype": "distribution",
    "entries": [ { "group": "encylopedias_lab", "prob": 10 } ]
  },
  {
    "id": "doctors_books",
    "type": "item_group",
    "subtype": "distribution",
    "entries": [ { "item": "encyclopedia_firstaid", "prob": 5 } ]
  },
  {
    "id": "tailorbooks",
    "type": "item_group",
    "subtype": "distribution",
    "entries": [ { "item": "encyclopedia_tailor", "prob": 5 } ]
  },
  {
    "id": "homebooks",
    "type": "item_group",
    "items": [ [ "recipe_surv", 1 ], { "group": "survivor_combative_books", "prob": 1 } ]
  },
  {
    "id": "manuals",
    "type": "item_group",
    "items": [ [ "recipe_surv", 1 ], { "group": "survivor_combative_books", "prob": 1 } ]
  },
  {
    "id": "mansion_books",
    "type": "item_group",
    "items": [ [ "recipe_surv", 2 ], { "group": "survivor_combative_books", "prob": 3 } ]
  },
  {
    "id": "shelter",
    "type": "item_group",
    "items": [ [ "recipe_surv", 1 ], { "group": "survivor_combative_books", "prob": 1 }, [ "biomap", 1 ] ]
  },
  {
    "id": "textbooks",
    "type": "item_group",
    "items": [ [ "recipe_surv", 2 ], { "group": "survivor_combative_books", "prob": 1 } ]
  },
  {
    "id": "gear_survival",
    "type": "item_group",
    "items": [ { "group": "encylopedias_rare", "prob": 5 }, [ "biomap", 1 ], [ "auto_case", 10 ] ]
  },
  {
    "id": "helicopter",
    "type": "item_group",
    "items": [
      [ "neo_laser_pistol", 2 ],
      [ "akro_laser_smg", 2 ],
      [ "arc_laser_rifle", 2 ],
      [ "krx_laser_lmg", 2 ],
      [ "mx_laser_sniper", 2 ],
      [ "xarm_laser_shotgun", 2 ],
      [ "br_bolt_rifle_elec", 2 ],
      [ "mk_ionic_cannon", 2 ],
      [ "omnitech_plasma_pistol", 1 ],
      [ "cbm_rtg_inductor", 1 ]
    ]
  },
  {
    "id": "science",
    "type": "item_group",
    "items": [
      {
        "distribution": [ { "item": "neo_laser_pistol", "prob": 50 }, { "item": "neo_laser_pistol_ups", "prob": 50 } ],
        "prob": 2
      },
      {
        "distribution": [ { "item": "akro_laser_smg", "prob": 50 }, { "item": "akro_laser_smg_ups", "prob": 50 } ],
        "prob": 2
      },
      {
        "distribution": [ { "item": "arc_laser_rifle", "prob": 50 }, { "item": "arc_laser_rifle_ups", "prob": 50 } ],
        "prob": 2
      },
      {
        "distribution": [ { "item": "krx_laser_lmg", "prob": 50 }, { "item": "krx_laser_lmg_ups", "prob": 50 } ],
        "prob": 2
      },
      {
        "distribution": [ { "item": "mx_laser_sniper", "prob": 50 }, { "item": "mx_laser_sniper_ups", "prob": 50 } ],
        "prob": 2
      },
      {
        "distribution": [ { "item": "xarm_laser_shotgun", "prob": 50 }, { "item": "xarm_laser_shotgun_ups", "prob": 50 } ],
        "prob": 2
      },
      [ "br_bolt_rifle_elec", 2 ],
      [ "mk_ionic_cannon", 2 ],
      [ "omnitech_plasma_pistol", 1 ],
      [ "megamap", 2 ],
      [ "stim", 5 ],
      [ "boots_stealth", 2 ],
      [ "acs_74_stealth_cloak", 1 ],
      [ "goggles_nv_clairvoyance", 2 ],
      [ "flesh_knife", 2 ],
      [ "flesh_pistol", 2 ],
      [ "flesh_weapon_kit", 2 ],
      [ "evil_invitation", 2 ],
      [ "omnitech_weapon_ups_kit", 2 ],
      [ "omnitech_weapon_ups_manual", 2 ],
      [ "blood_m", 2 ],
      [ "blood_p", 2 ],
      [ "anesthetic_kit", 2 ]
    ]
  },
  {
    "id": "rare",
    "type": "item_group",
    "items": [
      {
        "distribution": [ { "item": "neo_laser_pistol", "prob": 50 }, { "item": "neo_laser_pistol_ups", "prob": 50 } ],
        "prob": 2
      },
      {
        "distribution": [ { "item": "akro_laser_smg", "prob": 50 }, { "item": "akro_laser_smg_ups", "prob": 50 } ],
        "prob": 2
      },
      {
        "distribution": [ { "item": "arc_laser_rifle", "prob": 50 }, { "item": "arc_laser_rifle_ups", "prob": 50 } ],
        "prob": 2
      },
      {
        "distribution": [ { "item": "krx_laser_lmg", "prob": 50 }, { "item": "krx_laser_lmg_ups", "prob": 50 } ],
        "prob": 2
      },
      {
        "distribution": [ { "item": "mx_laser_sniper", "prob": 50 }, { "item": "mx_laser_sniper_ups", "prob": 50 } ],
        "prob": 2
      },
      {
        "distribution": [ { "item": "xarm_laser_shotgun", "prob": 50 }, { "item": "xarm_laser_shotgun_ups", "prob": 50 } ],
        "prob": 2
      },
      [ "br_bolt_rifle_elec", 2 ],
      [ "mk_ionic_cannon", 2 ],
      [ "omnitech_plasma_pistol", 1 ],
      [ "megamap", 2 ],
      [ "stim", 2 ],
      [ "boots_stealth", 2 ],
      [ "acs_74_stealth_cloak", 2 ],
      [ "goggles_nv_clairvoyance", 2 ],
      [ "blood_m", 1 ],
      [ "blood_p", 1 ],
      [ "cbm_rtg_inductor", 1 ]
    ]
  },
  {
    "id": "mut_lab",
    "type": "item_group",
    "items": [ [ "biomap", 4 ], [ "iv_mutagen_super_soldier", 1 ] ]
  },
  {
    "id": "mutagens",
    "type": "item_group",
    "items": [ [ "iv_mutagen_super_soldier", 1 ] ]
  },
  {
    "id": "mut_iv",
    "type": "item_group",
    "items": [ [ "iv_mutagen_super_soldier", 1 ] ]
  },
  {
    "id": "traveler",
    "type": "item_group",
    "items": [
      [ "biomap", 1 ],
      [ "dress_skirt", 25 ],
      [ "dress_pants", 25 ],
      [ "microskirt", 10 ],
      [ "fancy_bra", 10 ],
      [ "fancy_panties", 10 ],
      [ "thong", 5 ]
    ]
  },
  {
    "id": "bionics",
    "type": "item_group",
    "items": [
      [ "bio_laser_armgun", 10 ],
      [ "bio_sword", 5 ],
      [ "bio_flamethrower", 5 ],
      [ "bio_plasma_cell", 5 ],
      [ "bio_atomic_battery", 10 ],
      [ "bio_hazard_shield", 5 ],
      [ "bio_animal_empathy", 5 ],
      [ "bio_cutting_torch", 10 ]
    ]
  },
  {
    "id": "bionics_mil",
    "type": "item_group",
    "items": [
      [ "bio_laser_armgun", 10 ],
      [ "bio_sword", 2 ],
      [ "bio_flamethrower", 5 ],
      [ "bio_plasma_cell", 10 ],
      [ "bio_atomic_battery", 5 ],
      [ "bio_hazard_shield", 10 ],
      [ "bio_animal_empathy", 5 ],
      [ "bio_cutting_torch", 5 ]
    ]
  },
  {
    "id": "bionics_heavy_mil",
    "type": "item_group",
    "items": [ [ "bio_plasma_cell", 10 ], [ "bio_atomic_battery", 5 ], [ "bio_hazard_shield", 5 ], [ "bio_cutting_torch", 10 ] ]
  },
  {
    "id": "bionic_power_storage_mil",
    "type": "item_group",
    "items": [ [ "bio_power_storage_sentinel", 10 ] ]
  },
  {
    "id": "bionics_op",
    "type": "item_group",
    "items": [
      [ "bio_laser_armgun", 5 ],
      [ "bio_sword", 5 ],
      [ "bio_flamethrower", 5 ],
      [ "bio_plasma_cell", 20 ],
      [ "bio_atomic_battery", 5 ],
      [ "bio_hazard_shield", 5 ],
      [ "bio_animal_empathy", 10 ],
      [ "bio_cutting_torch", 5 ]
    ]
  },
  {
    "id": "bionics_tech",
    "type": "item_group",
    "items": [ [ "bio_atomic_battery", 10 ], [ "bio_cutting_torch", 20 ] ]
  },
  {
    "id": "bionics_subs",
    "type": "item_group",
    "items": [ [ "bio_atomic_battery", 5 ], [ "bio_plasma_cell", 5 ], [ "bio_hazard_shield", 5 ], [ "bio_cutting_torch", 10 ] ]
  },
  {
    "id": "bionics_survivalist",
    "type": "item_group",
    "items": [ [ "bio_atomic_battery", 5 ], [ "bio_hazard_shield", 5 ], [ "bio_animal_empathy", 5 ], [ "bio_cutting_torch", 10 ] ]
  },
  {
    "id": "female_underwear_top",
    "type": "item_group",
    "items": [ [ "fancy_bra", 10 ] ]
  },
  {
    "id": "female_underwear_bottom",
    "type": "item_group",
    "items": [ [ "fancy_panties", 20 ], [ "thong", 10 ], [ "bikini_bottom_fur", 3 ], [ "bikini_bottom_leather", 3 ] ]
  },
  {
    "type": "item_group",
    "id": "male_underwear_bottom",
    "items": [ [ "fancy_boxer_shorts", 10 ], [ "fancy_briefs", 10 ], [ "fancy_boxer_briefs", 10 ] ]
  },
  {
    "id": "allclothes",
    "type": "item_group",
    "items": [
      [ "dress_skirt", 25 ],
      [ "dress_pants", 25 ],
      [ "microskirt", 10 ],
      [ "fancy_bra", 10 ],
      [ "fancy_panties", 10 ],
      [ "thong", 10 ],
      { "item": "fancy_briefs", "prob": 5 },
      { "item": "fancy_boxer_briefs", "prob": 10 },
      { "item": "fancy_panties", "prob": 10 },
      { "item": "fancy_house_coat", "prob": 10 }
    ]
  },
  {
    "type": "item_group",
    "id": "swimmer_torso",
    "items": [ [ "bikini_top_fur", 10 ], [ "bikini_top_leather", 10 ] ]
  },
  {
    "type": "item_group",
    "id": "swimmer_pants",
    "items": [ [ "bikini_bottom_fur", 10 ], [ "bikini_bottom_leather", 10 ] ]
  },
  {
    "id": "underwear_womens",
    "type": "item_group",
    "//": "womens underwear.",
    "subtype": "distribution",
    "items": [
      { "item": "bikini_bottom", "prob": 15 },
      { "item": "bikini_bottom_fur", "prob": 5 },
      { "item": "bikini_bottom_leather", "prob": 5 },
      { "item": "fancy_bra", "prob": 30 },
      { "item": "fancy_panties", "prob": 30 },
      { "item": "thong", "prob": 20 }
    ]
  },
  {
    "id": "underwear_mens",
    "type": "item_group",
    "//": "mens underwear.",
    "subtype": "distribution",
    "items": [
      { "item": "fancy_boxer_briefs", "prob": 10 },
      { "item": "fancy_boxer_shorts", "prob": 10 },
      { "item": "fancy_briefs", "prob": 10 }
    ]
  },
  {
    "id": "pawn",
    "type": "item_group",
    "items": [ [ "dress_pants", 25 ], [ "dress_skirt", 25 ], [ "microskirt", 10 ] ]
  },
  {
    "id": "pants",
    "type": "item_group",
    "items": [ [ "dress_pants", 25 ], [ "dress_skirt", 25 ], [ "microskirt", 10 ] ]
  },
  {
    "id": "dead_slave_fighters",
    "type": "item_group",
    "subtype": "collection",
    "entries": [
      {
        "distribution": [
          { "group": "NC_GLADIATOR_LIGHT_worn", "prob": 50, "damage": [ 1, 4 ] },
          { "group": "NC_GLADIATOR_HEAVY_worn", "prob": 50, "damage": [ 1, 4 ] }
        ]
      },
      { "item": "corpse" }
    ]
  },
  {
    "type": "item_group",
    "id": "ambulance_equipment",
    "items": [ [ "anesthetic_kit", 5 ] ]
  },
  {
    "id": "survivor_cutting",
    "type": "item_group",
    "items": [ [ "greatsword_makeshift", 5 ] ]
  },
  {
    "id": "sketchy_cabin_weapons",
    "type": "item_group",
    "magazine": 100,
    "ammo": 100,
    "subtype": "distribution",
    "items": [
      { "group": "survivor_knife", "prob": 10 },
      { "group": "survivor_melee", "prob": 40 },
      { "group": "guns_improvised", "prob": 60 }
    ]
  },
  {
    "id": "sketchy_cabin_guard_weapons",
    "type": "item_group",
    "items": [
      { "group": "nested_makarov", "prob": 25 },
      { "group": "nested_ak47", "prob": 5 },
      { "group": "nested_ak74", "prob": 10 },
      { "group": "nested_sks", "prob": 10 },
      { "group": "nested_shotgun_d", "prob": 50 }
    ]
  },
  {
    "id": "sketchy_cabin_gore",
    "type": "item_group",
    "items": [
      { "item": "sinew", "prob": 30, "charges": [ 10, 20 ] },
      { "item": "bone_human", "prob": 40, "count": [ 4, 9 ] },
      [ "bag_body_bag", 10 ],
      [ "burnt_out_bionic", 20 ]
    ]
  },
  {
    "id": "sketchy_cabin_ashes",
    "type": "item_group",
    "items": [ { "item": "ash", "prob": 50, "charges": [ 50, 250 ] }, { "item": "meal_bone", "prob": 50, "charges": [ 5, 10 ] } ]
  },
  {
    "id": "guns_pistol_improvised",
    "type": "item_group",
    "items": [ [ "unbio_laser_gun", 5 ], { "item": "surv_battery_pistol", "prob": 25, "charges-min": 0, "charges-max": 50 } ]
  },
  {
    "id": "guns_smg_improvised",
    "type": "item_group",
    "items": [
      { "item": "surv_full_22", "prob": 20, "charges-min": 0, "charges-max": 30 },
      { "item": "surv_full_9mm", "prob": 20, "charges-min": 0, "charges-max": 30 },
      { "item": "surv_full_45", "prob": 20, "charges-min": 0, "charges-max": 30 }
    ]
  },
  {
    "id": "guns_rifle_improvised",
    "type": "item_group",
    "items": [
      [ "unbio_chain_lightning", 1 ],
      { "item": "surv_battery_rifle", "prob": 5, "charges-min": 0, "charges-max": 100 },
      { "item": "surv_full_223", "prob": 10, "charges-min": 0, "charges-max": 20 },
      { "item": "surv_full_308", "prob": 5, "charges-min": 0, "charges-max": 20 },
      { "item": "surv_full_762", "prob": 10, "charges-min": 0, "charges-max": 20 },
      { "item": "surv_full_762R", "prob": 3, "charges-min": 0, "charges-max": 20 },
      { "item": "surv_full_3006", "prob": 5, "charges-min": 0, "charges-max": 20 },
      { "item": "surv_lmg_223", "prob": 10, "charges-min": 0, "charges-max": 20 },
      { "item": "surv_lmg_308", "prob": 3, "charges-min": 0, "charges-max": 20 },
      { "item": "surv_lmg_762", "prob": 2, "charges-min": 0, "charges-max": 20 },
      { "item": "surv_lmg_762R", "prob": 2, "charges-min": 0, "charges-max": 20 },
      { "item": "surv_lmg_3006", "prob": 3, "charges-min": 0, "charges-max": 20 },
      { "item": "surv_full_50", "prob": 2, "charges-min": 0, "charges-max": 20 }
    ]
  },
  {
    "id": "guns_shotgun_improvised",
    "type": "item_group",
    "items": [ { "item": "surv_full_12", "prob": 25, "charges-min": 0, "charges-max": 10 } ]
  },
  {
    "id": "guns_energy",
    "type": "item_group",
    "items": [
      [ "mk_ionic_cannon", 1 ],
      [ "omnitech_plasma_pistol", 1 ],
      {
        "distribution": [ { "item": "neo_laser_pistol", "prob": 50, "charges": [ 0, 500 ] }, { "item": "neo_laser_pistol_ups", "prob": 50 } ],
        "prob": 1
      },
      {
        "distribution": [ { "item": "akro_laser_smg", "prob": 50, "charges": [ 0, 1000 ] }, { "item": "akro_laser_smg_ups", "prob": 50 } ],
        "prob": 1
      },
      {
        "distribution": [ { "item": "arc_laser_rifle", "prob": 50, "charges": [ 0, 5000 ] }, { "item": "arc_laser_rifle_ups", "prob": 50 } ],
        "prob": 1
      },
      {
        "distribution": [ { "item": "krx_laser_lmg", "prob": 50, "charges": [ 0, 10000 ] }, { "item": "krx_laser_lmg_ups", "prob": 50 } ],
        "prob": 1
      },
      {
        "distribution": [ { "item": "mx_laser_sniper", "prob": 50, "charges": [ 0, 5000 ] }, { "item": "mx_laser_sniper_ups", "prob": 50 } ],
        "prob": 1
      },
      {
        "distribution": [
          { "item": "xarm_laser_shotgun", "prob": 50, "charges": [ 0, 5000 ] },
          { "item": "xarm_laser_shotgun_ups", "prob": 50 }
        ],
        "prob": 1
      }
    ]
  },
  {
    "id": "harvest_bionics_failed_bio",
    "type": "item_group",
    "subtype": "distribution",
    "entries": [
      { "item": "null", "prob": 25 },
      { "item": "burnt_out_bionic", "prob": 10 },
      { "group": "bionic_salvage_junk_mil", "prob": 15 },
      { "group": "bionics_failed_bio", "prob": 50 }
    ]
  },
  {
    "id": "harvest_power_storage_sentinel",
    "type": "item_group",
    "subtype": "distribution",
    "entries": [
      { "item": "null", "prob": 25 },
      { "group": "bionic_salvage_junk_mil", "prob": 25 },
      { "item": "bio_power_storage_sentinel", "prob": 50 }
    ]
  },
  {
    "id": "harvest_soldat_zombie_generic",
    "type": "item_group",
    "subtype": "distribution",
    "entries": [
      { "item": "null", "prob": 25 },
      { "group": "bionic_salvage_junk_mil", "prob": 25 },
      { "group": "bionics_soldat_zombie_generic", "prob": 50 }
    ]
  },
  {
    "id": "harvest_soldat_zombie",
    "type": "item_group",
    "subtype": "distribution",
    "entries": [
      { "item": "null", "prob": 25 },
      { "group": "bionic_salvage_junk_mil", "prob": 25 },
      { "group": "bionics_soldat_zombie", "prob": 50 }
    ]
  },
  {
    "id": "harvest_soldat_knight_zombie",
    "type": "item_group",
    "subtype": "distribution",
    "entries": [
      { "item": "null", "prob": 25 },
      { "group": "bionic_salvage_junk_mil", "prob": 25 },
      { "group": "bionics_soldat_knight_zombie", "prob": 50 }
    ]
  },
  {
    "id": "harvest_soldat_sniper_zombie",
    "type": "item_group",
    "subtype": "distribution",
    "entries": [
      { "item": "null", "prob": 25 },
      { "group": "bionic_salvage_junk_mil", "prob": 25 },
      { "group": "bionics_soldat_sniper_zombie", "prob": 50 }
    ]
  },
  {
    "id": "harvest_soldat_tool_zombie",
    "type": "item_group",
    "subtype": "distribution",
    "entries": [
      { "item": "null", "prob": 25 },
      { "group": "bionic_salvage_junk_mil", "prob": 25 },
      { "group": "bionics_soldat_tool_zombie", "prob": 50 }
    ]
  },
  {
    "type": "item_group",
    "id": "bionics_failed_bio",
    "subtype": "distribution",
    "//": "Intact bionics from failed bio-weapons, excluding broken bionics.  Weight is inverse of install difficulty, capped at 10.  Any CBMs of difficulty 11+ will use a weight of 1.  Additionally includes potentially having power-generation CBMs specific to the successful bio-weapons, rather than just what the profession version starts with.",
    "items": [
      [ "bio_armor_arms", 8 ],
      [ "bio_armor_eyes", 6 ],
      [ "bio_armor_head", 6 ],
      [ "bio_armor_legs", 8 ],
      [ "bio_armor_torso", 6 ],
      [ "bio_atomic_battery", 2 ],
      [ "bio_carbon", 7 ],
      [ "bio_chain_lightning", 7 ],
      [ "bio_cqb", 3 ],
      [ "bio_ethanol", 6 ],
      [ "bio_fuel_cell_gasoline", 3 ],
      [ "bio_hydraulics", 3 ],
      [ "bio_metabolics", 7 ],
      [ "bio_nanobots", 5 ],
      [ "bio_painkiller", 7 ],
      [ "bio_fuel_cell_hydrogen", 2 ],
      [ "bio_plasma_cell", 1 ],
      [ "bio_razors", 7 ],
      [ "bio_shock", 6 ],
      [ "bio_torsionratchet", 7 ]
    ]
  },
  {
    "type": "item_group",
    "id": "bionics_apophis_off",
    "subtype": "distribution",
    "//": "Bionics for Bio-Weapon Apophis divided into three categories.  Roughly mocked up from what bionics might fit his in-game properties.",
    "items": [
      [ "bio_laser_armgun", 7 ],
      [ "bio_chain_lightning", 7 ],
      [ "bio_cqb", 3 ],
      [ "bio_hydraulics", 3 ],
      [ "bio_shock", 6 ],
      [ "bio_sword", 3 ],
      [ "bio_targeting", 5 ]
    ]
  },
  {
    "type": "item_group",
    "id": "bionics_apophis_def",
    "subtype": "distribution",
    "items": [
      [ "bio_armor_arms", 8 ],
      [ "bio_armor_eyes", 6 ],
      [ "bio_armor_head", 6 ],
      [ "bio_armor_legs", 8 ],
      [ "bio_armor_torso", 6 ],
      [ "bio_carbon", 7 ],
      [ "bio_faraday", 6 ],
      [ "bio_hazard_shield", 1 ],
      [ "bio_heatsink", 8 ],
      [ "bio_nanobots", 5 ],
      [ "bio_painkiller", 7 ],
      [ "bio_radscrubber", 7 ]
    ]
  },
  {
    "type": "item_group",
    "id": "bionics_apophis_util",
    "subtype": "distribution",
    "items": [
      [ "bio_metabolics", 7 ],
      [ "bio_fuel_cell_hydrogen", 2 ],
      [ "bio_plasma_cell", 1 ],
      [ "bio_torsionratchet", 7 ],
      [ "bio_weight", 8 ]
    ]
  },
  {
    "type": "item_group",
    "id": "bionics_soldat_zombie",
    "subtype": "distribution",
    "//": "Bionics for zombie super soldiers.  First instance of CBMs with weight of 1 due to higher-than-10 difficulty.",
    "items": [
      [ "bio_adrenaline", 5 ],
      [ "bio_blade", 3 ],
      [ "bio_carbon", 7 ],
      [ "bio_metabolics", 7 ],
      [ "bio_nanobots", 5 ],
      [ "bio_flashlight", 1 ],
      [ "bio_painkiller", 7 ],
      [ "bio_purifier", 7 ],
      [ "bio_shock", 6 ],
      [ "bio_targeting", 5 ],
      [ "bio_ups", 8 ]
    ]
  },
  {
    "type": "item_group",
    "id": "bionics_soldat_knight_zombie",
    "subtype": "distribution",
    "//": "Bionics for zombie super juggernauts.",
    "items": [
      [ "bio_armor_arms", 8 ],
      [ "bio_armor_eyes", 6 ],
      [ "bio_armor_head", 6 ],
      [ "bio_armor_legs", 8 ],
      [ "bio_armor_torso", 6 ],
      [ "bio_fuel_cell_gasoline", 3 ],
      [ "bio_nanobots", 5 ],
      [ "bio_painkiller", 7 ],
      [ "bio_power_armor_interface_mkII", 3 ],
      [ "bio_purifier", 7 ],
      [ "bio_radscrubber", 7 ],
      [ "bio_sunglasses", 7 ],
      [ "bio_sword", 3 ],
      [ "bio_targeting", 5 ],
      [ "bio_ups", 8 ]
    ]
  },
  {
    "type": "item_group",
    "id": "bionics_soldat_sniper_zombie",
    "subtype": "distribution",
    "//": "Bionics for zombie super scouts.",
    "items": [
      [ "bio_climate", 8 ],
      [ "bio_evap", 7 ],
      [ "bio_eye_optic", 6 ],
      [ "bio_lighter", 7 ],
      [ "bio_nanobots", 5 ],
      [ "bio_night_vision", 1 ],
      [ "bio_recycler", 5 ],
      [ "bio_targeting", 5 ],
      [ "bio_torsionratchet", 7 ],
      [ "bio_ups", 8 ]
    ]
  },
  {
    "type": "item_group",
    "id": "bionics_soldat_tool_zombie",
    "subtype": "distribution",
    "//": "Bionics for zombie super B.A.M.R.U.",
    "items": [
      [ "bio_batteries", 6 ],
      [ "bio_carbon", 7 ],
      [ "bio_ears", 5 ],
      [ "bio_emp_armgun", 5 ],
      [ "bio_flashlight", 9 ],
      [ "bio_memory", 2 ],
      [ "bio_nanobots", 5 ],
      [ "bio_sunglasses", 7 ],
      [ "bio_tools", 5 ],
      [ "bio_ups", 8 ],
      [ "bio_infolink", 10 ]
    ]
  },
  {
    "type": "item_group",
    "id": "bionics_soldat_zombie_generic",
    "subtype": "distribution",
    "//": "Bionics for unevolved zombie super soldiers and knife boys, random smattering of bionics shared by two or more super soldiers, and also adds their powergen options.",
    "items": [
      [ "bio_batteries", 6 ],
      [ "bio_carbon", 7 ],
      [ "bio_ears", 5 ],
      [ "bio_fuel_cell_gasoline", 3 ],
      [ "bio_metabolics", 7 ],
      [ "bio_nanobots", 5 ],
      [ "bio_night_vision", 1 ],
      [ "bio_painkiller", 7 ],
      [ "bio_purifier", 7 ],
      [ "bio_sunglasses", 7 ],
      [ "bio_targeting", 5 ],
      [ "bio_torsionratchet", 7 ],
      [ "bio_ups", 8 ]
    ]
  },
  {
    "id": "tachanka_loot",
    "type": "item_group",
    "subtype": "collection",
    "items": [
      {
        "distribution": [
          { "item": "surv_belt_762R", "prob": 50, "ammo-item": "762_54R", "charges": [ 5, 75 ] },
          { "item": "surv_belt_762R", "prob": 50, "ammo-item": "bp_762_54R", "charges": [ 5, 75 ] }
        ],
        "prob": 60
      },
      {
        "distribution": [
          { "item": "762_54R", "prob": 50, "charges": [ 10, 20 ] },
          { "item": "bp_762_54R", "prob": 50, "charges": [ 10, 20 ] }
        ],
        "prob": 30
      }
    ]
  },
  {
    "type": "item_group",
    "id": "guns_launcher_improvised",
    "items": [ { "item": "flamethrower_surv", "prob": 15 } ]
  },
  {
    "id": "auto_sears",
    "type": "item_group",
    "items": [ [ "auto_case", 50 ] ]
  },
  {
    "type": "item_group",
    "id": "cyborg_harvest",
    "subtype": "distribution",
    "entries": [ { "group": "bionics_experimental_cataplus", "prob": 1 } ]
  },
  {
    "id": "bionics_experimental_cataplus",
    "type": "item_group",
    "items": [
      [ "bio_laser_armgun", 10 ],
      [ "bio_sword", 15 ],
      [ "bio_flamethrower", 10 ],
      [ "bio_plasma_cell", 25 ],
      [ "bio_atomic_battery", 20 ],
      [ "bio_hazard_shield", 5 ],
      [ "bio_animal_empathy", 5 ],
      [ "bio_cutting_torch", 10 ]
    ]
  },
  {
    "id": "lmil_armor_collection",
    "type": "item_group",
    "subtype": "collection",
    "entries": [ { "item": "lmil_armor" }, { "item": "lmil_helm", "prob": 90 } ]
  },
  {
    "id": "mil_armor_collection",
    "type": "item_group",
    "subtype": "collection",
    "entries": [ { "item": "mil_armor" }, { "item": "mil_helm", "prob": 90 } ]
  },
  {
    "id": "hmil_armor_collection",
    "type": "item_group",
    "subtype": "collection",
    "entries": [ { "item": "hmil_armor" }, { "item": "hmil_helm", "prob": 90 } ]
  },
  {
    "type": "item_group",
    "id": "c_mi_go_advanced_dissection_worker",
    "subtype": "distribution",
    "items": [
      [ "null", 25 ],
      [ "resin_chunk", 20 ],
      [ "fetid_goop", 5 ],
      [ "c_mi_go_extruder_broken", 25 ],
      [ "c_mi_go_wings_broken", 25 ]
    ]
  },
  {
    "type": "item_group",
    "id": "c_mi_go_advanced_dissection_slaver",
    "subtype": "distribution",
    "items": [
      [ "null", 25 ],
      [ "resin_chunk", 20 ],
      [ "fetid_goop", 5 ],
      [ "c_mi_go_beam_broken", 40 ],
      [ "c_mi_go_wings_broken", 10 ]
    ]
  },
  {
    "type": "item_group",
    "id": "c_mi_go_advanced_dissection_surgeon",
    "subtype": "distribution",
    "items": [
      [ "null", 25 ],
      [ "resin_chunk", 20 ],
      [ "fetid_goop", 5 ],
      [ "c_mi_go_claw_broken", 40 ],
      [ "c_mi_go_wings_broken", 10 ]
    ]
  },
  {
    "type": "item_group",
    "id": "c_mi_go_advanced_dissection_guard",
    "subtype": "distribution",
    "items": [
      [ "null", 25 ],
      [ "resin_chunk", 20 ],
      [ "fetid_goop", 5 ],
      [ "c_mi_go_carapace_broken", 30 ],
      [ "c_mi_go_beam_broken", 20 ]
    ]
  },
  {
    "type": "item_group",
    "id": "c_mi_go_advanced_dissection_myrmidon",
    "subtype": "distribution",
    "items": [
      [ "null", 25 ],
      [ "resin_chunk", 20 ],
      [ "fetid_goop", 5 ],
      [ "c_mi_go_carapace_broken", 30 ],
      [ "c_mi_go_beam_broken", 10 ],
      [ "c_mi_go_claw_broken", 10 ]
    ]
  },
  {
    "type": "item_group",
    "id": "c_mi_go_advanced_dissection_scout",
    "subtype": "distribution",
    "items": [
      [ "null", 25 ],
      [ "resin_chunk", 20 ],
      [ "fetid_goop", 5 ],
      [ "c_mi_go_rifle_broken", 40 ],
      [ "c_mi_go_wings_broken", 10 ]
    ]
  },
  {
    "id": "sewer",
    "type": "item_group",
    "items": [ [ "manual_mut_com", 1 ] ]
  },
  {
    "id": "sewage_plant",
    "type": "item_group",
    "items": [ [ "manual_mut_com", 1 ] ]
  },
  {
    "id": "toxic_dump_equipment",
    "type": "item_group",
    "items": [ [ "manual_mut_com", 1 ] ]
  },
  {
    "id": "trash",
    "type": "item_group",
    "items": [ [ "manual_mut_com", 1 ] ]
  },
  {
    "id": "book_martial",
    "type": "item_group",
    "items": [ { "group": "survivor_combative_books", "prob": 5 } ]
  },
  {
    "id": "book_military",
    "type": "item_group",
    "items": [ { "group": "survivor_combative_books", "prob": 10 }, { "group": "encylopedias_military", "prob": 10 } ]
  },
  {
    "id": "rare_martial_arts_books",
    "type": "item_group",
    "items": [ { "group": "survivor_combative_books", "prob": 1 } ]
  },
  {
    "type": "item_group",
    "id": "gunmod_energy",
    "//": "Gunmods for energy weaponry found only at military sites and laboratories.",
    "items": [ [ "hydrogen_convertor", 40 ] ]
  },
  {
    "type": "item_group",
    "id": "bunker_basement_drugs",
    "items": [ { "item": "iv_mutagen_super_soldier", "prob": 10 } ]
  },
  {
    "id": "military_ballistic_armor",
    "type": "item_group",
    "subtype": "distribution",
    "entries": [
      {
        "distribution": [
          { "group": "lmil_armor_collection", "prob": 1 },
          { "group": "mil_armor_collection", "prob": 1 },
          { "group": "hmil_armor_collection", "prob": 1 }
        ],
        "prob": 5
      }
    ]
  },
  {
    "id": "mil_armor_electronics",
    "type": "item_group",
    "items": [
      [ "megamap", 1 ],
      [ "boots_stealth", 1 ],
      [ "acs_74_stealth_cloak", 1 ],
      [ "goggles_nv_clairvoyance", 1 ],
      [ "cbm_rtg_inductor", 1 ]
    ]
  },
  {
    "id": "museum_guns",
    "type": "item_group",
    "items": [ [ "flintlock_ammo_mine", 20 ] ]
  },
  {
    "id": "antique_ammo",
    "type": "item_group",
    "items": [ [ "flintlock_ammo_mine", 20 ] ]
  },
  {
    "id": "on_hand_flintlock",
    "type": "item_group",
    "subtype": "distribution",
    "entries": [ { "item": "flintlock_ammo_mine", "prob": 50, "charges": [ 15, 30 ] } ]
  },
  {
    "id": "survivor_autocases_cataplus",
    "type": "item_group",
    "items": [
      [ "auto_case", 50 ],
      [ "fr_9mm", 5 ],
      [ "fr_22", 5 ],
      [ "fr_45", 5 ],
      [ "fr_223", 5 ],
      [ "fr_308", 5 ],
      [ "fr_762", 5 ],
      [ "fr_762R", 5 ],
      [ "fr_3006", 5 ],
      [ "fr_12", 5 ],
      [ "fr_50", 5 ]
    ]
  }
]
