[
  {
    "id": "chalice_cult_books",
    "type": "item_group",
    "items": [ { "group": "encylopedias_survalist", "prob": 5 } ]
  },
  {
    "id": "cleansing_flame_books",
    "type": "item_group",
    "items": [ { "group": "encylopedias_survalist", "prob": 5 } ]
  },
  {
    "id": "sanguine_cult_books",
    "type": "item_group",
    "items": [ { "group": "encylopedias_survalist", "prob": 3 }, [ "manual_mut_com", 2 ] ]
  },
  {
    "id": "unaligned_arcanist_books",
    "type": "item_group",
    "items": [ { "group": "encylopedias_survalist", "prob": 5 } ]
  },
  {
    "id": "reading_lights",
    "type": "item_group",
    "items": [ [ "solar_flashlight", 5 ] ]
  },
  {
    "id": "lab_magitech_weaponry",
    "type": "item_group",
    "items": [ [ "flesh_knife", 2 ], [ "flesh_pistol", 2 ], [ "flesh_weapon_kit", 1 ] ]
  },
  {
    "id": "lab_magitech_other",
    "type": "item_group",
    "items": [ { "group": "arcana_cataplus_misc_magitech", "prob": 5 } ]
  },
  {
    "id": "arcana_cataplus_misc_magitech",
    "//": "This is just to ensure that all misc anomalous Cata++ items only have acombined weight of 5 in the itemgroup they're being injected into.",
    "type": "item_group",
    "items": [
      [ "megamap", 1 ],
      [ "stim", 1 ],
      [ "boots_stealth", 1 ],
      [ "acs_74_stealth_cloak", 1 ],
      [ "goggles_nv_clairvoyance", 1 ],
      [ "blood_m", 1 ],
      [ "blood_p", 1 ]
    ]
  },
  {
    "id": "pk_melee",
    "type": "item_group",
    "items": [ [ "elc_bld", 2 ], [ "elc_blds", 1 ] ]
  },
  {
    "id": "doom_stimpack",
    "type": "item_group",
    "items": [ [ "stim", 1 ] ]
  },
  {
    "id": "doom_lootpack",
    "type": "item_group",
    "items": [
      [ "stim", 5 ],
      [ "blood_m", 1 ],
      [ "blood_p", 1 ],
      { "group": "lmil_armor_collection", "prob": 5 },
      { "group": "mil_armor_collection", "prob": 5 },
      { "group": "hmil_armor_collection", "prob": 5 },
      [ "acs_74_stealth_cloak", 1 ]
    ]
  },
  {
    "id": "doom_armor",
    "type": "item_group",
    "items": [
      { "group": "lmil_armor_collection", "prob": 5 },
      { "group": "mil_armor_collection", "prob": 5 },
      { "group": "hmil_armor_collection", "prob": 5 }
    ]
  }
]
