[
  {
    "id": "manual_surv_com",
    "copy-from": "book_martial",
    "type": "GENERIC",
    "name": { "str": "Survivor Combatives Manual" },
    "description": "A very lengthy and boring journal with tutorials on various unorthodox combat mechanics.",
    "book_data": { "martial_art": "style_surv_com" }
  },
  {
    "id": "manual_biojutsu",
    "copy-from": "book_martial",
    "type": "GENERIC",
    "name": { "str": "Bionic Combatives Manual" },
    "description": "A very lengthy and boring journal detailing the trial and error to learn the Bionic Combatives fighting style from its bionic.",
    "book_data": { "martial_art": "style_biojutsu" }
  },
  {
    "id": "manual_mut_com",
    "copy-from": "book_martial",
    "type": "GENERIC",
    "name": { "str": "Post-Human Combatives Manual" },
    "description": "A very lengthy and boring journal detailing the ramblings of some increasingly mutated and augmented survivor, and the unorthodox combat techniques they developed to suit their inhuman abilities.",
    "book_data": { "martial_art": "style_mut_com" }
  }
]
