[
  {
    "type": "material",
    "id": "c_superalloy_composite",
    "name": "Superalloy Composite",
    "density": 13,
    "specific_heat_liquid": 1,
    "specific_heat_solid": 0.75,
    "latent_heat": 303,
    "bash_resist": 9,
    "cut_resist": 19,
    "bullet_resist": 79,
    "acid_resist": 5,
    "fire_resist": 39,
    "elec_resist": 5,
    "chip_resist": 20,
    "repaired_with": "alloy_sheet",
    "dmg_adj": [ "marked", "dented", "smashed", "shattered" ],
    "bash_dmg_verb": "dented",
    "cut_dmg_verb": "scratched"
  },
  {
    "type": "material",
    "id": "c_superalloy_composite_medium",
    "name": "Superalloy Composite",
    "copy-from": "c_superalloy_composite",
    "bash_resist": 18,
    "cut_resist": 38,
    "bullet_resist": 118,
    "fire_resist": 76
  },
  {
    "type": "material",
    "id": "c_superalloy_composite_heavy",
    "name": "Superalloy Composite",
    "copy-from": "c_superalloy_composite",
    "bash_resist": 24,
    "cut_resist": 54,
    "bullet_resist": 155,
    "fire_resist": 115
  }
]
