[
  {
    "type": "martial_art",
    "id": "style_surv_com",
    "name": { "str": "Survivor Combatives" },
    "description": "You learned how to handle yourself in the cataclysm.  Whether armed or unarmed, you know how to use your wits to stay alive.  Survival is of the highest priority.",
    "initiate": [ "You steady yourself, prepared for the fights ahead.", "%s prepares for the fights ahead." ],
    "learn_difficulty": 7,
    "primary_skill": "melee",
    "arm_block": 2,
    "leg_block": 8,
    "arm_block_with_bio_armor_arms": true,
    "leg_block_with_bio_armor_legs": true,
    "allow_melee": true,
    "static_buffs": [
      {
        "id": "buff_surv_com_static",
        "name": "Fluid Motion",
        "description": "You've learned to move with a purposeful efficiency.  Movement speed increased by 25% of Intelligence.",
        "skill_requirements": [ { "name": "melee", "level": 7 } ],
        "unarmed_allowed": true,
        "melee_allowed": true,
        "flat_bonuses": [ { "stat": "speed", "scaling-stat": "int", "scale": 0.25 } ]
      }
    ],
    "onmove_buffs": [
      {
        "id": "buff_surv_com_onmove",
        "name": "Elusiveness",
        "description": "Quick and fluid movements make you harder to catch, and better able to roll with the punches.\n\n+1 Dodge attempts, Dodge skill increased by 25% of Intelligence, bash damage taken reduced by 25% of Intelligence, immunity to knockdown.\nLasts 3 turns, stacks 2 times.",
        "skill_requirements": [ { "name": "melee", "level": 4 } ],
        "unarmed_allowed": true,
        "melee_allowed": true,
        "throw_immune": true,
        "buff_duration": 3,
        "max_stacks": 2,
        "bonus_dodges": 1,
        "flat_bonuses": [
          { "stat": "dodge", "scaling-stat": "int", "scale": 0.25 },
          { "stat": "armor", "type": "bash", "scaling-stat": "str", "scale": 0.25 }
        ]
      }
    ],
    "onhit_buffs": [
      {
        "id": "buff_surv_com_onhit",
        "name": "Active Defense",
        "description": "The best defense is a good offense.\n\n+1 Block attempts, damage blocked increased by 100% of Intelligence.\nLasts 2 turns, stacks 2 times.",
        "skill_requirements": [ { "name": "melee", "level": 5 } ],
        "unarmed_allowed": true,
        "melee_allowed": true,
        "buff_duration": 2,
        "max_stacks": 2,
        "bonus_blocks": 1,
        "flat_bonuses": [ { "stat": "block", "scaling-stat": "int", "scale": 1.0 } ]
      }
    ],
    "onkill_buffs": [
      {
        "id": "buff_surv_com_onkill",
        "name": "Misdirection",
        "description": "The shock and awe of combat gives you an opportunity to slip away.\n\n+2 Block attempts, +2 Dodge attempts, Dodge skill increased by 50% of Intelligence, movement speed increased by 200% of Intelligence, moving generates 1/2 as much noise.\nLast 6 turns.",
        "skill_requirements": [ { "name": "melee", "level": 6 } ],
        "unarmed_allowed": true,
        "melee_allowed": true,
        "stealthy": true,
        "buff_duration": 6,
        "bonus_dodges": 2,
        "bonus_blocks": 2,
        "flat_bonuses": [ { "stat": "dodge", "scaling-stat": "int", "scale": 0.5 }, { "stat": "speed", "scaling-stat": "int", "scale": 2.0 } ]
      }
    ],
    "techniques": [
      "tec_surv_com_break",
      "tec_surv_com_counter_dodge",
      "tec_surv_com_counter_block",
      "tec_surv_com_disarm",
      "tec_surv_com_feint"
    ]
  },
  {
    "type": "martial_art",
    "id": "style_mut_com",
    "name": { "str": "Post-Human Combatives" },
    "description": "You've learned a number of tricks to take advantage of the potential that abandoning your humanity can offer.  Focused on heavy, powerful weapons or mutant limbs, a supernaturally strong post-human can use their abilities to great effect.",
    "initiate": [ "Your loosen your footwork and let your instincts take over.", "%s enters a loose, animalistic stance." ],
    "learn_difficulty": 7,
    "primary_skill": "melee",
    "static_buffs": [
      {
        "id": "buff_mut_com_static",
        "name": "Large And In Charge",
        "description": "Your stance makes better use of your might to compensate for poor footwork.\nAccuracy increased by 15% of strength, -10% move cost.",
        "skill_requirements": [ { "name": "melee", "level": 6 } ],
        "unarmed_allowed": true,
        "melee_allowed": true,
        "flat_bonuses": [ { "stat": "hit", "scaling-stat": "str", "scale": 0.15 } ],
        "mult_bonuses": [ { "stat": "movecost", "scale": 0.9 } ]
      }
    ],
    "onpause_buffs": [
      {
        "id": "buff_mut_com_onpause",
        "name": "Stored Potential",
        "description": "Conserving your energy and focusing your mind will permit explosive bursts of action.\n\n-10% move cost.\nLasts 3 turns.",
        "skill_requirements": [ { "name": "melee", "level": 5 } ],
        "unarmed_allowed": true,
        "melee_allowed": true,
        "buff_duration": 3,
        "mult_bonuses": [ { "stat": "movecost", "scale": 0.9 } ]
      }
    ],
    "onattack_buffs": [
      {
        "id": "buff_mut_com_onattack",
        "name": "Tension",
        "description": "All you need to survive is to commit to the offensive.\n\n-10% move cost.\nLasts 3 turns, stacks 2 times.",
        "skill_requirements": [ { "name": "melee", "level": 5 } ],
        "unarmed_allowed": true,
        "melee_allowed": true,
        "buff_duration": 3,
        "max_stacks": 2,
        "mult_bonuses": [ { "stat": "movecost", "scale": 0.9 } ]
      }
    ],
    "onmove_buffs": [
      {
        "id": "buff_mut_com_onmove",
        "name": "Bull Rush",
        "description": "When you get enough momentum going, they're going to feel it.\n\nMovement speed increased by 45% of strength, damage increased by 15% of strength.  Enables \"Battering Ram\" technique.\nLasts 3 turns, stacks 3 times.",
        "skill_requirements": [ { "name": "melee", "level": 4 } ],
        "melee_allowed": true,
        "buff_duration": 3,
        "max_stacks": 3,
        "flat_bonuses": [
          { "stat": "speed", "scaling-stat": "str", "scale": 0.45 },
          { "stat": "damage", "type": "bash", "scaling-stat": "str", "scale": 0.15 },
          { "stat": "damage", "type": "cut", "scaling-stat": "str", "scale": 0.15 },
          { "stat": "damage", "type": "stab", "scaling-stat": "str", "scale": 0.15 }
        ]
      },
      {
        "id": "buff_mut_com_onmove2",
        "name": "Hit and Run",
        "description": "Get in, hit hard, get back out.\n\nMovement speed increased by 30% of strength, armor penetration increased by 20% of strength.  Enables \"Foe-Tossing Charge\" technique.\nLasts 3 turns, stacks 3 times.",
        "skill_requirements": [ { "name": "unarmed", "level": 4 } ],
        "unarmed_allowed": true,
        "buff_duration": 3,
        "max_stacks": 3,
        "flat_bonuses": [
          { "stat": "speed", "scaling-stat": "str", "scale": 0.45 },
          { "stat": "arpen", "type": "bash", "scaling-stat": "str", "scale": 0.2 },
          { "stat": "arpen", "type": "cut", "scaling-stat": "str", "scale": 0.2 },
          { "stat": "arpen", "type": "stab", "scaling-stat": "str", "scale": 0.2 }
        ]
      }
    ],
    "onhit_buffs": [
      {
        "id": "buff_mut_com_onhit",
        "name": "Brutal Efficiency",
        "description": "One powerful blow makes the follow-up that much easier.\n\n+2 Accuracy, armor penetration increased by 25% of strength.\nLasts 2 turns, stacks 2 times.",
        "skill_requirements": [ { "name": "melee", "level": 7 } ],
        "unarmed_allowed": true,
        "melee_allowed": true,
        "buff_duration": 2,
        "max_stacks": 2,
        "flat_bonuses": [
          { "stat": "hit", "scale": 2 },
          { "stat": "arpen", "type": "bash", "scaling-stat": "str", "scale": 0.25 },
          { "stat": "arpen", "type": "cut", "scaling-stat": "str", "scale": 0.25 },
          { "stat": "arpen", "type": "stab", "scaling-stat": "str", "scale": 0.25 }
        ]
      }
    ],
    "techniques": [
      "tec_mut_com_battering_ram",
      "tec_mut_com_foe_tossing_charge",
      "tec_mut_com_overrun",
      "tec_mut_com_stampeding_strike",
      "tec_mut_com_taste_the_ground",
      "tec_mut_com_feint"
    ],
    "weapon_category": [
      "2H_SWORDS",
      "CLUBS",
      "MACES",
      "MORNINGSTARS",
      "FLAILS",
      "1H_HAMMERS",
      "2H_HAMMERS",
      "2H_AXES",
      "HOOKED_POLES",
      "PIKES",
      "GLAIVES"
    ],
    "weapons": [
      "chainsaw_off",
      "chainsaw_on",
      "compgreatbow",
      "elec_chainsaw_off",
      "elec_chainsaw_on",
      "greatbow_makeshift",
      "masonrysaw_off",
      "masonrysaw_on",
      "woodgreatbow"
    ]
  }
]
