[
  {
    "id": "skirt_leather",
    "copy-from": "skirt_leather",
    "type": "ARMOR",
    "name": { "str": "leather skirt" },
    "extend": { "flags": [ "FANCY" ] }
  },
  {
    "id": "long_glove_white",
    "copy-from": "long_glove_white",
    "type": "ARMOR",
    "name": { "str": "pair of extra long white gloves", "str_pl": "pairs of extra long white gloves" },
    "color": "white",
    "extend": { "flags": [ "FANCY" ] }
  },
  {
    "id": "knee_high_boots",
    "copy-from": "knee_high_boots",
    "type": "ARMOR",
    "name": { "str": "pair of knee-high boots", "str_pl": "pairs of knee-high boots" },
    "extend": { "flags": [ "FANCY" ] }
  },
  {
    "id": "thigh_high_boots",
    "copy-from": "thigh_high_boots",
    "type": "ARMOR",
    "name": { "str": "pair of thigh-high boots", "str_pl": "pairs of thigh-high boots" },
    "extend": { "flags": [ "FANCY" ] }
  },
  {
    "id": "bikini_bottom",
    "copy-from": "bikini_bottom",
    "type": "ARMOR",
    "name": { "str": "bikini bottom" },
    "extend": { "flags": [ "FANCY" ] }
  },
  {
    "id": "bikini_top",
    "copy-from": "bikini_top",
    "type": "ARMOR",
    "name": { "str": "bikini top" },
    "extend": { "flags": [ "FANCY" ] }
  },
  {
    "id": "bikini_top_fur",
    "copy-from": "bikini_top_fur",
    "type": "ARMOR",
    "name": { "str": "fur bikini top" },
    "extend": { "flags": [ "FANCY", "WATER_FRIENDLY" ] }
  },
  {
    "id": "bikini_top_leather",
    "copy-from": "bikini_top_leather",
    "type": "ARMOR",
    "name": { "str": "leather bikini top" },
    "extend": { "flags": [ "FANCY", "WATER_FRIENDLY" ] }
  },
  {
    "id": "wetsuit_spring",
    "copy-from": "wetsuit_spring",
    "type": "ARMOR",
    "name": { "str": "spring suit" },
    "extend": { "flags": [ "FANCY" ] }
  },
  {
    "id": "bondage_suit",
    "copy-from": "bondage_suit",
    "type": "ARMOR",
    "name": { "str": "bondage suit" },
    "extend": { "flags": [ "FANCY" ] }
  },
  {
    "id": "cowboy_hat",
    "copy-from": "cowboy_hat",
    "type": "ARMOR",
    "name": { "str": "cowboy hat" },
    "extend": { "flags": [ "FANCY" ] }
  },
  {
    "id": "nanoskirt",
    "copy-from": "nanoskirt",
    "type": "ARMOR",
    "name": { "str": "nanoskirt" },
    "extend": { "flags": [ "SUPER_FANCY" ] },
    "delete": { "flags": [ "FANCY" ] }
  }
]
