[
  {
    "id": "c_cbm_rtg_induction",
    "type": "SPELL",
    "name": { "str": "CBM Induction" },
    "description": "Charges the user's bionic reserves via induction.",
    "valid_targets": [ "self" ],
    "flags": [ "NO_EXPLOSION_VFX", "SILENT", "NO_HANDS", "NO_LEGS" ],
    "min_damage": 50,
    "max_damage": 50,
    "base_casting_time": 200,
    "effect": "recover_energy",
    "effect_str": "BIONIC",
    "extra_effects": [ { "id": "c_cbm_rtg_induction_2", "hit_self": true }, { "id": "c_cbm_rtg_induction_3", "hit_self": true } ]
  },
  {
    "id": "c_cbm_rtg_induction_2",
    "type": "SPELL",
    "name": { "str": "CBM Induction Heat" },
    "description": "Vented waste heat.",
    "valid_targets": [ "self" ],
    "effect": "target_attack",
    "field_id": "fd_hot_air3",
    "min_field_intensity": 2,
    "max_field_intensity": 2,
    "field_chance": 1
  },
  {
    "id": "c_cbm_rtg_induction_3",
    "type": "SPELL",
    "name": { "str": "CBM Induction Rads" },
    "description": "Radiation!",
    "valid_targets": [ "self" ],
    "flags": [ "NO_EXPLOSION_VFX", "RANDOM_DURATION" ],
    "effect": "target_attack",
    "effect_str": "rtg_induction_radiation",
    "min_duration": 500,
    "max_duration": 1000
  },
  {
    "id": "c_flesh_hit_effect",
    "type": "SPELL",
    "name": { "str": "Biological Weapon Adrenaline" },
    "message": "",
    "description": "Otherworldly adrenaline.  Keep the pressure up and you should be fine.",
    "valid_targets": [ "self" ],
    "flags": [ "NO_EXPLOSION_VFX", "SILENT", "RANDOM_DURATION" ],
    "min_duration": 18500,
    "max_duration": 19500,
    "effect": "target_attack",
    "effect_str": "adrenaline_bioweapon"
  },
  {
    "type": "SPELL",
    "id": "c_dummy_effect",
    "name": { "str": "Sorry, Nothing" },
    "description": "Dirty hack to add RNG to spell effects.",
    "valid_targets": [ "self" ],
    "flags": [ "NO_EXPLOSION_VFX", "SILENT" ],
    "message": "",
    "effect": "target_attack"
  },
  {
    "type": "SPELL",
    "id": "c_topographical_scan",
    "effect": "map",
    "name": { "str": "Topographical Scan" },
    "description": "Reveals an area around you on the overmap.",
    "valid_targets": [ "self" ],
    "min_aoe": 12,
    "max_aoe": 12,
    "message": "You hold the scout's tool up, and what appears to be a bolt of plasma fires upwards like a flare, the device's display soon displaying information on the surrounding area.",
    "base_casting_time": 100
  },
  {
    "id": "c_biostim",
    "type": "SPELL",
    "name": { "str": "Biostim" },
    "description": "Surge of adrenaline with side effects.  The effects granted will give adequate information, so no cast message.",
    "message": "",
    "valid_targets": [ "self" ],
    "flags": [ "NO_EXPLOSION_VFX", "RANDOM_DURATION", "SILENT" ],
    "min_duration": 90000,
    "max_duration": 180000,
    "effect": "target_attack",
    "effect_str": "adrenaline",
    "extra_effects": [ { "id": "c_biostim_side_effects", "hit_self": true }, { "id": "c_biostim_pain", "hit_self": true } ]
  },
  {
    "id": "c_biostim_side_effects",
    "type": "SPELL",
    "name": { "str": "Biostim Side Effects" },
    "description": "Primary side effect to Biostim.  Lasts two hours, and will escalate to a more dangerous effect if you escalate its intensity.",
    "message": "",
    "valid_targets": [ "self" ],
    "flags": [ "NO_EXPLOSION_VFX", "SILENT" ],
    "min_duration": 720000,
    "max_duration": 720000,
    "effect": "target_attack",
    "effect_str": "biostim_side_effects"
  },
  {
    "type": "SPELL",
    "id": "c_biostim_pain",
    "name": { "str": "Biostim Pain" },
    "description": "Similar to AEA_PAIN except message is suppressed.",
    "valid_targets": [ "self" ],
    "effect": "recover_energy",
    "effect_str": "PAIN",
    "flags": [ "NO_EXPLOSION_VFX", "RANDOM_DAMAGE", "SILENT" ],
    "min_damage": -5,
    "max_damage": -15,
    "message": ""
  },
  {
    "type": "SPELL",
    "id": "c_lifedrain_1",
    "name": { "str": "Life Drain Shell" },
    "description": "This exists only to trigger on-self effects from an on-hit action.",
    "valid_targets": [ "hostile" ],
    "message": "",
    "min_range": 1,
    "max_range": 1,
    "effect": "target_attack",
    "flags": [ "NO_EXPLOSION_VFX", "SILENT" ],
    "extra_effects": [ { "id": "c_lifedrain_2", "hit_self": true } ]
  },
  {
    "id": "c_lifedrain_2",
    "type": "SPELL",
    "name": { "str": "Life Drain Effect" },
    "description": "This creates the effect that heals the caster.",
    "message": "",
    "valid_targets": [ "self" ],
    "effect": "target_attack",
    "min_damage": -2,
    "max_damage": -5,
    "flags": [ "NO_EXPLOSION_VFX", "RANDOM_DAMAGE", "SILENT" ]
  },
  {
    "id": "c_resin_create",
    "type": "SPELL",
    "name": { "str": "Extrude Resin" },
    "description": "Creates a random number of alien resin chunks.",
    "valid_targets": [ "self" ],
    "message": "",
    "flags": [ "NO_EXPLOSION_VFX", "SILENT", "PERMANENT", "NO_HANDS", "NO_LEGS", "RANDOM_DAMAGE" ],
    "effect": "spawn_item",
    "effect_str": "resin_chunk",
    "min_damage": 1,
    "max_damage": 2
  }
]
