[
  {
    "id": "solar_flashlight",
    "type": "TOOL",
    "category": "tools",
    "symbol": ";",
    "color": "blue",
    "looks_like": "flashlight",
    "name": { "str": "solar flashlight (off)", "str_pl": "solar flashlights (off)" },
    "description": "This is a heavy duty LED solar flashlight.  Using this flashlight will turn it on and provide light, assuming it is charged.  The battery is soldered in place, and requires sunlight or a recharging station to charge.",
    "price": "8 USD",
    "price_postapoc": "2 USD",
    "material": [ "plastic", "aluminum" ],
    "flags": [ "RECHARGE", "NO_UNLOAD", "NO_RELOAD" ],
    "weight": "400 g",
    "volume": "500 ml",
    "bashing": 1,
    "to_hit": 2,
    "ammo": [ "battery" ],
    "max_charges": 100,
    "charges_per_use": 1,
    "relic_data": { "recharge_scheme": [ { "type": "solar", "interval": "1 m", "rate": 1 } ] },
    "use_action": {
      "type": "transform",
      "msg": "You turn the flashlight on.",
      "target": "solar_flashlight_on",
      "active": true,
      "need_charges": 1,
      "need_charges_msg": "The flashlight's batteries are dead."
    }
  },
  {
    "id": "solar_flashlight_on",
    "type": "TOOL",
    "category": "tools",
    "symbol": ";",
    "color": "blue",
    "looks_like": "flashlight_on",
    "name": { "str": "solar flashlight (on)", "str_pl": "solar flashlights (on)" },
    "description": "This is a heavy duty LED solar flashlight.  This flashlight is turned on, and continually draining its batteries.  Use it to turn it off.",
    "price": "8 USD",
    "price_postapoc": "2 USD",
    "material": [ "plastic", "aluminum" ],
    "flags": [ "LIGHT_450", "CHARGEDIM", "NO_UNLOAD", "NO_RELOAD" ],
    "weight": "400 g",
    "volume": "500 ml",
    "bashing": 1,
    "to_hit": 2,
    "ammo": [ "battery" ],
    "relic_data": { "recharge_scheme": [ { "type": "solar", "interval": "1 m", "rate": 1 } ] },
    "max_charges": 100,
    "turns_per_charge": 15,
    "revert_to": "solar_flashlight",
    "use_action": { "type": "transform", "menu_text": "Turn off", "msg": "You turn the flashlight off.", "target": "solar_flashlight" }
  },
  {
    "id": "wear_solar_flashlight",
    "type": "TOOL_ARMOR",
    "category": "clothing",
    "symbol": ";",
    "color": "blue",
    "looks_like": "wearable_light",
    "name": { "str": "wearable solar flashlight (off)", "str_pl": "wearable solar flashlights (off)" },
    "description": "This is a heavy duty LED solar flashlight with straps for wearing.  Using this flashlight will turn it on and provide light, assuming it is charged.  The battery is soldiered in place, and will require sunlight or a recharging station to recharge.",
    "price": "8 USD",
    "price_postapoc": "2 USD",
    "material": [ "plastic", "aluminum" ],
    "flags": [ "OVERSIZE", "BELTED", "ALLOWS_NATURAL_ATTACKS", "RECHARGE", "NO_UNLOAD", "NO_RELOAD" ],
    "weight": "400 g",
    "volume": "500 ml",
    "bashing": 1,
    "to_hit": 2,
    "ammo": [ "battery" ],
    "max_charges": 100,
    "charges_per_use": 1,
    "relic_data": { "recharge_scheme": [ { "type": "solar", "interval": "1 m", "rate": 1 } ] },
    "use_action": {
      "type": "transform",
      "msg": "You turn the flashlight on.",
      "target": "wear_solar_flashlight_on",
      "active": true,
      "need_charges": 1,
      "need_charges_msg": "The flashlight's batteries are dead."
    },
    "covers": [ "head" ],
    "encumbrance": 1,
    "coverage": 15,
    "material_thickness": 2
  },
  {
    "id": "wear_solar_flashlight_on",
    "type": "TOOL_ARMOR",
    "category": "clothing",
    "symbol": ";",
    "color": "blue",
    "looks_like": "wearable_light_on",
    "name": { "str": "wearable solar flashlight (on)", "str_pl": "wearable solar flashlights (on)" },
    "description": "This is a heavy duty LED solar flashlight with straps to wear.  The flashlight is turned on, and continually draining its batteries.  Use it to turn it off.",
    "price": "8 USD",
    "price_postapoc": "2 USD",
    "material": [ "plastic", "aluminum" ],
    "flags": [ "OVERSIZE", "BELTED", "ALLOWS_NATURAL_ATTACKS", "LIGHT_450", "CHARGEDIM", "NO_UNLOAD", "NO_RELOAD" ],
    "weight": "400 g",
    "volume": "500 ml",
    "bashing": 1,
    "to_hit": 2,
    "ammo": [ "battery" ],
    "relic_data": { "recharge_scheme": [ { "type": "solar", "interval": "1 m", "rate": 1 } ] },
    "max_charges": 100,
    "turns_per_charge": 15,
    "revert_to": "wear_solar_flashlight",
    "use_action": {
      "type": "transform",
      "menu_text": "Turn off",
      "msg": "You turn the flashlight off.",
      "target": "wear_solar_flashlight"
    },
    "covers": [ "head" ],
    "encumbrance": 1,
    "coverage": 15,
    "material_thickness": 2
  },
  {
    "id": "solar_crude_firestarter",
    "type": "TOOL",
    "category": "tools",
    "symbol": ",",
    "color": "light_gray",
    "looks_like": "crude_firestarter",
    "name": { "str": "solar electric firestarter" },
    "description": "This is a crudely made electric firestarter modded to recharge in the sun, which can function as an inefficient lighter.",
    "price": "2 USD",
    "price_postapoc": "50 cent",
    "material": [ "steel" ],
    "flags": [ "RECHARGE", "NO_UNLOAD", "NO_RELOAD", "FIRESTARTER" ],
    "weight": "14 g",
    "volume": "500 ml",
    "ammo": [ "battery" ],
    "max_charges": 100,
    "charges_per_use": 5,
    "relic_data": { "recharge_scheme": [ { "type": "solar", "interval": "1 m", "rate": 1 } ] },
    "use_action": { "type": "firestarter" }
  },
  {
    "id": "solar_torch",
    "type": "TOOL",
    "sub": "torch",
    "symbol": "/",
    "color": "brown",
    "looks_like": "torch",
    "weapon_category": [ "CLUBS" ],
    "name": { "str": "solar torch", "str_pl": "solar torches" },
    "description": "A mysterious torch that uses the power of the sun (and blob goo) to light itself.  Somehow, the gasoline synthesized goo produces gasoline when in the sun continuously soaking the rag making it \"rechargeable\" in a sense.  You need a lighter to turn it on.  Once lit, it can't be turned off until all fuel is used.",
    "flags": [ "NO_UNLOAD", "NO_RELOAD" ],
    "material": [ "wood" ],
    "weight": "956 g",
    "volume": "1 L",
    "bashing": 8,
    "to_hit": 1,
    "ammo": [ "gasoline" ],
    "max_charges": 25,
    "charges_per_use": 1,
    "relic_data": { "recharge_scheme": [ { "type": "solar", "interval": "1 m", "rate": 1 } ] },
    "use_action": {
      "type": "transform",
      "target": "solar_torch_lit",
      "need_fire": 1,
      "need_fire_msg": "You need a source of fire to light this.",
      "menu_text": "Light torch",
      "active": true,
      "msg": "You light the torch."
    }
  },
  {
    "id": "solar_torch_lit",
    "type": "TOOL",
    "sub": "torch_lit",
    "symbol": "/",
    "color": "brown",
    "looks_like": "torch_lit",
    "weapon_category": [ "CLUBS" ],
    "name": { "str": "solar torch (lit)", "str_pl": "solar torches (lit)" },
    "description": "A mysterious torch that uses the power of the sun (and blob goo) to light itself.  Somehow, the gasoline synthesized goo produces gasoline when in the sun continuously soaking the rag making it \"rechargeable\" in a sense.  It is burning, producing plenty of light until it runs out of fuel.",
    "material": [ "wood" ],
    "flags": [ "FIRE", "LIGHT_310", "CHARGEDIM", "FLAMING", "NO_UNLOAD", "NO_RELOAD" ],
    "weight": "942 g",
    "volume": "1 L",
    "bashing": 8,
    "to_hit": 1,
    "ammo": [ "gasoline" ],
    "relic_data": { "recharge_scheme": [ { "type": "solar", "interval": "1 m", "rate": 1 } ] },
    "max_charges": 25,
    "turns_per_charge": 60,
    "revert_to": "solar_torch",
    "revert_msg": "The torch is extinguished.",
    "use_action": [ { "type": "transform", "menu_text": "Extinguish", "msg": "The torch is extinguished.", "target": "solar_torch" } ]
  },
  {
    "id": "fr_22",
    "category": "spare_parts",
    "type": "TOOL",
    "color": "light_gray",
    "symbol": ",",
    "looks_like": "llink",
    "name": { "str": ".22 full auto receiver" },
    "description": "A custom-made receiver fitted for .22 LR, that could be used to craft an automatic firearm.",
    "price": "200 USD",
    "price_postapoc": "250 cent",
    "material": [ "steel" ],
    "weight": "530 g",
    "volume": "750 ml",
    "to_hit": -1
  },
  {
    "id": "fr_223",
    "category": "spare_parts",
    "type": "TOOL",
    "color": "light_gray",
    "symbol": ",",
    "looks_like": "llink",
    "name": { "str": ".223 full auto receiver" },
    "description": "A custom-made receiver fitted for .223 Remington, that could be used to craft an automatic firearm.",
    "price": "200 USD",
    "price_postapoc": "250 cent",
    "material": [ "steel" ],
    "weight": "600 g",
    "volume": "750 ml",
    "to_hit": -1
  },
  {
    "id": "fr_308",
    "category": "spare_parts",
    "type": "TOOL",
    "color": "light_gray",
    "symbol": ",",
    "looks_like": "llink",
    "name": { "str": ".308 full auto receiver" },
    "description": "A custom-made receiver fitted for .308 Winchester, that could be used to craft an automatic firearm.",
    "price": "200 USD",
    "price_postapoc": "250 cent",
    "material": [ "steel" ],
    "weight": "620 g",
    "volume": "1 L",
    "to_hit": -1
  },
  {
    "id": "fr_9mm",
    "category": "spare_parts",
    "type": "TOOL",
    "color": "light_gray",
    "symbol": ",",
    "looks_like": "llink",
    "name": { "str": "9mm full auto receiver" },
    "description": "A custom-made receiver fitted for 9x19mm, that could be used to craft an automatic firearm.",
    "price": "200 USD",
    "price_postapoc": "250 cent",
    "material": [ "steel" ],
    "weight": "530 g",
    "volume": "750 ml",
    "to_hit": -1
  },
  {
    "id": "fr_45",
    "category": "spare_parts",
    "type": "TOOL",
    "color": "light_gray",
    "symbol": ",",
    "looks_like": "llink",
    "name": { "str": ".45 full auto receiver" },
    "description": "A custom-made receiver fitted for .45 ACP, that could be used to craft an automatic firearm.",
    "price": "200 USD",
    "price_postapoc": "250 cent",
    "material": [ "steel" ],
    "weight": "530 g",
    "volume": "750 ml",
    "to_hit": -1
  },
  {
    "id": "fr_12",
    "category": "spare_parts",
    "type": "TOOL",
    "color": "light_gray",
    "symbol": ",",
    "looks_like": "llink",
    "name": { "str": "12 gauge full auto receiver" },
    "description": "A custom-made receiver fitted for 12 gauge shells, that could be used to craft an automatic firearm.",
    "price": "200 USD",
    "price_postapoc": "250 cent",
    "material": [ "steel" ],
    "weight": "650 g",
    "volume": "1250 ml",
    "to_hit": -1
  },
  {
    "id": "fr_762",
    "category": "spare_parts",
    "type": "TOOL",
    "color": "light_gray",
    "symbol": ",",
    "looks_like": "llink",
    "name": { "str": "7.62x39 full auto receiver" },
    "description": "A custom-made receiver fitted for 7.62x39mm, that could be used to craft an automatic firearm.",
    "price": "200 USD",
    "price_postapoc": "250 cent",
    "material": [ "steel" ],
    "weight": "620 g",
    "volume": "1 L",
    "to_hit": -1
  },
  {
    "id": "fr_762R",
    "category": "spare_parts",
    "type": "TOOL",
    "color": "light_gray",
    "symbol": ",",
    "looks_like": "llink",
    "name": { "str": "7.62x54 full auto receiver" },
    "description": "A custom-made receiver fitted for 7.62x54mmR, that could be used to craft an automatic firearm.",
    "price": "200 USD",
    "price_postapoc": "250 cent",
    "material": [ "steel" ],
    "weight": "620 g",
    "volume": "1 L",
    "to_hit": -1
  },
  {
    "id": "fr_3006",
    "category": "spare_parts",
    "type": "TOOL",
    "color": "light_gray",
    "symbol": ",",
    "looks_like": "llink",
    "name": { "str": ".30-06 full auto receiver" },
    "description": "A custom-made receiver fitted for .30-06, that could be used to craft an automatic firearm.",
    "price": "200 USD",
    "price_postapoc": "250 cent",
    "material": [ "steel" ],
    "weight": "620 g",
    "volume": "1 L",
    "to_hit": -1
  },
  {
    "id": "fr_50",
    "category": "spare_parts",
    "type": "TOOL",
    "color": "light_gray",
    "symbol": ",",
    "looks_like": "llink",
    "name": { "str": ".50 full auto receiver" },
    "description": "A custom-made receiver fitted for .50 BMG, that could be used to craft an automatic firearm.",
    "price": "200 USD",
    "price_postapoc": "250 cent",
    "material": [ "steel" ],
    "weight": "650 g",
    "volume": "1250 ml",
    "to_hit": -1
  },
  {
    "id": "elc_bld",
    "type": "TOOL",
    "symbol": ";",
    "color": "dark_gray",
    "weapon_category": [ "KNIVES" ],
    "name": { "str": "survivor's tazer blade" },
    "description": "A makeshift blade with a knuckle guard that doubles as a tazer.  Has a wrap on the handle to prevent self shock.",
    "price": "180 USD",
    "price_postapoc": "18 USD",
    "material": [ "steel", "plastic" ],
    "flags": [ "STAB", "DURABLE_MELEE", "SHEATH_KNIFE" ],
    "weight": "638 g",
    "volume": "1250 ml",
    "bashing": 8,
    "cutting": 6,
    "to_hit": -1,
    "charges_per_use": 100,
    "ammo": [ "battery" ],
    "category": "weapons",
    "use_action": "TAZER",
    "magazines": [
      [
        "battery",
        [ "medium_battery_cell", "medium_plus_battery_cell", "medium_atomic_battery_cell", "medium_disposable_cell" ]
      ]
    ]
  },
  {
    "id": "elc_blds",
    "type": "TOOL",
    "symbol": ";",
    "color": "dark_gray",
    "weapon_category": [ "KNIVES" ],
    "name": { "str_sp": "survivor's tazer dual blades" },
    "description": "Two makeshift blades with knuckle guards that double as a tazer.  Has a wrap on the handle to prevent self shock.",
    "price": "360 USD",
    "price_postapoc": "36 USD",
    "material": [ "steel", "plastic" ],
    "flags": [ "STAB", "DURABLE_MELEE" ],
    "weight": "1276 g",
    "volume": "2500 ml",
    "bashing": 16,
    "cutting": 12,
    "to_hit": -1,
    "//": "Tazer use action can't really be tweaked to justify power consumption changing, since no dual-tazing.  Plus, battery amounts mean keeping it an even 100 is sanest.",
    "charges_per_use": 100,
    "ammo": [ "battery" ],
    "category": "weapons",
    "use_action": "TAZER",
    "magazines": [
      [
        "battery",
        [ "medium_battery_cell", "medium_plus_battery_cell", "medium_atomic_battery_cell", "medium_disposable_cell" ]
      ]
    ]
  },
  {
    "id": "can_forge",
    "type": "TOOL",
    "symbol": ";",
    "color": "light_gray",
    "looks_like": "hobo_stove",
    "name": { "str": "can forge" },
    "sub": "forge",
    "description": "This is a portable forge with improvised air intake and insulating lining.  It can be used for light metalworking, repairing items, and reheating food, but its utility is limited by its small size and capacity.",
    "price": "100 USD",
    "price_postapoc": "15 USD",
    "material": [ "steel" ],
    "weight": "1800 g",
    "volume": "2 L",
    "bashing": 1,
    "to_hit": -2,
    "max_charges": 60,
    "charges_per_use": 1,
    "ammo": [ "charcoal" ],
    "use_action": [
      "HOTPLATE",
      {
        "type": "repair_item",
        "item_action_type": "repair_metal",
        "materials": [
          "iron",
          "steel",
          "budget_steel",
          "hardsteel",
          "aluminum",
          "copper",
          "bronze",
          "silver",
          "gold",
          "platinum",
          "superalloy"
        ],
        "skill": "fabrication",
        "tool_quality": 4,
        "cost_scaling": 0.1,
        "move_cost": 1000
      }
    ],
    "flags": [ "ALLOWS_REMOTE_USE" ]
  },
  {
    "id": "molded_hammer",
    "type": "TOOL",
    "symbol": ";",
    "color": "light_gray",
    "weapon_category": [ "1H_HAMMERS" ],
    "looks_like": "makeshift_hammer",
    "name": { "str": "molded hammer" },
    "description": "This is a hammer molded from cast iron.  While a bit brittle if extensively used for combat, it holds up well enough to serve as a tool, though lacks enough of a claw to pry with.",
    "price": "5 USD",
    "material": [ "steel" ],
    "weight": "1600 g",
    "volume": "500 ml",
    "bashing": 12,
    "qualities": [ [ "HAMMER", 3 ] ],
    "flags": [ "FRAGILE_MELEE", "BELT_CLIP" ]
  },
  {
    "id": "molded_knife",
    "type": "TOOL",
    "symbol": ";",
    "color": "light_gray",
    "looks_like": "makeshift_knife",
    "weapon_category": [ "KNIVES" ],
    "name": { "str": "molded knife", "str_pl": "molded knives" },
    "description": "This is a sharp knife molded from cast iron.  A bit brittle and heavy to be extensively used as a weapon, but adequate as a cutting tool.  Works better than sharpening any old metal, at least.",
    "price": "2 USD",
    "material": [ "steel" ],
    "weight": "800 g",
    "volume": "250 ml",
    "bashing": 4,
    "cutting": 8,
    "to_hit": -1,
    "qualities": [ [ "CUT", 1 ], [ "CUT_FINE", 1 ], [ "BUTCHER", 18 ] ],
    "flags": [ "FRAGILE_MELEE", "STAB", "SHEATH_KNIFE" ]
  },
  {
    "type": "GENERIC",
    "id": "molded_pot",
    "category": "tools",
    "symbol": ";",
    "color": "dark_gray",
    "looks_like": "pot_makeshift",
    "name": { "str": "molded pot" },
    "description": "A metal molded pot.  Works as intended.",
    "price": "2 USD",
    "material": [ "iron" ],
    "weight": "1600 g",
    "volume": "2005 ml",
    "bashing": 8,
    "to_hit": -1,
    "container_data": { "contains": 8, "watertight": true },
    "qualities": [ [ "COOK", 3 ], [ "BOIL", 2 ], [ "CONTAIN", 1 ], [ "CHEM", 1 ] ],
    "//": "In the unlikely event some lunatic mistakes this for the frying pan of doom.",
    "flags": [ "ALLOWS_REMOTE_USE", "FRAGILE_MELEE" ]
  },
  {
    "id": "molded_shovel",
    "type": "TOOL",
    "symbol": "/",
    "color": "brown",
    "looks_like": "shovel",
    "weapon_category": [ "CLUBS" ],
    "name": { "str": "molded shovel" },
    "description": "This is a shovel molded out of cast iron.  Rather heavy and brittle, but does its job at least.",
    "price": "2 USD",
    "material": [ "iron" ],
    "//": "Get a further discount in weight because we're already getting crazy poundage here.",
    "weight": "9800 g",
    "volume": 14,
    "to_hit": 3,
    "bashing": 16,
    "cutting": 1,
    "qualities": [ [ "DIG", 3 ], [ "COOK", 1 ], [ "BUTCHER", -70 ] ],
    "flags": [ "FRAGILE_MELEE" ]
  },
  {
    "id": "molded_axe",
    "type": "TOOL",
    "symbol": "/",
    "color": "light_gray",
    "looks_like": "ax",
    "weapon_category": [ "2H_AXES" ],
    "name": { "str": "molded axe" },
    "description": "This is an axe molded from cast iron.  Stands up well enough if used as intended, but is too heavy and brittle to make a good weapon.",
    "price": "2 USD",
    "material": [ "iron" ],
    "weight": "8000 g",
    "to_hit": -1,
    "volume": "2500 ml",
    "bashing": 24,
    "cutting": 10,
    "qualities": [ [ "AXE", 2 ], [ "BUTCHER", -36 ] ],
    "flags": [ "FRAGILE_MELEE", "SHEATH_AXE" ]
  },
  {
    "type": "TOOL",
    "id": "fishing_string",
    "symbol": "/",
    "color": "white",
    "looks_like": "string_36",
    "name": { "str": "fishing string" },
    "description": "A long string with a hook attached to the end.  Useful as a crude fishing tool.  Requires bait as lure and sinker.",
    "material": [ "cotton" ],
    "weight": "170 g",
    "volume": "250 ml",
    "max_charges": 1,
    "charges_per_use": 1,
    "ammo": [ "fish_bait" ],
    "flags": [ "FISH_POOR" ],
    "use_action": "FISH_ROD",
    "to_hit": -1
  },
  {
    "id": "auto_case",
    "category": "spare_parts",
    "type": "TOOL",
    "color": "light_gray",
    "symbol": ",",
    "looks_like": "llink",
    "name": { "str": "full auto receiver case" },
    "description": "An adjustable drop-in sear and parts for fitting it to a firearm.  Bulky and custom made, it would require further work to make a functioning receiver.",
    "material": [ "steel" ],
    "weight": "320 g",
    "volume": "750 ml",
    "to_hit": -1
  },
  {
    "id": "survbowstored",
    "type": "TOOL",
    "color": "brown",
    "symbol": "{",
    "name": { "str": "collapsed fighting bow" },
    "description": "A collapsed fighting bow for easy storage.  Activate to arm the bow.",
    "price": "880 USD",
    "price_postapoc": "88 USD",
    "material": [ "wood", "steel" ],
    "weight": "1144 g",
    "volume": "1 L",
    "to_hit": -1,
    "use_action": {
      "type": "transform",
      "menu_text": "Unfold",
      "msg": "You unfold your bow, locking the arms into place.",
      "target": "survbow"
    },
    "flags": [ "BELT_CLIP" ]
  },
  {
    "id": "semap",
    "category": "maps",
    "type": "GENERIC",
    "symbol": ";",
    "color": "blue",
    "looks_like": "survivormap",
    "name": { "str": "Encampment Project Reminder" },
    "description": "A note describing a group of people creating prepper settlements.  You try to remember if there are any of them nearby.  Maybe the back of the note has coordinates to their settlements.",
    "material": [ "paper" ],
    "weight": "30 g",
    "volume": "250 ml",
    "to_hit": -1,
    "use_action": {
      "type": "reveal_map",
      "radius": 180,
      "terrain": [
        "Survivor_Encampment",
        "Survivor_Encampment_robotics",
        "Survivor_Encampment_bandits",
        "Survivor_Encampment_overrun",
        "Survivor_Encampment_2"
      ],
      "message": "You read the back of the note and plan your next move."
    }
  },
  {
    "//": "The hammer multi-tool is a disassembler",
    "id": "hammer_multitool",
    "type": "TOOL",
    "symbol": ";",
    "color": "brown",
    "weapon_category": [ "1H_HAMMERS" ],
    "name": { "str": "hammer multi-tool" },
    "description": "A multi-tool combining a small hammer and pliers with a number of other small tools.  Small and practical, the survivor's mini-tool-kit.",
    "price": "50 USD",
    "price_postapoc": "5 USD",
    "material": [ "steel", "wood" ],
    "flags": [ "STAB", "BELT_CLIP" ],
    "weight": "820 g",
    "volume": "500 ml",
    "bashing": 8,
    "cutting": 4,
    "to_hit": -4,
    "qualities": [
      [ "CUT", 1 ],
      [ "SAW_W", 1 ],
      [ "SAW_M", 1 ],
      [ "WRENCH", 1 ],
      [ "PULL", 1 ],
      [ "SCREW", 1 ],
      [ "SCREW_FINE", 1 ],
      [ "BUTCHER", 8 ],
      [ "HAMMER", 2 ],
      [ "HAMMER_FINE", 1 ],
      [ "PRY", 1 ]
    ]
  },
  {
    "type": "BOOK",
    "id": "recipe_surv",
    "name": { "str": "Survivor's Cookbook" },
    "description": "A notebook filed with ideas for lots of makeshift gadgets and gizmos.  Once the ideas of mad-man with too much free time, now invaluable knowledge.",
    "weight": "1700 g",
    "volume": "500 ml",
    "price": "500 USD",
    "price_postapoc": "10 USD",
    "skill": "fabrication",
    "max_level": 8,
    "required_level": 5,
    "intelligence": 10,
    "color": "light_green",
    "symbol": "!",
    "looks_like": "recipe_melee",
    "material": [ "paper" ],
    "to_hit": -2,
    "time": "40 m",
    "fun": -1
  },
  {
    "id": "megamap",
    "type": "TOOL_ARMOR",
    "symbol": ";",
    "color": "green",
    "name": { "str": "scout's tool" },
    "description": "This is a bulky electronic wrist mounted tool, designed to provide an accurate topographical map of your surroundings when used.  It also comes with digital clock and alarm features.  The battery is integral to the device, and requires sunlight or a recharging station to charge.",
    "price": "5000 USD",
    "price_postapoc": "50 USD",
    "material": [ "steel" ],
    "weight": "230 g",
    "volume": "500 ml",
    "bashing": 1,
    "to_hit": -1,
    "ammo": "battery",
    "charges_per_use": 250,
    "max_charges": 250,
    "use_action": { "type": "cast_spell", "spell_id": "c_topographical_scan", "no_fail": true, "level": 0 },
    "relic_data": { "recharge_scheme": [ { "type": "solar", "interval": "1 m", "rate": 1 } ] },
    "flags": [ "BELTED", "COMPACT", "WATCH", "ALARMCLOCK", "RECHARGE", "NO_RELOAD", "NO_UNLOAD" ],
    "covers": [ "hand_either" ],
    "encumbrance": 5,
    "coverage": 10,
    "phase": "solid"
  },
  {
    "id": "stim",
    "type": "TOOL",
    "category": "tools",
    "symbol": ">",
    "color": "red",
    "looks_like": "rx11_stimpack",
    "name": { "str": "bioinjector" },
    "description": "An odd, organic-looking auto-injector that slowly secretes some sort of red, blood-like substance.  From what you can understand from the label, it's an experimental stimulant that stabilizes minor wounds and increases performance at the cost of inflicting pain.  The label additionally warns against using it more than once every two hours.",
    "price": "50000 USD",
    "price_postapoc": "50 USD",
    "material": [ "plastic", "flesh" ],
    "weight": "150 g",
    "volume": "250 ml",
    "flags": [ "NO_RELOAD", "NO_UNLOAD" ],
    "ammo": [ "c_bioampoule_type" ],
    "max_charges": 1,
    "charges_per_use": 1,
    "relic_data": { "recharge_scheme": [ { "type": "pain", "interval": "1 h", "rate": 1, "int_min": 1, "int_max": 5, "message": "The device draws a sample of your blood." } ] },
    "use_action": { "type": "cast_spell", "spell_id": "c_biostim", "no_fail": true, "level": 0 }
  },
  {
    "id": "blood_m",
    "type": "TOOL",
    "category": "tools",
    "symbol": ">",
    "color": "red",
    "looks_like": "rx12_injector",
    "name": { "str": "organic infusion set" },
    "description": "A strange infusion set with several organic-looking parts.  It has multiple tubes for simultaneous extraction and infusion of blood.  Its label refers to something called XE037 as the main active component.",
    "price": "50000 USD",
    "price_postapoc": "50 USD",
    "material": [ "plastic", "flesh" ],
    "weight": "150 g",
    "volume": "750 ml",
    "flags": [ "NO_RELOAD", "NO_UNLOAD" ],
    "ammo": [ "c_bioampoule_type" ],
    "max_charges": 1,
    "charges_per_use": 1,
    "relic_data": { "recharge_scheme": [ { "type": "pain", "interval": "1 h", "rate": 1, "int_min": 1, "int_max": 5, "message": "The device draws a sample of your blood." } ] },
    "use_action": { "type": "mutagen", "is_strong": true }
  },
  {
    "id": "blood_p",
    "type": "TOOL",
    "category": "tools",
    "symbol": ">",
    "color": "blue",
    "looks_like": "rx12_injector",
    "name": { "str": "organic diffusion set" },
    "description": "A strange infusion set with several organic-looking parts.  It has multiple tubes for simultaneous extraction and infusion of blood.  Its label refers to it as a rapid stem cell treatment, replicating the user's own genetic structure.",
    "price": "50000 USD",
    "price_postapoc": "50 USD",
    "material": [ "plastic", "flesh" ],
    "weight": "150 g",
    "volume": "750 ml",
    "flags": [ "NO_RELOAD", "NO_UNLOAD" ],
    "ammo": [ "c_bioampoule_type" ],
    "max_charges": 1,
    "charges_per_use": 1,
    "relic_data": { "recharge_scheme": [ { "type": "pain", "interval": "1 h", "rate": 1, "int_min": 1, "int_max": 5, "message": "The device draws a sample of your blood." } ] },
    "use_action": [ "PURIFIER" ]
  },
  {
    "id": "ulmap",
    "category": "maps",
    "type": "GENERIC",
    "symbol": ";",
    "color": "blue",
    "looks_like": "survivormap",
    "name": { "str": "Map To Unknown Lab", "str_pl": "Maps To Unknown Lab" },
    "description": "This is a map made by a former scientist of the Bio-Weapon project.  It marks the location of an abandoned laboratory, where a great enemy resides.",
    "price": "5 USD",
    "material": [ "paper" ],
    "weight": "30 g",
    "volume": "250 ml",
    "use_action": {
      "type": "reveal_map",
      "radius": 180,
      "terrain": [ "Unknown_Lab_1", "Unknown_Lab_2", "Unknown_Lab_3", "Unknown_Lab_4" ],
      "message": "You read the map.  You gulp and realize what must be done…"
    }
  },
  {
    "id": "mccmap",
    "category": "maps",
    "type": "GENERIC",
    "symbol": ";",
    "color": "blue",
    "looks_like": "survivormap",
    "name": { "str": "mysterious note" },
    "description": "\"We have to move away from this place, now.  That thing is coming, and if we don't get out in time, we're all dead.  Grab what you can and head to this location - we'll be establishing a temporary hideout there.\"",
    "price": "5 USD",
    "material": [ "paper" ],
    "weight": "30 g",
    "volume": "250 ml",
    "use_action": {
      "type": "reveal_map",
      "radius": 180,
      "terrain": [ "makeshift_command_center_1", "makeshift_command_center_2" ],
      "message": "Looking down at the note, you memorize the location shown."
    }
  },
  {
    "id": "biomap",
    "category": "maps",
    "type": "GENERIC",
    "symbol": ";",
    "color": "blue",
    "looks_like": "survivormap",
    "name": { "str": "hand-drawn map" },
    "description": "\"Finally.  I've figured out the coordinates of that lab the terminal records referred to.  From what I can tell, there must be some things of value left inside, and I don't think there's anyone left to care if I take a look.\"",
    "price": "5 USD",
    "material": [ "paper" ],
    "weight": "30 g",
    "volume": "250 ml",
    "use_action": {
      "type": "reveal_map",
      "radius": 180,
      "terrain": [ "Bio_Weapon_Lab_1", "Bio_Weapon_Lab_2" ],
      "message": "The directions on the map catch your interest.  You wonder if going there is a good idea."
    }
  },
  {
    "id": "mil_surp_pack_1",
    "type": "GENERIC",
    "symbol": ")",
    "color": "brown",
    "name": { "str": "mil-surp weapons pack" },
    "category": "other",
    "description": "A box sold in military surplus store targeted to the civilian market.  Offers a military surplus rifle, shoulder strap, ammo, basic maintenance kit, and pocket guide book.  This contains the Mosin Nagant 1891/30 rifle.",
    "price": "4635 USD",
    "price_postapoc": "60 USD",
    "weight": "8932 g",
    "volume": "4500 ml",
    "material": [ "wood", "steel" ],
    "use_action": "DISASSEMBLE"
  },
  {
    "id": "mil_surp_pack_2",
    "type": "GENERIC",
    "symbol": ")",
    "color": "brown",
    "name": { "str": "mil-surp weapons pack" },
    "category": "other",
    "description": "A box sold in military surplus store targeted to the civilian market.  Offers a military surplus rifle, shoulder strap, ammo, basic maintenance kit, and pocket guide book.  This contains the SKS rifle.",
    "price": "4635 USD",
    "price_postapoc": "70 USD",
    "weight": "8932 g",
    "volume": "4500 ml",
    "material": [ "wood", "steel" ],
    "use_action": "DISASSEMBLE"
  },
  {
    "id": "mil_surp_pack_3",
    "type": "GENERIC",
    "symbol": ")",
    "color": "brown",
    "name": { "str": "mil-surp weapons pack" },
    "category": "other",
    "description": "A box sold in military surplus store targeted to the civilian market.  Offers a military surplus rifle, shoulder strap, ammo, basic maintenance kit, and pocket guide book.  This contains the M1903 Springfield rifle",
    "price": "4635 USD",
    "price_postapoc": "65 USD",
    "weight": "8932 g",
    "volume": "4500 ml",
    "material": [ "wood", "steel" ],
    "use_action": "DISASSEMBLE"
  },
  {
    "id": "parawatch",
    "type": "ARMOR",
    "name": { "str": "paracord survival watch", "str_pl": "paracord survival watches" },
    "description": "A simple wristwatch on a plastic band, wrapped with a paracord bracelet with a thermometer, magnifying glass, and compass attached.  Tells the time and has an alarm clock feature.",
    "weight": "100 g",
    "volume": "500 ml",
    "price": "10 USD",
    "price_postapoc": "1 USD",
    "material": [ "plastic", "steel" ],
    "symbol": "[",
    "color": "dark_gray",
    "looks_like": "bead_bracelet",
    "covers": [ "hand_either" ],
    "encumbrance": 1,
    "coverage": 5,
    "use_action": [ "WEATHER_TOOL", "DISASSEMBLE", { "type": "firestarter", "moves": 1000, "moves_slow": 25000, "need_sunlight": true } ],
    "flags": [
      "WATCH",
      "ALARMCLOCK",
      "BELTED",
      "COMPACT",
      "FRAGILE",
      "ALLOWS_NATURAL_ATTACKS",
      "FIRESTARTER",
      "THERMOMETER",
      "POWERARMOR_COMPATIBLE"
    ]
  },
  {
    "id": "parabracelets",
    "type": "ARMOR",
    "name": { "str": "paracord bracelet" },
    "description": "A simple bracelet made out of paracord.  Disassemble for some string.",
    "weight": "50 g",
    "volume": "250 ml",
    "price": "5 USD",
    "price_postapoc": "50 cent",
    "material": [ "cotton" ],
    "symbol": "[",
    "color": "dark_gray",
    "looks_like": "bead_bracelet",
    "covers": [ "hand_either" ],
    "encumbrance": 1,
    "coverage": 5,
    "flags": [ "BELTED", "COMPACT", "FRAGILE", "ALLOWS_NATURAL_ATTACKS", "POWERARMOR_COMPATIBLE" ],
    "use_action": "DISASSEMBLE"
  },
  {
    "id": "flesh_weapon_kit",
    "type": "GENERIC",
    "symbol": ")",
    "color": "red",
    "name": { "str": "biological weapon conversion kit" },
    "category": "other",
    "description": "A suspicious box containing many parts, tools and… flesh?  A manual inside the box, giving minimal information on how to use the contents of the box.  It says to see the introductory information packet for more information, whatever that may be.",
    "price": "5035 USD",
    "price_postapoc": "25 USD",
    "weight": "10958 g",
    "volume": "3 L",
    "material": [ "plastic", "steel" ],
    "qualities": [ [ "CUT", 1 ], [ "CUT_FINE", 3 ], [ "DISTILL", 1 ], [ "CHEM", 3 ], [ "BOIL", 1 ] ]
  },
  {
    "id": "omnitech_weapon_ups_kit",
    "type": "GENERIC",
    "symbol": ")",
    "color": "blue",
    "name": { "str": "Omnitech UPS conversion kit" },
    "category": "other",
    "description": "A box containing many tools and a few electronic components.  It has the Omnitech logo and the name of device.  On the back there is a description saying you could use this to convert a battery powered Omnitech weapon to use UPS power, if you have the manual for it.",
    "price": "5035 USD",
    "price_postapoc": "25 USD",
    "weight": "10958 g",
    "volume": "3 L",
    "material": [ "plastic", "steel" ],
    "qualities": [
      [ "HAMMER", 2 ],
      [ "HAMMER_FINE", 1 ],
      [ "WRENCH", 1 ],
      [ "WRENCH_FINE", 1 ],
      [ "SAW_M", 1 ],
      [ "SAW_M_FINE", 1 ],
      [ "SCREW", 1 ],
      [ "SCREW_FINE", 1 ]
    ]
  },
  {
    "id": "cbm_rtg_inductor",
    "type": "TOOL_ARMOR",
    "category": "tools",
    "symbol": ";",
    "color": "light_green",
    "looks_like": "adv_UPS_off",
    "name": { "str": "inductive CBM charger" },
    "description": "A prototype device giving off noticeable heat, housing a compact radioisotope thermoelectric generator.  It does not seem to accept batteries or even provide a UPS hookup, instead housing an inductive charging system designed specifically for CBM power storage.  Being an unfinished design, the only way to dump power into the inductor without electrocuting yourself requires opening up part of the mechanism, exposing you to radiation.",
    "price": "12000 USD",
    "price_postapoc": "60 USD",
    "material": [ "plastic", "aluminum" ],
    "covers": [ "torso" ],
    "flags": [ "LEAK_DAM", "RADIOACTIVE", "WAIST", "COMPACT", "OVERSIZE", "NO_RELOAD", "NO_UNLOAD", "POWERARMOR_COMPATIBLE" ],
    "weight": "2200 g",
    "volume": "3 L",
    "bashing": 4,
    "coverage": 25,
    "encumbrance": 5,
    "warmth": 20,
    "material_thickness": 2,
    "ammo": [ "battery" ],
    "max_charges": 25,
    "charges_per_use": 1,
    "relic_data": { "recharge_scheme": [ { "type": "time", "interval": "1 h", "rate": 1 } ] },
    "use_action": { "type": "cast_spell", "spell_id": "c_cbm_rtg_induction", "no_fail": true, "level": 0 }
  },
  {
    "id": "thermal_lance_makeshift",
    "type": "TOOL",
    "name": { "str": "makeshift thermal lance" },
    "description": "An improvised welding tool that relies on the pyrophoric nature of steel, plus a supply of oxygen, to create a cutting tool hot enough to melt metal.  It can be used as an improvised and inefficient metalworking tool, or you can activate it to destroy metal barriers.",
    "looks_like": "oxy_torch",
    "sub": "oxy_torch",
    "weight": "2000 g",
    "volume": "1750 ml",
    "price": "100 USD",
    "price_postapoc": "5 USD",
    "material": [ "steel", "plastic" ],
    "symbol": ";",
    "color": "red",
    "max_charges": 30,
    "initial_charges": 30,
    "charges_per_use": 1,
    "use_action": "OXYTORCH",
    "qualities": [ [ "WELD", 1 ] ],
    "flags": [ "ALLOWS_REMOTE_USE" ]
  },
  {
    "id": "molded_crowbar",
    "looks_like": "crowbar",
    "type": "TOOL",
    "weapon_category": [ "CLUBS" ],
    "name": { "str": "molded crowbar" },
    "description": "This is a hefty prying tool, molded from cast iron.  A bit brittle and heavy to be extensively used as a weapon, but adequate for prying open locked doors.  Not exactly ideal, but it's an improvement over makeshift tools.",
    "weight": "1250 g",
    "volume": "1 L",
    "price": "13 USD",
    "to_hit": 1,
    "bashing": 14,
    "cutting": 1,
    "material": [ "steel" ],
    "symbol": ";",
    "color": "dark_gray",
    "qualities": [ [ "PRY", 2 ], [ "HAMMER", 1 ] ],
    "use_action": [ "HAMMER", "CROWBAR" ],
    "techniques": [ "WBLOCK_1" ],
    "flags": [ "BELT_CLIP", "FRAGILE_MELEE" ]
  },
  {
    "id": "autoclave_makeshift",
    "sub": "autoclave",
    "type": "TOOL",
    "name": { "str": "makeshift autoclave" },
    "description": "This oversized pressure cooker uses diesel or other readily-available fuels to power a high-pressure sterilization chamber.  Less efficient than a commercial battery-powered autoclave and incompatible with a vehicle power grid, it does the job if nothing else is available.",
    "weight": "200 kg",
    "volume": "80 L",
    "price": "800 USD",
    "price_postapoc": "20 USD",
    "to_hit": -6,
    "bashing": 12,
    "material": [ "steel" ],
    "symbol": "A",
    "color": "yellow",
    "looks_like": "autoclave",
    "ammo": [ "diesel", "lamp_oil", "motor_oil", "jp8" ],
    "max_charges": 60000
  },
  {
    "type": "GENERIC",
    "id": "c_mi_go_claw_broken",
    "symbol": ";",
    "color": "green",
    "name": { "str": "surgical claw" },
    "description": "A cluster of wiry tissue and irregular structures of alien resin, from which juts an eighteen-inch long blade.  It seems to be made partly of the same green glassy resin, fading gradually into the off-white synthetic bone or keratin forming the edge.  It is still razor-sharp and makes for an awkward cutting tool, but was not built (or grown) with human ergonomics in mind, making it currently ineffective as a weapon.",
    "category": "other",
    "material": [ "alien_resin", "flesh" ],
    "weight": "1 kg",
    "volume": "1500 ml",
    "to_hit": -2,
    "bashing": 6,
    "cutting": 8,
    "flags": [ "TRADER_AVOID", "NO_REPAIR" ],
    "qualities": [ [ "CUT", 1 ], [ "BUTCHER", 5 ] ]
  },
  {
    "type": "GENERIC",
    "id": "c_mi_go_beam_broken",
    "symbol": ";",
    "color": "green",
    "name": { "str": "biological lens" },
    "description": "A relatively small oblong object mostly made out of strange glassy resin.  One end has an opening covered by an almost perfectly clear surface of this material, while the other devolves into a tangled mess of severed tendons and tattered flesh.  A weapon of this sort might be useful, though the fleshy end of it seems ill-suited for human operation.",
    "category": "other",
    "material": [ "alien_resin", "flesh" ],
    "weight": "3 kg",
    "volume": "2 L",
    "flags": [ "TRADER_AVOID", "NO_REPAIR" ]
  },
  {
    "type": "GENERIC",
    "id": "c_mi_go_rifle_broken",
    "symbol": ";",
    "color": "green",
    "name": { "str": "resin projector" },
    "description": "A long barrel of alien resin blended in with a jumble of iridescent, chitinous flesh and torn muscles.  It clearly seems to be a projectile weapon, but the ruined mess on the other end makes it difficult to tell how the weapon is supposed to function nor if it'd be useful in human hands.  It certainly looks like it wasn't designed with limbs in mind, let alone human hands.",
    "category": "other",
    "material": [ "alien_resin", "flesh" ],
    "weight": "7 kg",
    "volume": "5 L",
    "flags": [ "TRADER_AVOID", "NO_REPAIR" ]
  },
  {
    "type": "GENERIC",
    "id": "c_mi_go_carapace_broken",
    "symbol": ";",
    "color": "green",
    "name": { "str": "carapace husk" },
    "description": "A shell made of multiple plates of strange resin and iridescent flesh, held together by a network of sinew.  It resembles a biological suit of armor for a distinctly inhuman creature more than an actual body part, though the frayed organic wiring lining the inside paints a much more fleshy picture of how it was operated.  It almost seems like it could still be used, although its shape and function clearly never had humans in mind.",
    "category": "other",
    "material": [ "alien_resin", "flesh" ],
    "weight": "35 kg",
    "volume": "40 L",
    "flags": [ "TRADER_AVOID", "NO_REPAIR" ]
  },
  {
    "type": "GENERIC",
    "id": "c_mi_go_extruder_broken",
    "symbol": ";",
    "color": "green",
    "name": { "str": "alien spinneret" },
    "description": "A fist-sized clump of gore and torn muscle fibers, from which jut three thin spines of what seems to be synthetic bone, or possibly keratin.  In between the spines are countless thin strands of what looks like brilliant green fiberglass, most likely alien resin.  This seems to be used for either producing or shaping this strange substance, potentially useful but right now it's of little use to anyone like this, human or alien.",
    "category": "other",
    "material": [ "alien_resin", "flesh" ],
    "weight": "750 g",
    "volume": "500 ml",
    "flags": [ "TRADER_AVOID", "NO_REPAIR" ]
  },
  {
    "type": "GENERIC",
    "id": "c_mi_go_wings_broken",
    "symbol": ";",
    "color": "green",
    "name": { "str": "set of iridescent wings", "str_pl": "sets of iridescent wings" },
    "description": "Several pairs of glossy insect-like wings, thin green iridescent flesh flushed with congealed fluid in what seem to be veins, weaving a spider-web pattern of pale grey all throughout.  They blend together into a mangled cluster of chitinous plates covering off-white nervous cords, provoking rather strong convulsions when pulled the wrong way.  Whether they fly through the void of space on these or use them for something else, it's evident these wings were manufactured as much as evolved.",
    "category": "other",
    "material": [ "alien_resin", "flesh" ],
    "weight": "4 kg",
    "volume": "10 L",
    "flags": [ "TRADER_AVOID", "NO_REPAIR" ]
  },
  {
    "id": "c_mi_go_extruder_salvaged",
    "type": "TOOL",
    "symbol": "/",
    "color": "green",
    "name": { "str": "salvaged resin extruder" },
    "description": "A strange device made of alien flesh blended with technology.  Three thin spines of synthetic ivory surround some sort of nozzle, its contents steadily regenerating.  It can be activated to produce shards of resin, for whatever use you may have for such a thing.  Activate it will set it to apply resin more slowly, letting it be used for repairing salvaged mi-go biotechnlogy.",
    "price_postapoc": "25 USD",
    "material": [ "alien_resin", "flesh", "steel" ],
    "weight": "300 g",
    "volume": "250 ml",
    "relic_data": { "recharge_scheme": [ { "type": "time", "interval": "1 h", "rate": 1 } ] },
    "max_charges": 100,
    "charges_per_use": 25,
    "use_action": [
      { "type": "cast_spell", "spell_id": "c_resin_create", "no_fail": true, "level": 0 },
      {
        "type": "transform",
        "msg": "You switch the %s to weaving mode",
        "target": "c_mi_go_extruder_salvaged_alt",
        "menu_text": "switch mode"
      }
    ]
  },
  {
    "id": "c_mi_go_extruder_salvaged_alt",
    "copy-from": "c_mi_go_extruder_salvaged",
    "type": "TOOL",
    "color": "green",
    "name": { "str": "salvaged resin extruder (alternate mode)", "str_pl": "salvaged resin extruders (alternate mode)" },
    "description": "A strange device made of alien flesh blended with technology.  Three thin spines of synthetic ivory surround some sort of nozzle, its contents steadily regenerating.  It's currently set to apply resin more slowly, letting it be used for repairing salvaged mi-go biotechnlogy.  Activate it to switch back to its normal mode, for creating larger shards of resin for other purposes.",
    "charges_per_use": 1,
    "use_action": [
      {
        "type": "repair_item",
        "item_action_type": "repair_metal",
        "materials": [ "alien_resin" ],
        "skill": "fabrication",
        "tool_quality": 10,
        "cost_scaling": 0.1,
        "move_cost": 500
      },
      {
        "type": "transform",
        "msg": "You switch the %s to its normal mode",
        "target": "c_mi_go_extruder_salvaged",
        "menu_text": "switch mode"
      }
    ]
  }
]
