[
  {
    "type": "charge_removal_blacklist",
    "list": [ "lmil_helm", "mil_helm", "hmil_helm" ]
  },
  {
    "id": "survbowpack",
    "type": "ITEM",
    "subtypes": [ "ARMOR" ],
    "name": { "str": "survivor's archer backpack" },
    "//": "This adds the quiver function.",
    "description": "A custom-built backpack modified further to be an archer's best friend.  Lots of storage, manageable encumbrance and a built in quiver.",
    "weight": "1200 g",
    "volume": "3 L",
    "price": "360 USD",
    "price_postapoc": "36 USD",
    "phase": "solid",
    "material": [ "leather", "cotton" ],
    "symbol": "[",
    "looks_like": "survivor_pack",
    "color": "brown",
    "pocket_data": [
      { "ammo_restriction": { "arrow": 50, "bolt": 50 }, "moves": 20 },
      { "pocket_type": "CONTAINER", "max_contains_volume": "16 L", "max_contains_weight": "32 kg", "moves": 300 }
    ],
    "material_thickness": 2,
    "flags": [ "WATER_FRIENDLY", "STURDY", "BELTED" ],
    "armor": [ { "encumbrance": [ 4, 16 ], "coverage": 35, "covers": [ "torso" ] } ]
  },
  {
    "id": "surv_suit",
    "type": "ITEM",
    "subtypes": [ "ARMOR" ],
    "category": "armor",
    "name": { "str": "survivor's scout suit" },
    "description": "A home-made suit built to live off the land.  Comes with ample storage, fur lining, environmental and physical protection, a built-in watch, and a makeshift sheath ring.  It requires a separate gas mask for full protection.",
    "weight": "12840 g",
    "volume": "12500 ml",
    "price": "1800 USD",
    "price_postapoc": "70 USD",
    "to_hit": -3,
    "melee_damage": { "bash": 6 },
    "phase": "solid",
    "material": [ "leather", "kevlar" ],
    "symbol": "[",
    "looks_like": "anbc_suit",
    "color": "brown",
    "pocket_data": [
      { "pocket_type": "CONTAINER", "max_contains_volume": "2 L", "max_contains_weight": "6 kg", "moves": 80 },
      { "pocket_type": "CONTAINER", "max_contains_volume": "2 L", "max_contains_weight": "6 kg", "moves": 80 },
      { "pocket_type": "CONTAINER", "max_contains_volume": "8 L", "max_contains_weight": "16 kg", "moves": 150 },
      { "pocket_type": "CONTAINER", "max_contains_volume": "4 L", "max_contains_weight": "8 kg", "moves": 80 },
      { "pocket_type": "CONTAINER", "max_contains_volume": "4 L", "max_contains_weight": "8 kg", "moves": 80 },
      {
        "pocket_type": "CONTAINER",
        "min_item_volume": "500 ml",
        "max_contains_volume": "2500 ml",
        "max_contains_weight": "4 kg",
        "moves": 10,
        "flag_restriction": [ "SHEATH_KNIFE", "SHEATH_SWORD", "BELT_CLIP" ]
      },
      {
        "pocket_type": "CONTAINER",
        "min_item_volume": "500 ml",
        "max_contains_volume": "2500 ml",
        "max_contains_weight": "4 kg",
        "moves": 10,
        "flag_restriction": [ "SHEATH_KNIFE", "SHEATH_SWORD", "BELT_CLIP" ]
      }
    ],
    "warmth": 25,
    "material_thickness": 4,
    "environmental_protection": 15,
    "valid_mods": [ "steel_padded" ],
    "use_action": { "type": "holster", "holster_prompt": "Sheath knife/sword", "holster_msg": "You sheath your %s" },
    "flags": [
      "VARSIZE",
      "OVERSIZE",
      "WATERPROOF",
      "RAINPROOF",
      "RAD_RESIST",
      "GAS_PROOF",
      "STURDY",
      "ALLOWS_NATURAL_ATTACKS",
      "WATCH",
      "NONCONDUCTIVE",
      "ALARMCLOCK"
    ],
    "armor": [
      {
        "encumbrance": 25,
        "coverage": 100,
        "covers": [ "leg_l", "leg_r", "torso", "arm_l", "arm_r", "hand_l", "hand_r", "foot_l", "foot_r", "head" ]
      }
    ]
  },
  {
    "id": "surv_armor_suit",
    "type": "ITEM",
    "subtypes": [ "ARMOR" ],
    "category": "armor",
    "name": { "str": "survivor's armored scout suit" },
    "//": "Harder to repair but more durable.",
    "description": "A home-made suit built to live off the land.  Comes with ample storage, warm fur lining, environmental and physical protection, a built in watch, and a makeshift sheath ring.  The suit is carefully crafted of Kevlar fabric and reinforced with metal.  It requires a separate gas mask for full protection.",
    "weight": "26360 g",
    "volume": "12500 ml",
    "price": "1800 USD",
    "price_postapoc": "90 USD",
    "to_hit": -3,
    "melee_damage": { "bash": 6 },
    "phase": "solid",
    "material": [ "kevlar", "steel" ],
    "symbol": "[",
    "looks_like": "anbc_suit",
    "color": "brown",
    "pocket_data": [
      { "pocket_type": "CONTAINER", "max_contains_volume": "2 L", "max_contains_weight": "6 kg", "moves": 80 },
      { "pocket_type": "CONTAINER", "max_contains_volume": "2 L", "max_contains_weight": "6 kg", "moves": 80 },
      { "pocket_type": "CONTAINER", "max_contains_volume": "8 L", "max_contains_weight": "16 kg", "moves": 150 },
      { "pocket_type": "CONTAINER", "max_contains_volume": "4 L", "max_contains_weight": "8 kg", "moves": 80 },
      { "pocket_type": "CONTAINER", "max_contains_volume": "4 L", "max_contains_weight": "8 kg", "moves": 80 },
      {
        "pocket_type": "CONTAINER",
        "min_item_volume": "500 ml",
        "max_contains_volume": "2500 ml",
        "max_contains_weight": "4 kg",
        "moves": 10,
        "flag_restriction": [ "SHEATH_KNIFE", "SHEATH_SWORD", "BELT_CLIP" ]
      },
      {
        "pocket_type": "CONTAINER",
        "min_item_volume": "500 ml",
        "max_contains_volume": "2500 ml",
        "max_contains_weight": "4 kg",
        "moves": 10,
        "flag_restriction": [ "SHEATH_KNIFE", "SHEATH_SWORD", "BELT_CLIP" ]
      }
    ],
    "warmth": 25,
    "material_thickness": 5,
    "environmental_protection": 15,
    "valid_mods": [ "steel_padded" ],
    "use_action": { "type": "holster", "holster_prompt": "Sheath knife/sword", "holster_msg": "You sheath your %s" },
    "flags": [
      "VARSIZE",
      "OVERSIZE",
      "WATERPROOF",
      "RAINPROOF",
      "RAD_RESIST",
      "GAS_PROOF",
      "STURDY",
      "ALLOWS_NATURAL_ATTACKS",
      "WATCH",
      "NONCONDUCTIVE",
      "ALARMCLOCK"
    ],
    "armor": [
      {
        "encumbrance": 35,
        "coverage": 100,
        "covers": [ "leg_l", "leg_r", "torso", "arm_l", "arm_r", "hand_l", "hand_r", "foot_l", "foot_r", "head" ]
      }
    ]
  },
  {
    "id": "armor_lightplate_surv",
    "copy-from": "armor_qt_lightplate",
    "//": "No storage or other amenities, but a modest increase in protection relative to the added encumbrance.",
    "type": "ITEM",
    "subtypes": [ "ARMOR" ],
    "name": { "str": "survivor plate armor" },
    "description": "A suit of Gothic plate armor modified with kevlar and leather, altered to better protect the gaps between plates and provide better protection from the elements.",
    "weight": "12100 g",
    "price": "900 USD",
    "price_postapoc": "130 USD",
    "material": [ "qt_steel", "qt_steel_chain", "kevlar" ],
    "warmth": 30,
    "material_thickness": 5,
    "environmental_protection": 3,
    "extend": { "flags": [ "WATERPROOF" ] },
    "armor": [ { "encumbrance": 25, "coverage": 100, "covers": [ "leg_l", "leg_r", "torso", "arm_l", "arm_r" ] } ]
  },
  {
    "id": "cuirass_lightplate_surv",
    "copy-from": "armor_qt_light_chestplate",
    "type": "ITEM",
    "subtypes": [ "ARMOR" ],
    "name": { "str": "survivor cuirass", "str_pl": "survivor cuirasses" },
    "description": "A medieval steel breastplate, modified with kevlar and leather to better protect from the elements.",
    "weight": "4620 g",
    "price": "300 USD",
    "price_postapoc": "45 USD",
    "material": [ "qt_steel", "qt_steel_chain", "kevlar" ],
    "warmth": 30,
    "material_thickness": 5,
    "environmental_protection": 3,
    "extend": { "flags": [ "WATERPROOF" ] },
    "armor": [ { "encumbrance": 25, "coverage": 100, "covers": [ "torso" ] } ]
  },
  {
    "id": "armguard_lightplate_surv",
    "copy-from": "armor_qt_lightarmguard",
    "type": "ITEM",
    "subtypes": [ "ARMOR" ],
    "name": { "str": "survivor steel arm guards", "str_pl": "survivor steel arm guards" },
    "description": "A full assembly of medieval arm protection.  Rerebraces, couters, and vambraces, subsequently modified with kevlar and leather to better protect the joints.",
    "weight": "2992 g",
    "price": "300 USD",
    "price_postapoc": "130 USD",
    "material": [ "qt_steel", "qt_steel_chain", "kevlar" ],
    "warmth": 30,
    "material_thickness": 5,
    "environmental_protection": 3,
    "extend": { "flags": [ "WATERPROOF" ] },
    "armor": [ { "encumbrance": 25, "coverage": 100, "covers": [ "arm_l", "arm_r" ] } ]
  },
  {
    "id": "legguard_lightplate_surv",
    "copy-from": "legguard_lightplate",
    "type": "ITEM",
    "subtypes": [ "ARMOR" ],
    "name": { "str": "survivor steel leg guards", "str_pl": "survivor steel leg guards" },
    "description": "A full assembly of medieval leg protection.  Cuisses, poleyns, and greaves, subsequently modified with kevlar and leather to better protect the joints.",
    "weight": "4488 g",
    "price": "300 USD",
    "price_postapoc": "45 USD",
    "material": [ "qt_steel", "qt_steel_chain", "kevlar" ],
    "warmth": 30,
    "material_thickness": 5,
    "environmental_protection": 3,
    "extend": { "flags": [ "WATERPROOF" ] },
    "armor": [ { "encumbrance": 25, "coverage": 100, "covers": [ "leg_l", "leg_r" ] } ]
  },
  {
    "id": "helmet_plate_surv",
    "copy-from": "helmet_plate",
    "type": "ITEM",
    "subtypes": [ "ARMOR" ],
    "name": { "str": "survivor great helm" },
    "description": "A medieval helmet that has been heavily modified, widening the eye slits and breaths, with ballistic lenses and a kevlar aventail helping make up for the increased vulnerability.",
    "weight": "2395 g",
    "price": "500 USD",
    "price_postapoc": "50 USD",
    "material": [ "steel", "kevlar", "leather" ],
    "warmth": 20,
    "material_thickness": 6,
    "environmental_protection": 3,
    "extend": { "flags": [ "WATERPROOF", "SUN_GLASSES" ] },
    "armor": [ { "encumbrance": 35, "coverage": 100, "covers": [ "head", "eyes", "mouth" ] } ]
  },
  {
    "id": "gloves_plate_surv",
    "copy-from": "gloves_plate",
    "type": "ITEM",
    "subtypes": [ "ARMOR" ],
    "name": { "str": "pair of survivor armored gauntlets", "str_pl": "pairs of survivor armored gauntlets" },
    "description": "A heavy set of medieval gauntlets, modified with kevlar reinforcements to increase protection from the elements.",
    "weight": "1080 g",
    "price": "500 USD",
    "price_postapoc": "50 USD",
    "material": [ "iron", "kevlar", "leather" ],
    "warmth": 25,
    "material_thickness": 5,
    "environmental_protection": 3,
    "extend": { "flags": [ "WATERPROOF" ] },
    "armor": [ { "encumbrance": 25, "coverage": 100, "covers": [ "hand_l", "hand_r" ] } ]
  },
  {
    "id": "boots_plate_surv",
    "copy-from": "boots_plate",
    "type": "ITEM",
    "subtypes": [ "ARMOR" ],
    "name": { "str": "pair of survivor armored boots", "str_pl": "pairs of survivor armored boots" },
    "description": "A heavy set of armor plated boots, modified with kevlar to better protect from the elements.",
    "weight": "2080 g",
    "price": "600 USD",
    "price_postapoc": "60 USD",
    "material": [ "iron", "kevlar", "leather" ],
    "warmth": 25,
    "material_thickness": 5,
    "environmental_protection": 3,
    "armor": [ { "encumbrance": 30, "coverage": 100, "covers": [ "foot_l", "foot_r" ] } ]
  },
  {
    "id": "badge_bio_weapon",
    "type": "ITEM",
    "subtypes": [ "ARMOR" ],
    "name": { "str": "Bio-Weapon badge" },
    "description": "A round silver medallion that identifies the wearer as a part of the Bio-Weapon project.",
    "weight": "60 g",
    "volume": "5 ml",
    "price": "50 USD",
    "price_postapoc": "5 USD",
    "phase": "solid",
    "material": [ "silver" ],
    "symbol": "[",
    "looks_like": "badge_cybercop",
    "color": "yellow"
  },
  {
    "id": "badge_bio_weapon_apophis",
    "type": "ITEM",
    "subtypes": [ "ARMOR" ],
    "name": { "str": "Bio-Weapon Apophis badge" },
    "description": "A round silver medallion that identifies the wearer as a part of the Bio-Weapon project.  This one has the name 'Apophis' inscribed on the front.",
    "weight": "60 g",
    "volume": "5 ml",
    "price": "100 USD",
    "phase": "solid",
    "material": [ "silver" ],
    "symbol": "[",
    "looks_like": "badge_cybercop",
    "color": "red",
    "flags": [ "TRADER_AVOID", "NO_SALVAGE" ]
  },
  {
    "id": "badge_bio_weapon_evy",
    "type": "ITEM",
    "subtypes": [ "ARMOR" ],
    "name": { "str": "RFID access badge" },
    "description": "A round silver medallion with a RFID chip embedded in the front.  The markings seem to identify the wearer as a part of the Bio-Weapon project.",
    "weight": "60 g",
    "volume": "5 ml",
    "price": "100 USD",
    "phase": "solid",
    "material": [ "silver" ],
    "symbol": "[",
    "looks_like": "badge_cybercop",
    "color": "red",
    "flags": [ "TRADER_AVOID", "NO_SALVAGE" ]
  },
  {  
    "id": "acs_74_stealth_cloak",
    "type": "ITEM",
    "subtypes": [ "TOOL", "ARMOR", "ARTIFACT" ],
    "name": { "str": "ACS-74 stealth cloak" },
    "description": "An experimental cloak with a destructive interference system that will create pitch-black darkness around you when powered and worn.  Creatures that can see in the dark will still spot you, but it will fool most things.  A network of miniature alphavolatics make it self-charging but only able to sustain short bursts of use.  Activate to turn it on.",
    "weight": "1556 g",
    "volume": "3 L",
    "price": "84000 USD",
    "price_postapoc": "84 USD",
    "to_hit": -1,
    "phase": "solid",
    "material": [ "superalloy", "plastic" ],
    "symbol": "[",
    "looks_like": "optical_cloak",
    "color": "light_gray",
    "warmth": 15,
    "material_thickness": 1,
    "environmental_protection": 4,
    "tool_ammo": "battery",
    "pocket_data": [ { "pocket_type": "MAGAZINE", "rigid": true, "ammo_restriction": { "battery": 100 } } ],
	"flags": [ "OVERSIZE", "HOOD", "WATERPROOF", "OUTER", "VARSIZE", "PADDED" ],
    "armor": [ { "encumbrance": 15, "coverage": 75, "covers": [ "leg_l", "leg_r", "torso", "arm_l", "arm_r", "head" ] } ],
    "use_action": {
      "type": "transform",
      "msg": "The cloak shimmers and emits an intense light-disrupting field.",
      "target": "acs_74_stealth_cloak_on",
      "active": true,
      "need_worn": true,
      "need_charges": 1,
      "need_charges_msg": "The cloak is out of power."
    },
    "charge_info": { "recharge_type": "periodic", "time": "1 m", "regenerate_ammo": true },
    "passive_effects": [ { "has": "WORN", "condition": "ACTIVE", "emitter": "emit_shadow_field" } ]
  },
  {
    "id": "acs_74_stealth_cloak_on",
    "copy-from": "acs_74_stealth_cloak",
    "type": "ITEM",
    "subtypes": [ "TOOL", "ARMOR" ],
    "name": { "str": "ACS-74 stealth cloak (on)", "str_pl": "ACS-74 stealth cloaks (on)" },
    "description": "An experimental cloak with a destructive interference system, creating pitch-black darkness around you.  Creatures that can see in the dark will still spot you, but it will fool most things.  A network of miniature alphavolatics make it self-charging but only able to sustain short bursts of use.  It's currently on, activate to turn it back off.",
	"turns_per_charge": 1,
    "revert_to": "acs_74_stealth_cloak",
    "use_action": {
	  "ammo_scale": 0,
      "type": "transform",
      "menu_text": "Turn off",
	  "msg": "The cloak flickers and powers down.",
	  "target": "acs_74_stealth_cloak"
	}
  },
  {
    "type": "mutation",
    "id": "C_MUTE_BOOTS",
    "name": { "str": "Soundwave Disruption" },
    "points": 99,
    "valid": false,
    "description": "Your equipment is actively eliminating the sounds of your footsteps.",
    "player_display": false,
    "enchantments": [ { "values": [ { "value": "FOOTSTEP_NOISE", "multiply": -1.0 } ] } ]
  },
  {
    "id": "boots_stealth",
    "type": "ITEM",
    "subtypes": [ "TOOL", "ARMOR", "ARTIFACT" ],
    "category": "armor",
    "name": { "str": "pair of mute boots", "str_pl": "pairs of mute boots" },
    "description": "Experimental reinforced boots that completely silence your steps, but also slow your movement.",
    "weight": "1280 g",
    "volume": "2500 ml",
    "price": "260 USD",
    "price_postapoc": "26 USD",
    "to_hit": -1,
    "melee_damage": { "bash": 1 },
    "phase": "solid",
    "material": [ "kevlar", "leather" ],
    "looks_like": "boots_combat",
    "symbol": "[",
    "color": "dark_gray",
    "warmth": 25,
    "material_thickness": 3,
    "environmental_protection": 2,
	"passive_effects": [ { "has": "WORN", "condition": "ALWAYS", "mutations": [ "C_MUTE_BOOTS" ] } ],
    "flags": [ "VARSIZE", "WATERPROOF", "STURDY" ],
    "armor": [ { "encumbrance": 18, "coverage": 100, "covers": [ "foot_l", "foot_r" ] } ]
  },
  {
    "type": "mutation",
    "id": "C_RADIOGENIC_GOGGLES",
    "name": { "str": "Radiogenic Vision" },
    "points": 99,
    "valid": false,
    "description": "You can currently see through walls.  The rads this thing is giving off probably isn't good for you, by the way.",
    "player_display": false,
    "flags": [ "CLAIRVOYANCE" ]
  },
  {
    "id": "goggles_nv_clairvoyance",
    "type": "ITEM",
    "subtypes": [ "TOOL", "ARMOR", "ARTIFACT" ],
    "name": { "str": "pair of radiogenic goggles", "str_pl": "pairs of radiogenic goggles" },
    "description": "Experimental goggles that use gamma radiation emitters, allowing the user to see through walls and in the dark.  Prolonged use is not recommended due to danger of radiation poisoning.",
    "weight": "158 g",
    "volume": "500 ml",
    "price": "260 USD",
    "to_hit": -3,
    "phase": "solid",
    "material": [ "plastic", "steel" ],
    "symbol": "[",
    "color": "dark_gray",
    "warmth": 10,
    "material_thickness": 4,
    "environmental_protection": 5,
    "passive_effects": [ { "has": "WORN", "condition": "ALWAYS", "mutations": [ "C_RADIOGENIC_GOGGLES" ] } ],
    "flags": [ "GNV_EFFECT", "WATERPROOF", "STURDY", "RADIOACTIVE", "LIGHT_25", "PADDED" ],
    "armor": [ { "encumbrance": 30, "coverage": 100, "covers": [ "eyes" ] } ]
  },
  {
    "id": "lmil_armor",
    "type": "ITEM",
    "subtypes": [ "ARMOR" ],
    "category": "armor",
    "name": { "str_sp": "light sentinel armor" },
    "description": "A fairly light full-body suit of gray ballistic armor, one size fits most, with separate helmet.  Made from a fabric bodysuit with advanced composite plates, it is relatively easy to move in but protection is minimal, only rated for pistol-caliber rounds and fragmentation.  It also has two adjustable pouches for various sizes of magazines.",
    "weight": "9045 g",
    "volume": "10250 ml",
    "price": "1600 USD",
    "price_postapoc": "16 USD",
    "to_hit": -3,
    "melee_damage": { "bash": 5 },
    "material": [ "c_superalloy_composite", "cotton" ],
    "symbol": "[",
    "color": "dark_gray",
    "looks_like": "power_armor_light",
    "warmth": 30,
    "material_thickness": 1,
    "environmental_protection": 5,
    "//": "Designed to be able to hold military atomic cells.",
    "pocket_data": [
      {
        "moves": 40,
        "min_volume": "35 ml",
        "max_contains_volume": "1500 ml",
        "max_contains_weight": "5 kg",
        "holster": true,
        "flag_restriction": [ "MAG_COMPACT" ]
      },
      {
        "moves": 40,
        "min_volume": "35 ml",
        "max_contains_volume": "1500 ml",
        "max_contains_weight": "5 kg",
        "holster": true,
        "flag_restriction": [ "MAG_COMPACT" ]
      }
    ],
    "use_action": { "type": "holster", "holster_prompt": "Stash magazine", "holster_msg": "You stash your %s" },
    "flags": [ "STURDY", "NO_SALVAGE" ],
    "armor": [
      {
        "encumbrance": 12,
        "coverage": 100,
        "covers": [ "leg_l", "leg_r", "torso", "arm_l", "arm_r", "hand_l", "hand_r", "foot_l", "foot_r" ]
      }
    ]
  },
  {
    "id": "mil_armor",
    "type": "ITEM",
    "subtypes": [ "ARMOR" ],
    "category": "armor",
    "name": { "str_sp": "sentinel armor" },
    "description": "A full-body suit of gray ballistic armor, one size fits most, with separate helmet.  Made with leather lining and advanced composite plates, it provides adequate protection against anything up to intermediate caliber ammunition, but may fail against full-power rifle rounds.  It also has two adjustable pouches for various sizes of magazines.",
    "weight": "11700 g",
    "volume": "11250 ml",
    "price": "1750 USD",
    "price_postapoc": "1750 cent",
    "to_hit": -3,
    "melee_damage": { "bash": 5 },
    "material": [ "c_superalloy_composite_medium", "leather" ],
    "symbol": "[",
    "color": "dark_gray",
    "looks_like": "power_armor_basic",
    "warmth": 30,
    "material_thickness": 1,
    "environmental_protection": 5,
    "//": "Designed to be able to hold military atomic cells.",
    "pocket_data": [
      {
        "moves": 40,
        "min_volume": "35 ml",
        "max_contains_volume": "1500 ml",
        "max_contains_weight": "5 kg",
        "holster": true,
        "flag_restriction": [ "MAG_COMPACT" ]
      },
      {
        "moves": 40,
        "min_volume": "35 ml",
        "max_contains_volume": "1500 ml",
        "max_contains_weight": "5 kg",
        "holster": true,
        "flag_restriction": [ "MAG_COMPACT" ]
      }
    ],
    "use_action": { "type": "holster", "holster_prompt": "Stash magazine", "holster_msg": "You stash your %s" },
    "flags": [ "STURDY", "NO_SALVAGE" ],
    "armor": [
      {
        "encumbrance": 24,
        "coverage": 100,
        "covers": [ "leg_l", "leg_r", "torso", "arm_l", "arm_r", "hand_l", "hand_r", "foot_l", "foot_r" ]
      }
    ]
  },
  {
    "id": "hmil_armor",
    "type": "ITEM",
    "subtypes": [ "ARMOR" ],
    "category": "armor",
    "name": { "str_sp": "heavy sentinel armor" },
    "description": "A heavy-duty full-body suit of gray ballistic armor, one size fits most, with separate helmet.  Made from heavy-duty lining with advanced plating, it protects the body rather well against most rifle rounds, but may be too cumbersome for most situations.  It also has two adjustable pouches for various sizes of magazines.",
    "weight": "20250 g",
    "volume": "13500 ml",
    "price": "2000 USD",
    "price_postapoc": "20 USD",
    "to_hit": -3,
    "melee_damage": { "bash": 5 },
    "material": [ "c_superalloy_composite_heavy", "steel" ],
    "symbol": "[",
    "color": "dark_gray",
    "looks_like": "power_armor_heavy",
    "warmth": 30,
    "material_thickness": 1,
    "environmental_protection": 5,
    "//": "Designed to be able to hold military atomic cells.",
    "pocket_data": [
      {
        "moves": 40,
        "min_volume": "35 ml",
        "max_contains_volume": "1500 ml",
        "max_contains_weight": "5 kg",
        "holster": true,
        "flag_restriction": [ "MAG_COMPACT", "MAG_BULKY" ]
      },
      {
        "moves": 40,
        "min_volume": "35 ml",
        "max_contains_volume": "1500 ml",
        "max_contains_weight": "5 kg",
        "holster": true,
        "flag_restriction": [ "MAG_COMPACT", "MAG_BULKY" ]
      }
    ],
    "use_action": { "type": "holster", "holster_prompt": "Stash magazine", "holster_msg": "You stash your %s" },
    "flags": [ "STURDY", "NONCONDUCTIVE", "NO_SALVAGE" ],
    "armor": [
      {
        "encumbrance": 36,
        "coverage": 100,
        "covers": [ "leg_l", "leg_r", "torso", "arm_l", "arm_r", "hand_l", "hand_r", "foot_l", "foot_r" ]
      }
    ]
  },
  {
    "id": "lmil_helm",
    "type": "ITEM",
    "subtypes": [ "ARMOR" ],
    "category": "armor",
    "name": { "str_sp": "light military helmet" },
    "description": "A fairly light full-face ballistic helmet, one size fits most.  Made from a fabric lining with advanced composite plates, it is only rated for pistol-caliber rounds and fragmentation.",
    "weight": "1005 g",
    "volume": "1 L",
    "price": "1600 USD",
    "price_postapoc": "16 USD",
    "to_hit": -2,
    "melee_damage": { "bash": 2 },
    "material": [ "c_superalloy_composite", "cotton" ],
    "symbol": "[",
    "color": "dark_gray",
    "looks_like": "power_armor_helmet_light",
    "warmth": 30,
    "material_thickness": 1,
    "environmental_protection": 5,
    "flags": [ "STURDY", "NO_SALVAGE" ],
    "armor": [ { "encumbrance": 12, "coverage": 100, "covers": [ "head", "eyes", "mouth" ] } ]
  },
  {
    "id": "mil_helm",
    "type": "ITEM",
    "subtypes": [ "ARMOR" ],
    "category": "armor",
    "name": { "str_sp": "military helmet" },
    "description": "A full-face ballistic helmet, one size fits most.  Made with leather lining and advanced composite plates, it provides adequate protection against anything up to intermediate caliber ammunition.",
    "weight": "1300 g",
    "volume": "1250 ml",
    "price": "1750 USD",
    "price_postapoc": "1750 cent",
    "to_hit": -2,
    "melee_damage": { "bash": 2 },
    "material": [ "c_superalloy_composite_medium", "leather" ],
    "symbol": "[",
    "color": "dark_gray",
    "looks_like": "power_armor_helmet_basic",
    "warmth": 30,
    "material_thickness": 1,
    "environmental_protection": 5,
    "flags": [ "STURDY", "NO_SALVAGE" ],
    "armor": [ { "encumbrance": 24, "coverage": 100, "covers": [ "head", "eyes", "mouth" ] } ]
  },
  {
    "id": "hmil_helm",
    "type": "ITEM",
    "subtypes": [ "ARMOR" ],
    "category": "armor",
    "name": { "str_sp": "heavy military helmet" },
    "description": "A heavy-duty full-face ballistic helmet, one size fits most.  Made from heavy-duty lining with advanced plating, it protects the head rather well against most rifle rounds.",
    "weight": "2250 g",
    "volume": "1500 ml",
    "price": "2000 USD",
    "price_postapoc": "20 USD",
    "to_hit": -2,
    "melee_damage": { "bash": 2 },
    "material": [ "c_superalloy_composite_heavy", "steel" ],
    "symbol": "[",
    "color": "dark_gray",
    "looks_like": "power_armor_helmet_heavy",
    "warmth": 30,
    "material_thickness": 1,
    "environmental_protection": 5,
    "flags": [ "STURDY", "NONCONDUCTIVE", "NO_SALVAGE", "SLEEP_IGNORE" ],
    "armor": [ { "encumbrance": 36, "coverage": 100, "covers": [ "head", "eyes", "mouth" ] } ]
  },
  {
    "id": "bikini_bottom_leather",
    "copy-from": "bikini_bottom",
    "repairs_like": "bikini_bottom",
    "type": "ITEM",
    "subtypes": [ "ARMOR" ],
    "name": { "str": "leather bikini bottom" },
    "description": "A simple leather bikini bottom.",
    "material": [ "leather" ],
    "warmth": 5,
    "delete": { "flags": [ "WATER_FRIENDLY" ] }
  },
  {
    "id": "bikini_bottom_fur",
    "copy-from": "bikini_bottom",
    "repairs_like": "bikini_bottom",
    "type": "ITEM",
    "subtypes": [ "ARMOR" ],
    "name": { "str": "fur bikini bottom" },
    "description": "A simple fur bikini bottom.",
    "material": [ "fur" ],
    "warmth": 10,
    "delete": { "flags": [ "WATER_FRIENDLY" ] }
  },
  {
    "id": "thong",
    "copy-from": "panties",
    "repairs_like": "panties",
    "type": "ITEM",
    "subtypes": [ "ARMOR" ],
    "name": { "str": "thong" },
    "description": "Women's underwear that covers a little less than normal in exchange for stares.",
    "warmth": 0,
    "armor": [ { "coverage": 40, "covers": [ "leg_l", "leg_r" ], "specifically_covers": [ "leg_hip_l", "leg_hip_r" ] } ]
  },
  {
    "id": "dress_skirt",
    "copy-from": "skirt",
    "repairs_like": "jeans",
    "type": "ITEM",
    "subtypes": [ "ARMOR" ],
    "name": { "str": "dress skirt" },
    "description": "A short yet professional looking cotton skirt.  Somewhat easy to move in, but has no pockets.",
    "pocket_data": [  ]
  },
  {
    "id": "microskirt",
    "copy-from": "skirt",
    "repairs_like": "jeans",
    "type": "ITEM",
    "subtypes": [ "ARMOR" ],
    "name": { "str": "microskirt" },
    "description": "A skirt that is on the short side.  No pockets but it is comfortable to wear.",
    "pocket_data": [  ],
    "armor": [ { "coverage": 80, "covers": [ "leg_l", "leg_r" ], "specifically_covers": [ "leg_hip_l", "leg_hip_r" ] } ]
  },
  {
    "type": "mutation",
    "id": "C_MIGO_HEAT_BONUS",
    "name": { "str": "Carapace Armor Cooling" },
    "points": 99,
    "valid": false,
    "description": "This is used to make salvaged carapace armor provide further cooling if overheating.",
    "player_display": false,
    "bodytemp_modifiers": [ -1000, 0 ]
  },
  {
    "id": "c_mi_go_carapace_salvaged",
    "looks_like": "rm13_armor",
    "type": "ITEM",
    "subtypes": [ "TOOL", "ARMOR", "ARTIFACT" ],
    "symbol": "[",
    "color": "green",
    "name": { "str": "salvaged carapace armor" },
    "description": "A second skin of alien sinew and steel support, covered in armor plates made of resin.  Salvaged using pre-cataclysm research into other living weaponry, it's been practically mutilated to fit a human (or mutant) wearer.  Activating it will reduce the suit's encumbrance, make your attacks faster, enhance strength and dexterity, protect the wearer from toxic gas, serve as a rebreather, enhance stamina and carry capacity, and provide some protection from outside temperature.  Recharges in sunlight, being active will also gradually fatigue the user and affect healthiness, plus render them more vulnerable to electric shocks.",
    "flags": [ "OVERSIZE", "STURDY", "SKINTIGHT", "PADDED", "SWIM_GOGGLES", "SUN_GLASSES" ],
    "max_worn": 1,
    "price_postapoc": "80 USD",
    "material": [ "alien_resin", "flesh", "steel" ],
    "weight": "20 kg",
    "volume": "25 L",
    "to_hit": -3,
    "tool_ammo": "battery",
    "pocket_data": [ { "pocket_type": "MAGAZINE", "rigid": true, "ammo_restriction": { "battery": 100 } } ],
    "use_action": {
      "type": "transform",
      "msg": "The carapace comes to life, spiracles dilating as environmental seals close.",
      "target": "c_mi_go_carapace_salvaged_on",
      "active": true,
      "need_worn": true,
      "need_charges": 1,
      "need_charges_msg": "The carapace suit doesn't respond, evidently out of energy."
    },
    "charge_info": { "recharge_type": "solar_sunny", "time": "1 m", "regenerate_ammo": true },
    "passive_effects": [
      {
        "has": "WORN",
        "condition": "ACTIVE",
        "incoming_damage_mod": [ { "type": "electric", "multiply": 0.5 } ],
        "values": [
          { "value": "STRENGTH", "add": 2 },
          { "value": "DEXTERITY", "add": 1 },
          { "value": "ATTACK_SPEED", "multiply": -0.25 },
          { "value": "CARRY_WEIGHT", "multiply": 1.5 },
          { "value": "CLIMATE_CONTROL_HEAT", "add": 50 },
          { "value": "CLIMATE_CONTROL_CHILL", "add": 50 }
        ],
        "ench_effects": [ { "effect": "c_mi_go_carapace_stamina", "intensity": 1 } ],
        "mutations": [ "C_MIGO_HEAT_BONUS" ]
      }
    ],
    "warmth": 10,
    "material_thickness": 4,
    "environmental_protection": 5,
    "armor": [
      {
        "encumbrance": 30,
        "coverage": 100,
        "covers": [ "head", "mouth", "eyes", "torso", "arm_l", "arm_r", "hand_l", "hand_r", "leg_l", "leg_r", "foot_l", "foot_r" ]
      }
    ]
  },
  {
    "id": "c_mi_go_carapace_salvaged_on",
    "copy-from": "c_mi_go_carapace_salvaged",
    "type": "ITEM",
    "subtypes": [ "TOOL", "ARMOR" ],
    "name": { "str": "salvaged carapace armor (on)", "str_pl": "salvaged carapace armors (on)" },
    "description": "A second skin of alien sinew and steel support, covered in armor plates made of resin.  Salvaged using pre-cataclysm research into other living weaponry, it's been practically mutilated to fit a human (or mutant) wearer.  Currently active, it enhances strength and dexterity, make your attacks faster, protects the wearer from toxic gas, serves as a rebreather, enhances stamina and carry capacity, and provides some protection from outside temperature.  Recharges in sunlight, being active also gradually fatigues the user and affects healthiness, plus renders them more vulnerable to electric shocks.",
    "turns_per_charge": 150,
    "revert_to": "c_mi_go_carapace_salvaged",
    "use_action": {
      "target": "c_mi_go_carapace_salvaged",
      "msg": "The suit's sinews go slack, releasing you from its grasp.",
      "type": "transform",
      "ammo_scale": 0
    },
    "extend": { "flags": [ "WATERPROOF", "RAINPROOF", "GAS_PROOF", "REBREATHER", "NO_TAKEOFF" ] },
    "material": [ "alien_resin", "flesh", "steel" ],
    "warmth": 0,
    "material_thickness": 4,
    "environmental_protection": 15,
    "armor": [
      {
        "encumbrance": 30,
        "coverage": 100,
        "covers": [ "head", "mouth", "eyes", "torso", "arm_l", "arm_r", "hand_l", "hand_r", "leg_l", "leg_r", "foot_l", "foot_r" ]
      }
    ]
  },
  {
    "id": "c_mi_go_wings_salvaged",
    "type": "ITEM",
    "subtypes": [ "TOOL", "ARMOR", "ARTIFACT" ],
    "symbol": "[",
    "color": "green",
    "name": { "str": "set of salvaged exo-wings", "str_pl": "sets of salvaged exo-wings" },
    "description": "A harness from which jut thin, green iridescent wings, steel wires and joints meshed with thick alien nervous cords.  Salvaged using pre-cataclysm research into other living weaponry, it's been heavily altered to fit a human (or mutant) wearer.  Activating it will grant immunity to falling damage and vastly speed up movement.  It seems to recharge from sunlight, and being active will also gradually fatigue the user.",
    "flags": [ "OVERSIZE", "STURDY", "BELTED", "PADDED" ],
    "max_worn": 1,
    "price_postapoc": "40 USD",
    "material": [ "alien_resin", "flesh", "steel" ],
    "weight": "2 kg",
    "volume": "5 L",
    "to_hit": -3,
    "tool_ammo": "battery",
    "pocket_data": [ { "pocket_type": "MAGAZINE", "rigid": true, "ammo_restriction": { "battery": 100 } } ],
    "use_action": {
      "type": "transform",
      "msg": "The exo-wings whir to life, becoming a fluttering blur of green and gray.",
      "target": "c_mi_go_wings_salvaged_on",
      "active": true,
      "need_worn": true,
      "need_charges": 1,
      "need_charges_msg": "The exo-wings don't respond, evidently out of energy."
    },
    "charge_info": { "recharge_type": "solar_sunny", "time": "1 m", "regenerate_ammo": true },
    "passive_effects": [
      {
        "has": "WORN",
        "condition": "ACTIVE",
        "values": [ { "value": "MOVE_COST", "multiply": -0.5 }, { "value": "BONUS_DODGE", "add": 5 } ],
        "ench_effects": [ { "effect": "c_mi_go_wings_immunity", "intensity": 1 } ]
      }
    ],
    "material_thickness": 2,
    "armor": [ { "encumbrance": 10, "coverage": 40, "covers": [ "torso" ], "specifically_covers": [ "torso_waist" ] } ]
  },
  {
    "id": "c_mi_go_wings_salvaged_on",
    "copy-from": "c_mi_go_wings_salvaged",
    "type": "ITEM",
    "subtypes": [ "TOOL", "ARMOR" ],
    "name": { "str": "set of salvaged exo-wings (on)", "str_pl": "sets of salvaged exo-wings (on)" },
    "description": "A set of thin, green iridescent wings, steel wires and joints meshed with thick alien nervous cords.  They are currently buzzing with life, greatly speeding up movement and enhancing dodge as well as granting immunity to falling damage, in exchange for increased fatigue gain.",
    "turns_per_charge": 75,
    "revert_to": "c_mi_go_wings_salvaged",
    "use_action": {
      "target": "c_mi_go_wings_salvaged",
      "msg": "The exo-wings go limp as they shut down.",
      "type": "transform",
      "ammo_scale": 0
    },
    "extend": { "flags": [ "NO_TAKEOFF" ] },
    "armor": [ { "encumbrance": 0, "coverage": 40, "covers": [ "torso" ], "specifically_covers": [ "torso_waist" ] } ]
  },
  {
    "id": "cowboy_hat_surv",
    "copy-from": "cowboy_hat",
    "type": "ITEM",
    "subtypes": [ "ARMOR" ],
    "name": { "str": "survivor cowboy hat" },
    "description": "A wide-brimmed hat that's been modified with kevlar padding, and bandolier loops sewn onto the hat band.  Perfect for holding a few cartridges somewhere out of the way, its adjustable loops fitting a wide variety of ammunition.",
    "weight": "420 g",
    "price_postapoc": "5 USD",
    "material": [ "leather", "cotton", "kevlar" ],
    "warmth": 10,
    "material_thickness": 4,
    "valid_mods": [ "steel_padded" ],
    "pocket_data": [
      {
        "ammo_restriction": {
          "32": 12,
          "762x25": 12,
          "38": 12,
          "357mag": 12,
          "357sig": 12,
          "380": 12,
          "38super": 12,
          "40": 12,
          "10mm": 12,
          "44": 12,
          "45": 12,
          "45colt": 12,
          "46": 12,
          "57": 12,
          "9x18": 12,
          "9mm": 12,
          "454": 12,
          "500": 12,
          "22": 12,
          "223": 12,
          "270win": 12,
          "300blk": 12,
          "545x39": 12,
          "3006": 12,
          "308": 12,
          "300": 12,
          "762": 12,
          "762R": 12,
          "8x40mm": 12,
          "4570": 12,
          "50": 12,
          "458wm": 12,
          "410shot": 12,
          "shot": 12,
          "20x66mm": 12,
          "signal_flare": 12,
          "flintlock": 12,
          "36paper": 12,
          "44paper": 12,
          "blunderbuss": 12
        },
        "moves": 30
      }
    ],
    "armor": [ { "encumbrance": 20, "coverage": 75, "covers": [ "head" ] } ],
    "extend": { "effects": [ "STURDY" ] }
  },
  {
    "type": "ITEM",
    "subtypes": [ "ARMOR" ],
    "id": "legrig_surv",
    "name": { "str": "survivor leg rig" },
    "description": "A custom set of low-slung adjustable straps and rings, designed to secure a variety of equipment strapped to the legs.  Its straps can handle a wide range of short blades, firearms, magazines, and most items that would fit on a tool belt.  Activate it to store up to 4 items.",
    "weight": "250 g",
    "volume": "1500 ml",
    "price": "100 USD",
    "price_postapoc": "5 USD",
    "material": [ "cotton", "leather" ],
    "symbol": "[",
    "looks_like": "legrig",
    "color": "dark_gray",
    "material_thickness": 1,
    "pocket_data": [
      {
        "moves": 75,
        "min_volume": "50 ml",
        "max_contains_volume": "2 L",
        "max_contains_weight": "5 kg",
        "max_item_length": "762 mm",
        "skills": [ "pistol", "smg", "shotgun", "rifle" ],
        "holster": true
      },
      {
        "moves": 75,
        "min_volume": "50 ml",
        "max_contains_volume": "2 L",
        "max_contains_weight": "5 kg",
        "max_item_length": "762 mm",
        "skills": [ "pistol", "smg", "shotgun", "rifle" ],
        "holster": true
      },
      {
        "moves": 75,
        "min_volume": "50 ml",
        "max_contains_volume": "2 L",
        "max_contains_weight": "5 kg",
        "max_item_length": "762 mm",
        "holster": true,
        "flag_restriction": [ "SHEATH_KNIFE", "BELT_CLIP", "SHEATH_SWORD", "MAG_COMPACT", "MAG_BULKY", "SPEEDLOADER" ]
      },
      {
        "moves": 75,
        "min_volume": "50 ml",
        "max_contains_volume": "2 L",
        "max_contains_weight": "5 kg",
        "max_item_length": "762 mm",
        "holster": true,
        "flag_restriction": [ "SHEATH_KNIFE", "BELT_CLIP", "SHEATH_SWORD", "MAG_COMPACT", "MAG_BULKY", "SPEEDLOADER" ]
      }
    ],
    "use_action": { "type": "holster", "holster_prompt": "Stash item", "holster_msg": "You stash your %s" },
    "flags": [ "WATER_FRIENDLY", "BELTED", "OVERSIZE" ],
    "armor": [
      {
        "encumbrance": [ 2, 6 ],
        "coverage": 20,
        "covers": [ "leg_l", "leg_r" ],
        "specifically_covers": [ "leg_upper_r", "leg_upper_l" ]
      }
    ]
  },
  {
    "type": "mutation",
    "id": "C_MOVE_NOISE",
    "name": { "str": "makeshift hydraulic armor Noise" },
    "points": 99,
    "valid": false,
    "//": "rand_bash_bonus has been removed without any replacement, so now using the average of the old 3-6 damage",
    "description": "This is used to make the player a lot less stealthy, but also punch harder on top of the armor's strength bonus.",
    "player_display": false,
    "scent_intensity": 1200,
    "enchantments": [
      { "melee_damage_bonus": [ { "type": "bash", "add": 4.5 } ] },
      { "values": [ { "value": "STEALTH_MODIFIER", "add": -10 }, { "value": "FOOTSTEP_NOISE", "multiply": 4.0 } ] }
    ]
  },
  {
    "id": "c_power_armor_surv",
    "type": "ITEM",
    "subtypes": [ "TOOL", "ARMOR", "ARTIFACT" ],
    "category": "clothing",
    "symbol": "[",
    "color": "dark_gray",
    "looks_like": "rm13_armor",
    "name": { "str": "makeshift hydraulic armor" },
    "description": "An incredibly heavy suit of steel and kevlar plates covering a network of hydraulics, driven by pieces of a stripped-down diesel engine jury-rigged to assist the wearer's movements.  When running it will increase your strength and raw speed, plus make it less encumbering to wear, but the motors make things warm and make stealth harder.",
    "flags": [ "OVERSIZE", "STURDY", "OUTER", "ALLOWS_NATURAL_ATTACKS", "PADDED" ],
    "price": "500 USD",
    "price_postapoc": "50 USD",
    "material": [ "steel", "kevlar_rigid" ],
    "weight": "50 kg",
    "volume": "40 L",
    "to_hit": -3,
    "tool_ammo": [ "diesel", "lamp_oil", "crude_lamp_oil", "motor_oil", "jp8" ],
    "pocket_data": [
      {
        "pocket_type": "MAGAZINE",
        "rigid": true,
        "watertight": true,
        "ammo_restriction": { "diesel": 2000, "lamp_oil": 2000, "crude_lamp_oil": 2000, "motor_oil": 2000, "jp8": 2000 }
      }
    ],
    "passive_effects": [
      {
        "has": "WORN",
        "condition": "ACTIVE",
        "values": [ { "value": "STRENGTH", "add": 4 }, { "value": "SPEED", "add": 10 }, { "value": "CARRY_WEIGHT", "multiply": 2.0 } ],
        "mutations": [ "C_MOVE_NOISE" ]
      }
    ],
    "charges_per_use": 1,
    "use_action": {
      "type": "fireweapon_off",
      "target_id": "c_power_armor_surv_on",
      "moves": 100,
      "noise": 10,
      "success_chance": 2,
      "success_message": "Your makeshift hydraulic armor roars to life, servos kicking into gear!",
      "failure_message": "Your armor sputters but fails to start up."
    },
    "warmth": 15,
    "environmental_protection": 3,
    "material_thickness": 8,
    "armor": [
      {
        "encumbrance": 45,
        "coverage": 90,
        "covers": [ "head", "mouth", "eyes", "torso", "arm_l", "arm_r", "hand_l", "hand_r", "leg_l", "leg_r", "foot_l", "foot_r" ]
      }
    ]
  },
  {
    "id": "c_power_armor_surv_on",
    "copy-from": "c_power_armor_surv",
    "repairs_like": "c_power_armor_surv",
    "type": "ITEM",
    "subtypes": [ "TOOL", "ARMOR" ],
    "name": { "str": "makeshift hydraulic armor (on)", "str_pl": "makeshift hydraulic armors (on)" },
    "description": "An incredibly heavy suit of steel and kevlar plates covering a network of hydraulics, driven by pieces of a stripped-down diesel engine jury-rigged to assist the wearer's movements.  It's currently active, strengthening the wearer, increasing raw speed and making the armor less encumbering, but also being warmer and making stealth more difficult.",
    "extend": { "effects": [ "TRADER_AVOID" ] },
    "//": "power_draw does not actually work sanely for non-battery items, so value fits for roughly how many turns one unit of the weakest allowed fuel would last at twice the power draw of vanilla power armor, rounded down.",
    "turns_per_charge": 6,
    "revert_to": "c_power_armor_surv",
    "revert_msg": "Your makeshift hydraulic armor sputters and dies!",
    "use_action": [
      {
        "type": "transform",
        "target": "c_power_armor_surv",
        "msg": "You shut the makeshift hydraulic armor off.",
        "menu_text": "Turn off"
      }
    ],
    "tick_action": [
      {
        "type": "fireweapon_on",
        "noise_chance": 5,
        "noise_message": "Your armor whirs with activity.",
        "charges_extinguish_message": "Your makeshift hydraulic armor sputters and dies!",
        "water_extinguish_message": "Your armor's engine floods and cuts out!"
      }
    ],
    "warmth": 45,
    "armor": [
      {
        "encumbrance": 15,
        "coverage": 90,
        "covers": [ "head", "mouth", "eyes", "torso", "arm_l", "arm_r", "hand_l", "hand_r", "leg_l", "leg_r", "foot_l", "foot_r" ]
      }
    ]
  }
]
