[
  {
    "id": "bio_laser_minigun",
    "type": "ITEM",
    "subtypes": [ "GUN" ],
    "name": { "str": "laser gatling arm" },
    "description": "Your left arm is currently transformed into a ups powered laser gatling gun.  Fire it as if it was any other gun.",
    "volume": "3 L",
    "weight": "3 kg",
    "material": [ "steel", "plastic" ],
    "symbol": "(",
    "color": "magenta",
    "skill": "rifle",
    "range": 30,
    "ranged_damage": { "damage_type": "heat", "amount": 20, "armor_penetration": 15 },
    "energy_drain": "40 kJ",
    "dispersion": 10,
    "sight_dispersion": 150,
    "durability": 10,
    "modes": [ [ "DEFAULT", "auto", 5 ] ],
    "reload": 500,
    "ammo_effects": [ "LASER", "INCENDIARY" ],
    "flags": [ "NEVER_JAMS", "NO_DROP", "TRADER_AVOID", "NON_FOULING", "NEEDS_NO_LUBE", "USES_BIONIC_POWER" ]
  },
  {
    "type": "bionic",
    "id": "bio_laser_armgun",
    "name": { "str": "Laser Gatling Arm" },
    "//": "To be re-added if this ever gets accessible in JSON: However, you are unable to use or carry two-handed items, and your strength limits what you can use with your one hand.",
    "occupied_bodyparts": [ [ "arm_l", 10 ] ],
    "fake_weapon": "bio_laser_minigun",
    "description": "Your left arm has been outfitted with a complex array of rotating laser projectors.  Or in layman's terms, a laser gatling gun!  You may use your energy banks to fire a barrage of lasers.",
    "flags": [ "BIONIC_GUN" ]
  },
  {
    "id": "bio_laser_armgun",
    "copy-from": "bionic_general",
    "type": "ITEM",
    "subtypes": [ "BIONIC_ITEM" ],
    "name": { "str": "Laser Gatling Arm CBM" },
    "description": "Your left arm has been outfitted with a complex array of rotating laser projectors.  Or in layman's terms, a laser gatling gun!  You may use your energy banks to fire a barrage of lasers.",
    "price": "2200 USD",
    "difficulty": 3
  },
  {
    "type": "ITEM",
    "id": "bio_sword_weapon",
    "weapon_category": [ "BIONIC_WEAPONRY", "BIONIC_SWORDS" ],
    "name": { "str": "monomolecular sword" },
    "description": "A yard-long sword made from high-tech alloy and edged with bonded nanocrystals.",
    "weight": "300 g",
    "to_hit": 3,
    "color": "dark_gray",
    "symbol": "{",
    "looks_like": "bio_blade_weapon",
    "material": [ "superalloy" ],
    "techniques": [ "RAPID", "WBLOCK_2" ],
    "volume": "2250 ml",
    "melee_damage": { "cut": 48 },
    "flags": [ "BIONIC_WEAPON", "UNBREAKABLE_MELEE", "TRADER_AVOID" ],
    "qualities": [ [ "CUT", 2 ], [ "BUTCHER", 20 ] ]
  },
  {
    "type": "bionic",
    "id": "bio_sword",
    "name": { "str": "Monomolecular Sword" },
    "occupied_bodyparts": [ [ "arm_r", 5 ], [ "hand_r", 2 ] ],
    "act_cost": "150 J",
    "fake_weapon": "bio_sword_weapon",
    "description": "A deadly yard-long blade made of advanced material now resides inside your forearm, capable of being extended through the back of your wrist at the cost of a small amount of power.  Though exceptionally sharp, it will prevent you from holding anything else while extended.",
    "flags": [ "BIONIC_TOGGLED", "BIONIC_WEAPON", "USES_BIONIC_POWER" ]
  },
  {
    "id": "bio_sword",
    "copy-from": "bionic_general",
    "type": "ITEM",
    "subtypes": [ "BIONIC_ITEM" ],
    "name": { "str": "Monomolecular Sword CBM" },
    "description": "A deadly yard-long blade made of advanced material now resides inside your forearm, capable of being extended through the back of your wrist at the cost of a small amount of power.  Though exceptionally sharp, it will prevent you from holding anything else while extended.",
    "price": "250 USD",
    "difficulty": 8
  },
  {
    "id": "bio_flamethrower_gun",
    "type": "ITEM",
    "subtypes": [ "GUN" ],
    "name": { "str": "dual-hand flamethrower" },
    "description": "Implanted in the palms of your hands lie a compact flamethrower system that uses bionic power and oxygen in the air as ignition, use as any other gun.",
    "volume": "3 L",
    "weight": "3 kg",
    "material": [ "steel", "plastic" ],
    "symbol": "(",
    "color": "red",
    "skill": "rifle",
    "range": 5,
    "ranged_damage": { "damage_type": "heat", "amount": 5 },
    "energy_drain": "50 kJ",
    "dispersion": 300,
    "sight_dispersion": 150,
    "durability": 10,
    "modes": [ [ "DEFAULT", "auto", 2 ] ],
    "reload": 500,
    "ammo_effects": [ "FLAME", "INCENDIARY" ],
    "flags": [ "NEVER_JAMS", "NO_DROP", "TRADER_AVOID", "NON_FOULING", "NEEDS_NO_LUBE", "USES_BIONIC_POWER" ]
  },
  {
    "type": "bionic",
    "id": "bio_flamethrower",
    "name": { "str": "Dual-Hand Flamethrower" },
    "occupied_bodyparts": [ [ "hand_r", 2 ], [ "hand_l", 2 ] ],
    "fake_weapon": "bio_flamethrower_gun",
    "description": "Implanted in the palms of your hands lie a compact flamethrower system that uses bionic power and oxygen in the air as ignition, use as any other gun.",
    "flags": [ "BIONIC_GUN" ]
  },
  {
    "id": "bio_flamethrower",
    "copy-from": "bionic_general",
    "type": "ITEM",
    "subtypes": [ "BIONIC_ITEM" ],
    "name": { "str": "Dual-Hand Flamethrower CBM" },
    "description": "Implanted in the palms of your hands lie a compact flamethrower system that uses bionic power and oxygen in the air as ignition, use as any other gun.",
    "price": "2200 USD",
    "difficulty": 4
  },
  {
    "id": "bio_plasma_cell",
    "type": "bionic",
    "name": { "str": "Plasma Pulse Cell" },
    "//": "Spikes of power at low efficiency because the available fuels have much smaller stack sizes than most fuels.  Since hydrogen is energy-dense, power per unit is massive.",
    "description": "Implanted in your chest is a small, advanced form of hydrogen fuel cell.  Designed to produce a spike of power production for cutting-edge military cybernetics, it is significantly less efficient than a traditional hydrogen fuel cell, but each pulse still puts out a lot of power.  Each pulse vents a jet of intense heat, making it dangerous in confined spaces.  It has two chambers, this one is configured for military-grade hydrogen canisters.",
    "occupied_bodyparts": [ [ "torso", 15 ] ],
    "fuel_options": [ "hydrogen_cell" ],
    "fuel_efficiency": 0.25,
    "exothermic_power_gen": true,
    "time": 1,
    "flags": [ "BIONIC_TOGGLED", "BIONIC_POWER_SOURCE", "BIONIC_NPC_USABLE" ],
    "included_bionics": [ "bio_plasma_cell_hydrogen" ],
    "passive_pseudo_items": [ "c_internal_plasma_tank" ]
  },
  {
    "id": "c_internal_plasma_tank",
    "type": "ITEM",
    "category": "container",
    "name": { "str": "internal plasma tank" },
    "description": "Internal tank for Plasma Pulse Cell bionic.",
    "volume": "501 ml",
    "weight": "1 g",
    "price": "0 cent",
    "material": [ "plastic" ],
    "symbol": "(",
    "color": "magenta",
    "flags": [ "INTEGRATED", "UNBREAKABLE", "PERSONAL", "NO_REPAIR", "ALLOWS_NATURAL_ATTACKS", "BIONIC_FUEL_SOURCE", "TARDIS" ],
    "pocket_data": [
      {
        "pocket_type": "CONTAINER",
        "watertight": true,
        "rigid": true,
        "max_contains_volume": "1000 ml",
        "max_item_volume": "200 ml",
        "max_contains_weight": "1 kg",
        "material_restriction": [ "hydrogen_cell" ]
      }
    ]
  },
  {
    "id": "bio_plasma_cell_hydrogen",
    "type": "bionic",
    "name": { "str": "Hydrogen Pulse Cell" },
    "description": "A small, advanced form of hydrogen fuel cell, designed to produce a spike of power production for cutting-edge military cybernetics.  This is the separate chamber for burning lower-pressure hydrogen, for less intense bursts of bionic energy.",
    "fuel_options": [ "c_hydrogen_gas" ],
    "fuel_efficiency": 0.25,
    "exothermic_power_gen": true,
    "time": 1,
    "flags": [ "BIONIC_TOGGLED", "BIONIC_POWER_SOURCE", "BIONIC_NPC_USABLE" ],
    "included": true,
    "passive_pseudo_items": [ "c_internal_hydrogen_tank" ]
  },
  {
    "id": "c_internal_hydrogen_tank",
    "type": "ITEM",
    "category": "container",
    "name": { "str": "internal hydrogen tank" },
    "description": "Internal tank for Hydrogen Pulse Cell bionic.",
    "volume": "501 ml",
    "weight": "1 g",
    "price": "0 cent",
    "material": [ "plastic" ],
    "symbol": "(",
    "color": "magenta",
    "flags": [ "INTEGRATED", "UNBREAKABLE", "PERSONAL", "NO_REPAIR", "ALLOWS_NATURAL_ATTACKS", "BIONIC_FUEL_SOURCE", "TARDIS" ],
    "pocket_data": [
      {
        "pocket_type": "CONTAINER",
        "watertight": true,
        "rigid": true,
        "max_contains_volume": "1000 ml",
        "max_item_volume": "200 ml",
        "max_contains_weight": "1 kg",
        "material_restriction": [ "c_hydrogen_gas" ]
      }
    ]
  },
  {
    "id": "bio_plasma_cell",
    "copy-from": "bionic_general",
    "type": "ITEM",
    "subtypes": [ "BIONIC_ITEM" ],
    "name": { "str": "Plasma Pulse Cell CBM" },
    "looks_like": "bio_fuel_cell_gasoline",
    "description": "This implant provides an experimental military hydrogen cell, able to produce large spikes of power for intense usage.  Its network of pressurized storage has two chambers, one can hold 500 ml of hydrogen gas, the other 5 rounds of denser hydrogen canisters used in plasma weaponry.  The label advises not to use it in confined spaces, and to keep moving if used during a military operation, due to hazardous levels of waste heat.",
    "price": "4500 USD",
    "weight": "600 g",
    "difficulty": 7
  },
  {
    "id": "bio_atomic_battery",
    "type": "bionic",
    "name": { "str": "Atomic Battery" },
    "description": "Your body has been implanted with a compact, advanced plutonium-cell generator for military use.  A true atomic battery, using advanced materials to create a practical alphavoltaic power source.  While its power output is still very low, it's also consistent with negligible waste heat, making it a useful backup to another power generation method.",
    "occupied_bodyparts": [ [ "torso", 10 ] ],
    "enchantments": [ { "values": [ { "value": "POWER_TRICKLE", "add": 6 } ] } ],
    "flags": [ "BIONIC_POWER_SOURCE", "BIONIC_NPC_USABLE", "BIONIC_SHOCKPROOF" ]
  },
  {
    "id": "bio_atomic_battery",
    "copy-from": "bionic_general",
    "type": "ITEM",
    "subtypes": [ "BIONIC_ITEM" ],
    "name": { "str": "Atomic Battery CBM" },
    "description": "An old form of non-thermal radioisotope generator, given new life and military applications using cutting-edge plutonium-catalyst developments.  Effectively a plutonium fuel cell converted into an alphavoltaic battery, with greater power output and longevity than older implants.  Its output is still very low at only 5 watts, but it also provides a continuous source of power, making it a good supplement to a more intensive power generation method.",
    "price": "8000 USD",
    "difficulty": 8
  },
  {
    "id": "bio_hazard_shield",
    "copy-from": "bionic_general",
    "type": "ITEM",
    "subtypes": [ "BIONIC_ITEM" ],
    "name": { "str": "Hazard Stabilizer System CBM" },
    "looks_like": "bio_faraday",
    "description": "A network of specialized medical equipment, implanted just under the skin.  Activating it will induce temporary changes in body chemistry, providing immunity to acid and biological damage, and preventing exposure to contact toxins and venom.",
    "price": "50 USD",
    "weight": "500 g",
    "difficulty": 9
  },
  {
    "id": "bio_hazard_shield",
    "type": "bionic",
    "name": { "str": "Hazard Stabilizer System" },
    "description": "Installed throughout your body, just under the skin, is a network of specialized medical equipment.  When activated, it will synthesize antitoxins and catalyze temporary chemical reactions in the muscles and skin.  While active, you will be immune to acid and biological damage, keeping the body relatively stable even if severely poisoned.  It will also prevent, but not cure, the effects of contact and injected hazards, such as venom.  Food poisoning and toxic gas will still affect you, but you will not take damage-over-time from them.",
    "occupied_bodyparts": [
      [ "torso", 5 ],
      [ "head", 2 ],
      [ "arm_l", 2 ],
      [ "arm_r", 2 ],
      [ "hand_l", 1 ],
      [ "hand_r", 1 ],
      [ "leg_l", 3 ],
      [ "leg_r", 3 ],
      [ "foot_l", 1 ],
      [ "foot_r", 1 ]
    ],
    "flags": [ "BIONIC_TOGGLED" ],
    "enchantments": [ "C_ENCH_HAZARD_SHIELD" ],
    "act_cost": "1 kJ",
    "react_cost": "1 kJ",
    "time": 1
  },
  {
    "type": "enchantment",
    "id": "C_ENCH_HAZARD_SHIELD",
    "condition": "ACTIVE",
    "ench_effects": [ { "effect": "hazard_shield_effect", "intensity": 1 } ]
  },
  {
    "type": "effect_type",
    "id": "hazard_shield_effect",
    "name": [ "Hazard Stabilization" ],
    "desc": [
      "Immunity to acid and biological damage.  Prevents, but does not cure, exposure to contact and injected hazards, such as venom.  Food poisoning and toxic gas will still affect you, but you will not take damage-over-time from them."
    ],
    "blocks_effects": [
      "stung",
      "poison",
      "badpoison",
      "venom_dmg",
      "venom_weaken",
      "bite",
      "spores",
      "paralyzepoison",
      "dermatik",
      "tetanus",
      "corroding"
    ],
    "flags": [ "EFFECT_ACID_IMMUNE", "EFFECT_BIO_IMMUNE" ]
  },
  {
    "id": "bio_cutting_torch",
    "type": "bionic",
    "name": { "str": "Integrated Cutting Torch" },
    "description": "A deployable plasma cutter now resides in your right arm, that can be deployed for a small amount of bionic power.  Once extended, it can then be activated to use as a cutting torch and destroy metal barriers.  More energy intensive than a conventional welder, but can be used for welding if needed.",
    "occupied_bodyparts": [ [ "arm_r", 5 ] ],
    "act_cost": "50 J",
    "fake_weapon": "bio_cutting_torch_item",
    "flags": [ "BIONIC_TOGGLED", "BIONIC_WEAPON" ]
  },
  {
    "id": "bio_cutting_torch",
    "copy-from": "bionic_general",
    "type": "ITEM",
    "subtypes": [ "BIONIC_ITEM" ],
    "name": { "str": "Integrated Cutting Torch CBM" },
    "looks_like": "bio_tools",
    "description": "A deployable plasma cutter implanted in the right arm, that can be deployed for a small amount of bionic power.  It can then be used to destroy metal barriers.  More energy intensive than a conventional welder, but can be used for welding if needed.",
    "price": "8000 USD",
    "difficulty": 6
  },
  {
    "id": "bio_cutting_torch_item",
    "sub": "welder",
    "type": "ITEM",
    "subtypes": [ "TOOL" ],
    "name": { "str": "extended bionic cutting torch" },
    "description": "A bionic plasma cutter, deployed and taking up your hand.  Activate it to destroy metal barriers, as you would a cutting torch.",
    "symbol": "#",
    "color": "white",
    "weight": "226 g",
    "melee_damage": { "bash": 3 },
    "flags": [ "NO_UNWIELD", "NO_DROP", "UNBREAKABLE_MELEE", "TRADER_AVOID", "USES_BIONIC_POWER" ],
    "charges_per_use": 20,
    "use_action": [ "OXYTORCH" ],
    "qualities": [ [ "WELD", 2 ] ]
  },
  {
    "id": "bio_animal_empathy",
    "copy-from": "bionic_general",
    "type": "ITEM",
    "subtypes": [ "BIONIC_ITEM" ],
    "name": { "str": "Biopattern Distortion CBM" },
    "looks_like": "bio_face_mask",
    "description": "A network of implant that can disguise subtle cues that give away a person's presence to wildlife.  While it doesn't seem effective against the undead, it's enough to fool most wildlife when activated, letting the user approach them without detection.",
    "price": "8500 USD",
    "weight": "500 g",
    "difficulty": 7
  },
  {
    "id": "bio_animal_empathy",
    "type": "bionic",
    "name": { "str": "Biopattern Distortion" },
    "description": "An advanced network of implants subtly alters your scent, disguises the sound of your heartbeat, and disrupts other subtle cues.  It won't work on the undead or other unnatural threats, but it will allow you to approach most wildlife unhindered, including mutant animals.",
    "occupied_bodyparts": [ [ "torso", 5 ], [ "head", 3 ] ],
    "flags": [ "BIONIC_TOGGLED" ],
    "enchantments": [ "C_ENCH_BIOPATTERN_DISTORTION" ],
    "act_cost": "1250 J",
    "react_cost": "1250 J",
    "time": 1
  },
  {
    "type": "enchantment",
    "id": "C_ENCH_BIOPATTERN_DISTORTION",
    "condition": "ACTIVE",
    "mutations": [ "C_BIOPATTERN_DISTORTION" ]
  },
  {
    "type": "mutation",
    "id": "C_BIOPATTERN_DISTORTION",
    "name": { "str": "Biopattern Distortion" },
    "points": 99,
    "valid": false,
    "description": "Earthly wildlife, mutant or otherwise, will currently ignore your presence.",
    "player_display": false,
    "ignored_by": [
      "MAMMAL",
      "AMPHIBIAN",
      "BIRD",
      "REPTILE",
      "FISH",
      "INSECT",
      "CENTIPEDE",
      "INSECT_FLYING",
      "SPIDER",
      "MOLLUSK",
      "WORM"
    ],
    "anger_relations": [
      [ "MAMMAL", -95 ],
      [ "AMPHIBIAN", -95 ],
      [ "BIRD", -95 ],
      [ "REPTILE", -95 ],
      [ "FISH", -95 ],
      [ "INSECT", -95 ],
      [ "CENTIPEDE", -95 ],
      [ "INSECT_FLYING", -95 ],
      [ "SPIDER", -95 ],
      [ "MOLLUSK", -95 ],
      [ "WORM", -95 ]
    ]
  },
  {
    "id": "bio_power_storage_sentinel",
    "type": "bionic",
    "name": { "str": "Sentinel Power Storage" },
    "capacity": "1000 kJ",
    "description": "An experimental and rare Compact Bionics Module that increases your power capacity by 1000 kJ.",
    "flags": [ "BIONIC_NPC_USABLE" ]
  },
  {
    "id": "bio_power_storage_sentinel",
    "copy-from": "bionic_general_npc_usable",
    "type": "ITEM",
    "subtypes": [ "BIONIC_ITEM" ],
    "name": { "str_sp": "Sentinel Power Storage CBM" },
    "looks_like": "bio_power_storage_mkII",
    "description": "A Compact Bionics Module developed by Omnitech Labs for military applications based on the highly successful Power Storage CBM.  Increases the user's power capacity by 1000 units.",
    "price": "10000 USD",
    "price_postapoc": "10 USD",
    "weight": "50 g",
    "difficulty": 1
  }
]
