[
  {
    "id": "camping",
    "copy-from": "camping",
    "type": "item_group",
    "extend": { "items": [ [ "hammer_multitool", 10 ], [ "parawatch", 10 ], [ "parabracelets", 10 ] ] }
  },
  {
    "id": "sports",
    "copy-from": "sports",
    "type": "item_group",
    "extend": { "items": [ [ "hammer_multitool", 10 ], [ "parawatch", 10 ], [ "parabracelets", 10 ] ] }
  },
  {
    "id": "allsporting",
    "copy-from": "allsporting",
    "type": "item_group",
    "extend": { "items": [ [ "hammer_multitool", 10 ], [ "parawatch", 10 ], [ "parabracelets", 10 ] ] }
  },
  {
    "id": "gunmod_common",
    "copy-from": "gunmod_common",
    "type": "item_group",
    "extend": { "items": [ [ "auto_case", 10 ], [ "22aux", 10 ], [ "9mmaux", 5 ], [ "45aux", 5 ] ] }
  },
  {
    "id": "gunmod_rare",
    "copy-from": "gunmod_rare",
    "type": "item_group",
    "extend": { "items": [ { "group": "survivor_autocases_cataplus", "prob": 30 }, [ "22aux", 1 ], [ "9mmaux", 1 ], [ "45aux", 1 ] ] }
  },
  {
    "id": "metal_workshop",
    "copy-from": "metal_workshop",
    "type": "item_group",
    "extend": { "items": [ [ "auto_case", 20 ] ] }
  },
  {
    "id": "cop_evidence",
    "copy-from": "cop_evidence",
    "type": "item_group",
    "extend": {
      "items": [
        { "group": "survivor_autocases_cataplus", "prob": 25 },
        [ "22aux", 1 ],
        [ "9mmaux", 1 ],
        [ "45aux", 1 ],
        [ "aux_flamer_diesel", 1 ]
      ]
    }
  },
  {
    "id": "contraband",
    "copy-from": "contraband",
    "type": "item_group",
    "extend": {
      "items": [
        { "group": "survivor_autocases_cataplus", "prob": 25 },
        [ "22aux", 1 ],
        [ "9mmaux", 1 ],
        [ "45aux", 1 ],
        [ "aux_flamer_diesel", 1 ]
      ]
    }
  },
  {
    "id": "lmoe_guns",
    "copy-from": "lmoe_guns",
    "type": "item_group",
    "extend": { "items": [ { "group": "survivor_autocases_cataplus", "prob": 20 }, [ "22aux", 1 ], [ "9mmaux", 1 ], [ "45aux", 1 ] ] }
  },
  {
    "id": "vault",
    "copy-from": "vault",
    "type": "item_group",
    "extend": {
      "items": [
        { "group": "survivor_autocases_cataplus", "prob": 20 },
        [ "22aux", 1 ],
        [ "9mmaux", 1 ],
        [ "45aux", 1 ],
        { "group": "lmil_armor_collection", "prob": 1 },
        { "group": "mil_armor_collection", "prob": 1 },
        { "group": "hmil_armor_collection", "prob": 1 }
      ]
    }
  },
  {
    "id": "mil_hw",
    "copy-from": "mil_hw",
    "type": "item_group",
    "extend": {
      "items": [
        { "group": "lmil_armor_collection", "prob": 2 },
        { "group": "mil_armor_collection", "prob": 2 },
        { "group": "hmil_armor_collection", "prob": 2 }
      ]
    }
  },
  {
    "id": "military",
    "copy-from": "military",
    "type": "item_group",
    "extend": { "items": [ { "group": "c_military_spawn_special", "prob": 250 } ] }
  },
  {
    "id": "mil_surplus",
    "copy-from": "mil_surplus",
    "type": "item_group",
    "extend": { "items": [ [ "mil_surp_pack_1", 1 ], [ "mil_surp_pack_2", 1 ], [ "mil_surp_pack_3", 1 ] ] }
  },
  {
    "id": "survivorzed_suits",
    "copy-from": "survivorzed_suits",
    "type": "item_group",
    "extend": { "items": [ [ "surv_suit", 4 ], [ "surv_armor_suit", 2 ], [ "c_power_armor_surv", 1 ] ] }
  },
  {
    "id": "survivorzed_head",
    "copy-from": "survivorzed_head",
    "type": "item_group",
    "extend": { "items": [ [ "cowboy_hat_surv", 10 ] ] }
  },
  {
    "id": "survivorzed_extra",
    "copy-from": "survivorzed_extra",
    "type": "item_group",
    "extend": { "items": [ [ "survbowpack", 4 ], [ "legrig_surv", 4 ] ] }
  },
  {
    "id": "mansion_bookcase",
    "copy-from": "mansion_bookcase",
    "type": "item_group",
    "subtype": "collection",
    "extend": { "groups": [ [ "encylopedias_rare", 5 ] ] }
  },
  {
    "type": "item_group",
    "id": "book_gunref",
    "copy-from": "book_gunref",
    "//": "Reference books about guns",
    "subtype": "distribution",
    "extend": { "entries": [ { "group": "encylopedias_military", "prob": 5 } ] }
  },
  {
    "type": "item_group",
    "id": "book_survival",
    "copy-from": "book_survival",
    "//": "Survival skill books weighted according to level",
    "subtype": "distribution",
    "extend": { "entries": [ { "group": "encylopedias_survalist", "prob": 5 } ] }
  },
  {
    "type": "item_group",
    "id": "hardware_books",
    "copy-from": "hardware_books",
    "//": "texts and magazines likely to be found in hardware stores and other blue collar places.",
    "subtype": "distribution",
    "extend": { "entries": [ { "group": "encylopedias_industrial", "prob": 5 } ] }
  },
  {
    "id": "lab_bookshelves",
    "copy-from": "lab_bookshelves",
    "type": "item_group",
    "//": "Books you might find on personal or library bookshelves in a secret lab.",
    "subtype": "distribution",
    "extend": { "entries": [ { "group": "encylopedias_lab", "prob": 10 } ] }
  },
  {
    "id": "doctors_books",
    "copy-from": "doctors_books",
    "type": "item_group",
    "subtype": "distribution",
    "extend": { "entries": [ { "item": "encyclopedia_firstaid", "prob": 5 } ] }
  },
  {
    "id": "tailorbooks",
    "copy-from": "tailorbooks",
    "type": "item_group",
    "subtype": "distribution",
    "extend": { "entries": [ { "item": "encyclopedia_tailor", "prob": 5 } ] }
  },
  {
    "id": "homebooks",
    "copy-from": "homebooks",
    "type": "item_group",
    "extend": { "items": [ [ "recipe_surv", 1 ], { "group": "survivor_combative_books", "prob": 1 } ] }
  },
  {
    "id": "manuals",
    "copy-from": "manuals",
    "type": "item_group",
    "extend": { "items": [ [ "recipe_surv", 1 ], { "group": "survivor_combative_books", "prob": 1 } ] }
  },
  {
    "id": "mansion_books",
    "copy-from": "mansion_books",
    "type": "item_group",
    "extend": { "items": [ [ "recipe_surv", 2 ], { "group": "survivor_combative_books", "prob": 3 } ] }
  },
  {
    "id": "shelter",
    "copy-from": "shelter",
    "type": "item_group",
    "extend": { "items": [ [ "recipe_surv", 1 ], { "group": "survivor_combative_books", "prob": 1 }, [ "biomap", 1 ] ] }
  },
  {
    "id": "textbooks",
    "copy-from": "textbooks",
    "type": "item_group",
    "extend": { "items": [ [ "recipe_surv", 2 ], { "group": "survivor_combative_books", "prob": 1 } ] }
  },
  {
    "id": "gear_survival",
    "copy-from": "gear_survival",
    "type": "item_group",
    "extend": { "items": [ { "group": "encylopedias_rare", "prob": 5 }, [ "biomap", 1 ], [ "auto_case", 10 ] ] }
  },
  {
    "id": "helicopter",
    "copy-from": "helicopter",
    "type": "item_group",
    "extend": {
      "items": [
        [ "neo_laser_pistol", 2 ],
        [ "akro_laser_smg", 2 ],
        [ "arc_laser_rifle", 2 ],
        [ "krx_laser_lmg", 2 ],
        [ "mx_laser_sniper", 2 ],
        [ "xarm_laser_shotgun", 2 ],
        [ "br_bolt_rifle_elec", 2 ],
        [ "mk_ionic_cannon", 2 ],
        [ "omnitech_plasma_pistol", 1 ],
        [ "cbm_rtg_inductor", 1 ]
      ]
    }
  },
  {
    "id": "science",
    "copy-from": "science",
    "type": "item_group",
    "extend": {
      "items": [
        {
          "distribution": [ { "item": "neo_laser_pistol", "prob": 50 }, { "item": "neo_laser_pistol_ups", "prob": 50 } ],
          "prob": 2
        },
        {
          "distribution": [ { "item": "akro_laser_smg", "prob": 50 }, { "item": "akro_laser_smg_ups", "prob": 50 } ],
          "prob": 2
        },
        {
          "distribution": [ { "item": "arc_laser_rifle", "prob": 50 }, { "item": "arc_laser_rifle_ups", "prob": 50 } ],
          "prob": 2
        },
        {
          "distribution": [ { "item": "krx_laser_lmg", "prob": 50 }, { "item": "krx_laser_lmg_ups", "prob": 50 } ],
          "prob": 2
        },
        {
          "distribution": [ { "item": "mx_laser_sniper", "prob": 50 }, { "item": "mx_laser_sniper_ups", "prob": 50 } ],
          "prob": 2
        },
        {
          "distribution": [ { "item": "xarm_laser_shotgun", "prob": 50 }, { "item": "xarm_laser_shotgun_ups", "prob": 50 } ],
          "prob": 2
        },
        [ "br_bolt_rifle_elec", 2 ],
        [ "mk_ionic_cannon", 2 ],
        [ "omnitech_plasma_pistol", 1 ],
        [ "megamap", 2 ],
        [ "stim", 5 ],
        [ "boots_stealth", 2 ],
        [ "acs_74_stealth_cloak", 1 ],
        [ "goggles_nv_clairvoyance", 2 ],
        [ "flesh_knife", 2 ],
        [ "flesh_pistol", 2 ],
        [ "flesh_weapon_kit", 2 ],
        [ "evil_invitation", 2 ],
        [ "omnitech_weapon_ups_kit", 2 ],
        [ "omnitech_weapon_ups_manual", 2 ],
        [ "blood_m", 2 ],
        [ "blood_p", 2 ],
        [ "anesthetic_kit", 2 ]
      ]
    }
  },
  {
    "id": "rare",
    "copy-from": "rare",
    "type": "item_group",
    "extend": {
      "items": [
        {
          "distribution": [ { "item": "neo_laser_pistol", "prob": 50 }, { "item": "neo_laser_pistol_ups", "prob": 50 } ],
          "prob": 2
        },
        {
          "distribution": [ { "item": "akro_laser_smg", "prob": 50 }, { "item": "akro_laser_smg_ups", "prob": 50 } ],
          "prob": 2
        },
        {
          "distribution": [ { "item": "arc_laser_rifle", "prob": 50 }, { "item": "arc_laser_rifle_ups", "prob": 50 } ],
          "prob": 2
        },
        {
          "distribution": [ { "item": "krx_laser_lmg", "prob": 50 }, { "item": "krx_laser_lmg_ups", "prob": 50 } ],
          "prob": 2
        },
        {
          "distribution": [ { "item": "mx_laser_sniper", "prob": 50 }, { "item": "mx_laser_sniper_ups", "prob": 50 } ],
          "prob": 2
        },
        {
          "distribution": [ { "item": "xarm_laser_shotgun", "prob": 50 }, { "item": "xarm_laser_shotgun_ups", "prob": 50 } ],
          "prob": 2
        },
        [ "br_bolt_rifle_elec", 2 ],
        [ "mk_ionic_cannon", 2 ],
        [ "omnitech_plasma_pistol", 1 ],
        [ "megamap", 2 ],
        [ "stim", 2 ],
        [ "boots_stealth", 2 ],
        [ "acs_74_stealth_cloak", 2 ],
        [ "goggles_nv_clairvoyance", 2 ],
        [ "blood_m", 1 ],
        [ "blood_p", 1 ],
        [ "cbm_rtg_inductor", 1 ]
      ]
    }
  },
  {
    "id": "mut_lab",
    "copy-from": "mut_lab",
    "type": "item_group",
    "extend": { "items": [ [ "biomap", 4 ], [ "iv_mutagen_super_soldier", 1 ] ] }
  },
  {
    "id": "mutagens",
    "copy-from": "mutagens",
    "type": "item_group",
    "extend": { "items": [ [ "iv_mutagen_super_soldier", 1 ] ] }
  },
  {
    "id": "mut_iv",
    "copy-from": "mut_iv",
    "type": "item_group",
    "extend": { "items": [ [ "iv_mutagen_super_soldier", 1 ] ] }
  },
  {
    "id": "traveler",
    "copy-from": "traveler",
    "type": "item_group",
    "extend": {
      "items": [
        [ "biomap", 1 ],
        [ "dress_skirt", 25 ],
        [ "microskirt", 10 ],
        [ "thong", 5 ]
      ]
    }
  },
  {
    "id": "bionics",
    "copy-from": "bionics",
    "type": "item_group",
    "extend": {
      "items": [
        [ "bio_laser_armgun", 10 ],
        [ "bio_sword", 5 ],
        [ "bio_flamethrower", 5 ],
        [ "bio_plasma_cell", 5 ],
        [ "bio_atomic_battery", 10 ],
        [ "bio_hazard_shield", 5 ],
        [ "bio_animal_empathy", 5 ],
        [ "bio_cutting_torch", 10 ]
      ]
    }
  },
  {
    "id": "bionics_mil",
    "copy-from": "bionics_mil",
    "type": "item_group",
    "extend": {
      "items": [
        [ "bio_laser_armgun", 10 ],
        [ "bio_sword", 2 ],
        [ "bio_flamethrower", 5 ],
        [ "bio_plasma_cell", 10 ],
        [ "bio_atomic_battery", 5 ],
        [ "bio_hazard_shield", 10 ],
        [ "bio_animal_empathy", 5 ],
        [ "bio_cutting_torch", 5 ]
      ]
    }
  },
  {
    "type": "item_group",
    "id": "bionics_op",
    "copy-from": "bionics_op",
    "subtype": "distribution",
    "//": "What the commandos get.",
    "extend": {
      "items": [
        [ "bio_laser_armgun", 5 ],
        [ "bio_sword", 5 ],
        [ "bio_flamethrower", 5 ],
        [ "bio_plasma_cell", 20 ],
        [ "bio_atomic_battery", 5 ],
        [ "bio_hazard_shield", 5 ],
        [ "bio_animal_empathy", 10 ],
        [ "bio_cutting_torch", 5 ]
      ]
    }
  },
  {
    "type": "item_group",
    "id": "bionics_tech",
    "copy-from": "bionics_tech",
    "subtype": "distribution",
    "//": "Bionics used by technicians.",
    "extend": { "items": [ [ "bio_atomic_battery", 10 ], [ "bio_cutting_torch", 20 ] ] }
  },
  {
    "type": "item_group",
    "id": "bionics_subs",
    "copy-from": "bionics_subs",
    "subtype": "distribution",
    "//": "Bionics dropped by substation mini-boss.",
    "extend": {
      "items": [ [ "bio_atomic_battery", 5 ], [ "bio_plasma_cell", 5 ], [ "bio_hazard_shield", 5 ], [ "bio_cutting_torch", 10 ] ]
    }
  },
  {
    "id": "female_underwear_bottom",
    "copy-from": "female_underwear_bottom",
    "type": "item_group",
    "extend": { "items": [ [ "thong", 10 ], [ "bikini_bottom_fur", 3 ], [ "bikini_bottom_leather", 3 ] ] }
  },
  {
    "id": "allclothes",
    "copy-from": "allclothes",
    "type": "item_group",
    "extend": {
      "items": [
        [ "dress_skirt", 25 ],
        [ "microskirt", 10 ],
        [ "thong", 10 ]
      ]
    }
  },
  {
    "type": "item_group",
    "id": "swimmer_torso",
    "copy-from": "swimmer_torso",
    "extend": { "items": [ [ "bikini_top_fur", 10 ], [ "bikini_top_leather", 10 ] ] }
  },
  {
    "type": "item_group",
    "id": "swimmer_pants",
    "copy-from": "swimmer_pants",
    "extend": { "items": [ [ "bikini_bottom_fur", 10 ], [ "bikini_bottom_leather", 10 ] ] }
  },
  {
    "id": "underwear_womens",
    "copy-from": "underwear_womens",
    "type": "item_group",
    "//": "womens underwear.",
    "subtype": "distribution",
    "extend": {
      "items": [
        { "item": "bikini_bottom", "prob": 15 },
        { "item": "bikini_bottom_fur", "prob": 5 },
        { "item": "bikini_bottom_leather", "prob": 5 },
        { "item": "thong", "prob": 20 }
      ]
    }
  },
  {
    "id": "pawn",
    "copy-from": "pawn",
    "type": "item_group",
    "extend": { "items": [ [ "dress_skirt", 25 ], [ "microskirt", 10 ] ] }
  },
  {
    "id": "pants",
    "copy-from": "pants",
    "type": "item_group",
    "extend": { "items": [ [ "dress_skirt", 25 ], [ "microskirt", 10 ] ] }
  },
  {
    "type": "item_group",
    "id": "ambulance_equipment",
    "copy-from": "ambulance_equipment",
    "extend": { "items": [ [ "anesthetic_kit", 5 ] ] }
  },
  {
    "id": "survivor_cutting",
    "copy-from": "survivor_cutting",
    "type": "item_group",
    "extend": { "items": [ [ "greatsword_makeshift", 5 ] ] }
  },
  {
    "id": "guns_pistol_improvised",
    "copy-from": "guns_pistol_improvised",
    "type": "item_group",
    "extend": {
      "items": [ [ "unbio_laser_gun", 5 ], { "item": "surv_battery_pistol", "prob": 25, "charges-min": 0, "charges-max": 50 } ]
    }
  },
  {
    "id": "guns_smg_improvised",
    "copy-from": "guns_smg_improvised",
    "type": "item_group",
    "extend": {
      "items": [
        { "item": "surv_full_22", "prob": 20, "charges-min": 0, "charges-max": 30 },
        { "item": "surv_full_9mm", "prob": 20, "charges-min": 0, "charges-max": 30 },
        { "item": "surv_full_45", "prob": 20, "charges-min": 0, "charges-max": 30 }
      ]
    }
  },
  {
    "id": "guns_rifle_improvised",
    "copy-from": "guns_rifle_improvised",
    "type": "item_group",
    "extend": {
      "items": [
        [ "unbio_chain_lightning", 1 ],
        { "item": "surv_battery_rifle", "prob": 5, "charges-min": 0, "charges-max": 100 },
        { "item": "surv_full_223", "prob": 10, "charges-min": 0, "charges-max": 20 },
        { "item": "surv_full_308", "prob": 5, "charges-min": 0, "charges-max": 20 },
        { "item": "surv_full_762", "prob": 10, "charges-min": 0, "charges-max": 20 },
        { "item": "surv_full_762R", "prob": 3, "charges-min": 0, "charges-max": 20 },
        { "item": "surv_full_3006", "prob": 5, "charges-min": 0, "charges-max": 20 },
        { "item": "surv_lmg_223", "prob": 10, "charges-min": 0, "charges-max": 20 },
        { "item": "surv_lmg_308", "prob": 3, "charges-min": 0, "charges-max": 20 },
        { "item": "surv_lmg_762", "prob": 2, "charges-min": 0, "charges-max": 20 },
        { "item": "surv_lmg_762R", "prob": 2, "charges-min": 0, "charges-max": 20 },
        { "item": "surv_lmg_3006", "prob": 3, "charges-min": 0, "charges-max": 20 },
        { "item": "surv_full_50", "prob": 2, "charges-min": 0, "charges-max": 20 }
      ]
    }
  },
  {
    "id": "guns_shotgun_improvised",
    "copy-from": "guns_shotgun_improvised",
    "type": "item_group",
    "extend": { "items": [ { "item": "surv_full_12", "prob": 25, "charges-min": 0, "charges-max": 10 } ] }
  },
  {
    "id": "guns_energy",
    "copy-from": "guns_energy",
    "type": "item_group",
    "extend": {
      "items": [
        [ "mk_ionic_cannon", 1 ],
        [ "omnitech_plasma_pistol", 1 ],
        {
          "distribution": [ { "item": "neo_laser_pistol", "prob": 50, "charges": [ 0, 500 ] }, { "item": "neo_laser_pistol_ups", "prob": 50 } ],
          "prob": 1
        },
        {
          "distribution": [ { "item": "akro_laser_smg", "prob": 50, "charges": [ 0, 1000 ] }, { "item": "akro_laser_smg_ups", "prob": 50 } ],
          "prob": 1
        },
        {
          "distribution": [ { "item": "arc_laser_rifle", "prob": 50, "charges": [ 0, 5000 ] }, { "item": "arc_laser_rifle_ups", "prob": 50 } ],
          "prob": 1
        },
        {
          "distribution": [ { "item": "krx_laser_lmg", "prob": 50, "charges": [ 0, 10000 ] }, { "item": "krx_laser_lmg_ups", "prob": 50 } ],
          "prob": 1
        },
        {
          "distribution": [ { "item": "mx_laser_sniper", "prob": 50, "charges": [ 0, 5000 ] }, { "item": "mx_laser_sniper_ups", "prob": 50 } ],
          "prob": 1
        },
        {
          "distribution": [
            { "item": "xarm_laser_shotgun", "prob": 50, "charges": [ 0, 5000 ] },
            { "item": "xarm_laser_shotgun_ups", "prob": 50 }
          ],
          "prob": 1
        }
      ]
    }
  },
  {
    "type": "item_group",
    "id": "guns_launcher_improvised",
    "copy-from": "guns_launcher_improvised",
    "extend": { "items": [ { "item": "flamethrower_surv", "prob": 15 } ] }
  },
  {
    "id": "drugdealer",
    "copy-from": "drugdealer",
    "type": "item_group",
    "extend": { "items": [ [ "auto_case", 50 ] ] }
  },
  {
    "type": "item_group",
    "id": "cyborg_harvest",
    "copy-from": "cyborg_harvest",
    "subtype": "distribution",
    "extend": { "entries": [ { "group": "bionics_experimental_cataplus", "prob": 1 } ] }
  },
  {
    "id": "sewer",
    "copy-from": "sewer",
    "type": "item_group",
    "extend": { "items": [ [ "manual_mut_com", 1 ] ] }
  },
  {
    "id": "sewage_plant",
    "copy-from": "sewage_plant",
    "type": "item_group",
    "extend": { "items": [ [ "manual_mut_com", 1 ] ] }
  },
  {
    "id": "toxic_dump_equipment",
    "copy-from": "toxic_dump_equipment",
    "type": "item_group",
    "extend": { "items": [ [ "manual_mut_com", 1 ] ] }
  },
  {
    "id": "book_martial",
    "copy-from": "book_martial",
    "type": "item_group",
    "extend": { "items": [ { "group": "survivor_combative_books", "prob": 5 } ] }
  },
  {
    "id": "book_military",
    "copy-from": "book_military",
    "type": "item_group",
    "extend": { "items": [ { "group": "survivor_combative_books", "prob": 10 }, { "group": "encylopedias_military", "prob": 10 } ] }
  },
  {
    "id": "rare_martial_arts_books",
    "copy-from": "rare_martial_arts_books",
    "type": "item_group",
    "extend": { "items": [ { "group": "survivor_combative_books", "prob": 1 } ] }
  },
  {
    "type": "item_group",
    "id": "bunker_basement_drugs",
    "copy-from": "bunker_basement_drugs",
    "extend": { "items": [ { "item": "iv_mutagen_super_soldier", "prob": 10 } ] }
  },
  {
    "id": "museum_guns",
    "type": "item_group",
    "extend": { "items": [ [ "flintlock_ammo_mine", 20 ] ] }
  },
  {
    "id": "antique_ammo",
    "type": "item_group",
    "extend": { "items": [ [ "flintlock_ammo_mine", 20 ] ] }
  },
  {
    "id": "on_hand_flintlock",
    "type": "item_group",
    "subtype": "distribution",
    "extend": { "entries": [ { "item": "flintlock_ammo_mine", "prob": 50, "charges": [ 15, 30 ] } ] }
  }
]
