[
  {
    "id": "survivor_combative_books",
    "type": "item_group",
    "items": [ [ "manual_surv_com", 75 ], [ "manual_biojutsu", 20 ], [ "manual_mut_com", 5 ] ]
  },
  {
    "id": "encylopedias_rare",
    "type": "item_group",
    "items": [
      [ "encyclopedia_mechanics", 1 ],
      [ "encyclopedia_fabrication", 1 ],
      [ "encyclopedia_archery", 1 ],
      [ "encyclopedia_bashing", 1 ],
      [ "encyclopedia_chemistry", 1 ],
      [ "encyclopedia_computer", 1 ],
      [ "encyclopedia_cooking", 1 ],
      [ "encyclopedia_cutting", 1 ],
      [ "encyclopedia_dodge", 1 ],
      [ "encyclopedia_driving", 1 ],
      [ "encyclopedia_electronics", 1 ],
      [ "encyclopedia_firstaid", 1 ],
      [ "encyclopedia_gun", 1 ],
      [ "encyclopedia_launcher", 1 ],
      [ "encyclopedia_melee", 1 ],
      [ "encyclopedia_pistol", 1 ],
      [ "encyclopedia_rifle", 1 ],
      [ "encyclopedia_shotgun", 1 ],
      [ "encyclopedia_smg", 1 ],
      [ "encyclopedia_speech", 1 ],
      [ "encyclopedia_stabbing", 1 ],
      [ "encyclopedia_survival", 1 ],
      [ "encyclopedia_swimming", 1 ],
      [ "encyclopedia_tailor", 1 ],
      [ "encyclopedia_throw", 1 ],
      [ "encyclopedia_traps", 1 ],
      [ "encyclopedia_unarmed", 1 ]
    ]
  },
  {
    "id": "encylopedias_military",
    "type": "item_group",
    "items": [
      [ "encyclopedia_gun", 1 ],
      [ "encyclopedia_launcher", 1 ],
      [ "encyclopedia_pistol", 1 ],
      [ "encyclopedia_rifle", 1 ],
      [ "encyclopedia_shotgun", 1 ],
      [ "encyclopedia_smg", 1 ]
    ]
  },
  {
    "id": "encylopedias_survalist",
    "type": "item_group",
    "items": [
      [ "encyclopedia_archery", 1 ],
      [ "encyclopedia_bashing", 1 ],
      [ "encyclopedia_cooking", 1 ],
      [ "encyclopedia_cutting", 1 ],
      [ "encyclopedia_dodge", 1 ],
      [ "encyclopedia_firstaid", 1 ],
      [ "encyclopedia_melee", 1 ],
      [ "encyclopedia_survival", 1 ],
      [ "encyclopedia_stabbing", 1 ],
      [ "encyclopedia_swimming", 1 ],
      [ "encyclopedia_tailor", 1 ],
      [ "encyclopedia_throw", 1 ],
      [ "encyclopedia_traps", 1 ],
      [ "encyclopedia_unarmed", 1 ]
    ]
  },
  {
    "id": "encylopedias_industrial",
    "type": "item_group",
    "items": [
      [ "encyclopedia_speech", 1 ],
      [ "encyclopedia_chemistry", 1 ],
      [ "encyclopedia_mechanics", 1 ],
      [ "encyclopedia_fabrication", 1 ]
    ]
  },
  {
    "id": "encylopedias_lab",
    "type": "item_group",
    "items": [
      [ "encyclopedia_mechanics", 1 ],
      [ "encyclopedia_fabrication", 1 ],
      [ "encyclopedia_computer", 1 ],
      [ "encyclopedia_chemistry", 1 ],
      [ "encyclopedia_electronics", 1 ],
      [ "encyclopedia_firstaid", 1 ],
      [ "encyclopedia_speech", 1 ]
    ]
  },
  {
    "id": "dead_slave_fighters",
    "type": "item_group",
    "subtype": "collection",
    "entries": [
      {
        "distribution": [
          { "group": "NC_GLADIATOR_LIGHT_worn", "prob": 50, "damage": [ 1, 4 ] },
          { "group": "NC_GLADIATOR_HEAVY_worn", "prob": 50, "damage": [ 1, 4 ] }
        ]
      },
      { "item": "corpse" }
    ]
  },
  {
    "id": "sketchy_cabin_weapons",
    "type": "item_group",
    "magazine": 100,
    "ammo": 100,
    "subtype": "distribution",
    "items": [
      { "group": "survivor_knife", "prob": 10 },
      { "group": "survivor_melee", "prob": 40 },
      { "group": "guns_improvised", "prob": 60 }
    ]
  },
  {
    "id": "sketchy_cabin_guard_weapons",
    "type": "item_group",
    "items": [
      { "group": "nested_makarov", "prob": 25 },
      { "group": "nested_ak47", "prob": 5 },
      { "group": "nested_ak74", "prob": 10 },
      { "group": "nested_sks", "prob": 10 },
      { "group": "nested_shotgun_d", "prob": 50 }
    ]
  },
  {
    "id": "sketchy_cabin_gore",
    "type": "item_group",
    "items": [
      { "item": "sinew", "prob": 30, "charges": [ 10, 20 ] },
      { "item": "bone_human", "prob": 40, "count": [ 4, 9 ] },
      [ "bag_body_bag", 10 ],
      [ "burnt_out_bionic", 20 ]
    ]
  },
  {
    "id": "sketchy_cabin_ashes",
    "type": "item_group",
    "items": [ { "item": "ash", "prob": 50, "charges": [ 50, 250 ] }, { "item": "meal_bone", "prob": 50, "count": [ 5, 10 ] } ]
  },
  {
    "type": "item_group",
    "id": "bionics_failed_bio",
    "subtype": "distribution",
    "//": "Intact bionics from failed bio-weapons, excluding broken bionics.  Weight is inverse of install difficulty, capped at 10.  Any CBMs of difficulty 11+ will use a weight of 1.  Additionally includes potentially having power-generation CBMs specific to the successful bio-weapons, rather than just what the profession version starts with.",
    "items": [
      [ "bio_armor_arms", 8 ],
      [ "bio_armor_eyes", 6 ],
      [ "bio_armor_head", 6 ],
      [ "bio_armor_legs", 8 ],
      [ "bio_armor_torso", 6 ],
      [ "bio_atomic_battery", 2 ],
      [ "bio_carbon", 7 ],
      [ "bio_chain_lightning", 7 ],
      [ "bio_cqb", 3 ],
      [ "bio_ethanol", 6 ],
      [ "bio_fuel_cell_gasoline", 3 ],
      [ "bio_hydraulics", 3 ],
      [ "bio_metabolics", 7 ],
      [ "bio_nanobots", 5 ],
      [ "bio_painkiller", 7 ],
      [ "bio_plasma_cell", 3 ],
      [ "bio_razors", 7 ],
      [ "bio_shock", 6 ],
      [ "bio_torsionratchet", 7 ]
    ]
  },
  {
    "type": "item_group",
    "id": "bionics_apophis_off",
    "subtype": "distribution",
    "//": "Bionics for Bio-Weapon Apophis divided into three categories.  Roughly mocked up from what bionics might fit his in-game properties.",
    "items": [
      [ "bio_laser_armgun", 7 ],
      [ "bio_chain_lightning", 7 ],
      [ "bio_cqb", 3 ],
      [ "bio_hydraulics", 3 ],
      [ "bio_shock", 6 ],
      [ "bio_sword", 3 ],
      [ "bio_targeting", 5 ]
    ]
  },
  {
    "type": "item_group",
    "id": "bionics_apophis_def",
    "subtype": "distribution",
    "items": [
      [ "bio_armor_arms", 8 ],
      [ "bio_armor_eyes", 6 ],
      [ "bio_armor_head", 6 ],
      [ "bio_armor_legs", 8 ],
      [ "bio_armor_torso", 6 ],
      [ "bio_carbon", 7 ],
      [ "bio_faraday", 6 ],
      [ "bio_hazard_shield", 1 ],
      [ "bio_heatsink", 8 ],
      [ "bio_nanobots", 5 ],
      [ "bio_painkiller", 7 ],
      [ "bio_radscrubber", 7 ]
    ]
  },
  {
    "type": "item_group",
    "id": "bionics_apophis_util",
    "subtype": "distribution",
    "items": [ [ "bio_metabolics", 7 ], [ "bio_plasma_cell", 3 ], [ "bio_torsionratchet", 7 ], [ "bio_weight", 8 ] ]
  },
  {
    "type": "item_group",
    "id": "bionics_soldat_zombie",
    "subtype": "distribution",
    "//": "Bionics for zombie super soldiers.  First instance of CBMs with weight of 1 due to higher-than-10 difficulty.",
    "items": [
      [ "bio_adrenaline", 5 ],
      [ "bio_blade", 3 ],
      [ "bio_carbon", 7 ],
      [ "bio_metabolics", 7 ],
      [ "bio_nanobots", 5 ],
      [ "bio_night_vision", 1 ],
      [ "bio_painkiller", 7 ],
      [ "bio_purifier", 7 ],
      [ "bio_shock", 6 ],
      [ "bio_targeting", 5 ],
      [ "bio_ups", 8 ]
    ]
  },
  {
    "type": "item_group",
    "id": "bionics_soldat_knight_zombie",
    "subtype": "distribution",
    "//": "Bionics for zombie super juggernauts.",
    "items": [
      [ "bio_armor_arms", 8 ],
      [ "bio_armor_eyes", 6 ],
      [ "bio_armor_head", 6 ],
      [ "bio_armor_legs", 8 ],
      [ "bio_armor_torso", 6 ],
      [ "bio_carbon", 7 ],
      [ "bio_ears", 5 ],
      [ "bio_fuel_cell_gasoline", 3 ],
      [ "bio_nanobots", 5 ],
      [ "bio_painkiller", 7 ],
      [ "bio_purifier", 7 ],
      [ "bio_radscrubber", 7 ],
      [ "bio_sunglasses", 7 ],
      [ "bio_sword", 3 ],
      [ "bio_targeting", 5 ],
      [ "bio_ups", 8 ]
    ]
  },
  {
    "type": "item_group",
    "id": "bionics_soldat_sniper_zombie",
    "subtype": "distribution",
    "//": "Bionics for zombie super scouts.",
    "items": [
      [ "bio_climate", 8 ],
      [ "bio_evap", 7 ],
      [ "bio_eye_enhancer", 1 ],
      [ "bio_eye_optic", 6 ],
      [ "bio_lighter", 7 ],
      [ "bio_nanobots", 5 ],
      [ "bio_night_vision", 1 ],
      [ "bio_painkiller", 7 ],
      [ "bio_recycler", 5 ],
      [ "bio_targeting", 5 ],
      [ "bio_torsionratchet", 7 ],
      [ "bio_ups", 8 ]
    ]
  },
  {
    "type": "item_group",
    "id": "bionics_soldat_tool_zombie",
    "subtype": "distribution",
    "//": "Bionics for zombie super B.A.M.R.U.",
    "items": [
      [ "bio_batteries", 6 ],
      [ "bio_carbon", 7 ],
      [ "bio_ears", 5 ],
      [ "bio_emp_armgun", 5 ],
      [ "bio_flashlight", 9 ],
      [ "bio_int_enhancer", 1 ],
      [ "bio_memory", 2 ],
      [ "bio_nanobots", 5 ],
      [ "bio_painkiller", 7 ],
      [ "bio_sunglasses", 7 ],
      [ "bio_tools", 5 ],
      [ "bio_ups", 8 ],
      [ "bio_watch", 10 ]
    ]
  },
  {
    "type": "item_group",
    "id": "bionics_soldat_zombie_generic",
    "subtype": "distribution",
    "//": "Bionics for unevolved zombie super soldiers and knife boys, random smattering of bionics shared by two or more super soldiers, and also adds their powergen options.",
    "items": [
      [ "bio_batteries", 6 ],
      [ "bio_carbon", 7 ],
      [ "bio_ears", 5 ],
      [ "bio_fuel_cell_gasoline", 3 ],
      [ "bio_metabolics", 7 ],
      [ "bio_nanobots", 5 ],
      [ "bio_night_vision", 1 ],
      [ "bio_painkiller", 7 ],
      [ "bio_purifier", 7 ],
      [ "bio_sunglasses", 7 ],
      [ "bio_targeting", 5 ],
      [ "bio_torsionratchet", 7 ],
      [ "bio_ups", 8 ]
    ]
  },
  {
    "id": "tachanka_loot",
    "type": "item_group",
    "subtype": "collection",
    "items": [
      {
        "distribution": [
          { "item": "surv_belt_762R", "prob": 50, "ammo-item": "reloaded_762_54R", "charges": [ 5, 75 ] },
          { "item": "surv_belt_762R", "prob": 50, "ammo-item": "bp_762_54R", "charges": [ 5, 75 ] }
        ],
        "prob": 60
      },
      {
        "distribution": [
          { "item": "reloaded_762_54R", "prob": 50, "charges": [ 10, 20 ] },
          { "item": "bp_762_54R", "prob": 50, "charges": [ 10, 20 ] }
        ],
        "prob": 30
      }
    ]
  },
  {
    "id": "bionics_experimental_cataplus",
    "type": "item_group",
    "items": [
      [ "bio_laser_armgun", 10 ],
      [ "bio_sword", 15 ],
      [ "bio_flamethrower", 10 ],
      [ "bio_plasma_cell", 25 ],
      [ "bio_atomic_battery", 20 ],
      [ "bio_hazard_shield", 5 ],
      [ "bio_animal_empathy", 5 ],
      [ "bio_cutting_torch", 10 ]
    ]
  },
  {
    "id": "lmil_armor_collection",
    "type": "item_group",
    "subtype": "collection",
    "entries": [ { "item": "lmil_armor" }, { "item": "lmil_helm", "prob": 90 } ]
  },
  {
    "id": "mil_armor_collection",
    "type": "item_group",
    "subtype": "collection",
    "entries": [ { "item": "mil_armor" }, { "item": "mil_helm", "prob": 90 } ]
  },
  {
    "id": "hmil_armor_collection",
    "type": "item_group",
    "subtype": "collection",
    "entries": [ { "item": "hmil_armor" }, { "item": "hmil_helm", "prob": 90 } ]
  },
  {
    "type": "item_group",
    "id": "c_mi_go_advanced_dissection_worker",
    "subtype": "distribution",
    "items": [ [ "c_mi_go_extruder_broken", 1 ], [ "c_mi_go_wings_broken", 1 ] ]
  },
  {
    "type": "item_group",
    "id": "c_mi_go_advanced_dissection_slaver",
    "subtype": "distribution",
    "items": [ [ "c_mi_go_beam_broken", 4 ], [ "c_mi_go_wings_broken", 1 ] ]
  },
  {
    "type": "item_group",
    "id": "c_mi_go_advanced_dissection_surgeon",
    "subtype": "distribution",
    "items": [ [ "c_mi_go_claw_broken", 4 ], [ "c_mi_go_wings_broken", 1 ] ]
  },
  {
    "type": "item_group",
    "id": "c_mi_go_advanced_dissection_guard",
    "subtype": "distribution",
    "items": [ [ "c_mi_go_carapace_broken", 3 ], [ "c_mi_go_beam_broken", 2 ] ]
  },
  {
    "type": "item_group",
    "id": "c_mi_go_advanced_dissection_myrmidon",
    "subtype": "distribution",
    "items": [ [ "c_mi_go_carapace_broken", 3 ], [ "c_mi_go_beam_broken", 1 ], [ "c_mi_go_claw_broken", 1 ] ]
  },
  {
    "type": "item_group",
    "id": "c_mi_go_advanced_dissection_scout",
    "subtype": "distribution",
    "items": [ [ "c_mi_go_rifle_broken", 3 ], [ "c_mi_go_wings_broken", 1 ] ]
  },
  {
    "id": "bionic_power_storage_mil",
    "type": "item_group",
    "//": "This is vanilla in BN, added to DDA version so DDA will have a consistent experience.",
    "items": [ [ "bio_power_storage", 50 ], [ "bio_power_storage_mkII", 50 ], [ "bio_power_storage_sentinel", 10 ] ]
  },
  {
    "id": "c_military_spawn_special",
    "type": "item_group",
    "items": [
      { "group": "lmil_armor_collection", "prob": 20 },
      { "group": "mil_armor_collection", "prob": 10 },
      { "group": "hmil_armor_collection", "prob": 10 },
      { "item": "mk_ionic_cannon", "prob": 4, "charges": [ 0, 5 ] },
      { "item": "br_bolt_rifle_elec", "prob": 3, "charges": [ 0, 12 ] },
      { "item": "omnitech_plasma_pistol", "prob": 3, "charges": [ 0, 15 ] },
      [ "stim", 5 ],
      [ "megamap", 2 ],
      [ "boots_stealth", 2 ],
      [ "acs_74_stealth_cloak", 1 ],
      [ "iv_mutagen_super_soldier", 10 ]
    ]
  },
  {
    "type": "item_group",
    "id": "survival_armor",
    "items": [
      [ "boots_steel", 50 ],
      [ "sneakers_steel", 35 ],
      [ "boots_combat", 50 ],
      [ "boots_hiking", 50 ],
      [ "bootsheath", 8 ],
      [ "leg_sheath6", 3 ],
      [ "gartersheath1", 1 ],
      [ "gartersheath2", 1 ],
      [ "pants_cargo", 70 ],
      [ "pants_hiking", 15 ],
      [ "shorts_cargo", 50 ],
      [ "pants_army", 30 ],
      [ "jacket_army", 6 ],
      [ "combat_shirt", 6 ],
      [ "jacket_army_modern", 18 ],
      [ "winter_pants_army", 10 ],
      [ "winter_jacket_army", 10 ],
      [ "winter_gloves_army", 10 ],
      [ "technician_coveralls", 20 ],
      [ "technician_coveralls_h", 10 ],
      [ "jacket_leather", 15 ],
      [ "leather_police_jacket", 30 ],
      [ "sleeveless_trenchcoat", 2 ],
      [ "sleeveless_trenchcoat_leather", 5 ],
      [ "sleeveless_duster", 2 ],
      [ "sleeveless_duster_leather", 5 ],
      [ "kevlar", 30 ],
      [ "stab_vest", 30 ],
      { "group": "military_ballistic_vest", "prob": 8 },
      [ "dump_pouch", 20 ],
      [ "mask_bal", 5 ],
      [ "vest", 15 ],
      [ "gloves_fingerless", 20 ],
      [ "gloves_tactical", 20 ],
      [ "glasses_bal", 20 ],
      [ "elbow_pads", 40 ],
      [ "knee_pads", 40 ],
      { "item": "mask_filter", "prob": 30, "charges": [ 0, 100 ] },
      { "item": "mask_gas", "prob": 10, "charges": [ 0, 100 ] },
      [ "goggles_ski", 30 ],
      [ "helmet_skid", 30 ],
      [ "chestguard_hard", 20 ],
      [ "armguard_hard", 20 ],
      [ "legguard_hard", 15 ],
      [ "armor_riot_leg", 10 ],
      [ "armor_riot_arm", 10 ],
      [ "armor_riot_torso", 5 ],
      [ "under_armor", 20 ],
      [ "long_underpants", 40 ],
      [ "long_undertop", 40 ],
      [ "union_suit", 20 ],
      [ "helmet_ball", 45 ],
      [ "helmet_riot", 25 ],
      [ "helmet_motor", 40 ],
      [ "touring_suit", 15 ],
      [ "motorbike_armor", 5 ],
      [ "motorbike_pants", 5 ],
      [ "motorbike_boots", 5 ],
      [ "holster", 3 ],
      [ "nylon_holster", 5 ],
      [ "sholster", 4 ],
      [ "shoulder_holster", 1 ],
      [ "bootstrap", 3 ],
      [ "legpouch", 12 ],
      [ "legpouch_large", 6 ],
      [ "chestpouch", 9 ],
      [ "ammo_satchel", 4 ],
      [ "ammo_pouch", 4 ],
      { "item": "UPS_OFF", "prob": 8, "charges": [ 0, 1000 ] },
      [ "tacvest", 10 ],
      [ "molle_pack", 8 ],
      [ "legrig", 10 ],
      [ "rucksack", 20 ],
      [ "emer_blanket", 20 ],
      [ "flotation_vest", 1 ],
      [ "fishing_waders", 2 ],
      [ "cloak", 5 ],
      [ "cloak_wool", 5 ],
      [ "tac_helmet", 5 ],
      [ "tac_fullhelmet", 2 ],
      [ "apron_leather", 2 ],
      [ "apron_cut_resistant", 2 ],
      [ "apron_plastic", 1 ],
      [ "tool_belt", 5 ],
      [ "bootsheath", 8 ],
      [ "sheath", 5 ]
    ]
  },
  {
    "id": "survivor_autocases_cataplus",
    "type": "item_group",
    "items": [
      [ "auto_case", 50 ],
      [ "fr_9mm", 5 ],
      [ "fr_22", 5 ],
      [ "fr_45", 5 ],
      [ "fr_223", 5 ],
      [ "fr_308", 5 ],
      [ "fr_762", 5 ],
      [ "fr_762R", 5 ],
      [ "fr_3006", 5 ],
      [ "fr_12", 5 ],
      [ "fr_50", 5 ]
    ]
  }
]
