[
  {
    "id": "pk_melee",
    "copy-from": "pk_melee",
    "type": "item_group",
    "extend": { "items": [ [ "elc_bld", 2 ], [ "elc_blds", 1 ] ] }
  },
  {
    "id": "doom_stimpack",
    "copy-from": "doom_stimpack",
    "type": "item_group",
    "extend": { "items": [ [ "stim", 1 ] ] }
  },
  {
    "id": "doom_lootpack",
    "copy-from": "doom_lootpack",
    "type": "item_group",
    "extend": {
      "items": [
        [ "stim", 5 ],
        [ "blood_m", 1 ],
        [ "blood_p", 1 ],
        { "group": "lmil_armor_collection", "prob": 5 },
        { "group": "mil_armor_collection", "prob": 5 },
        { "group": "hmil_armor_collection", "prob": 5 },
        [ "acs_74_stealth_cloak", 1 ]
      ]
    }
  },
  {
    "id": "doom_armor",
    "copy-from": "doom_armor",
    "type": "item_group",
    "extend": {
      "items": [
        { "group": "lmil_armor_collection", "prob": 5 },
        { "group": "mil_armor_collection", "prob": 5 },
        { "group": "hmil_armor_collection", "prob": 5 }
      ]
    }
  }
]
