[
  {
    "type": "material",
    "id": "c_superalloy_composite",
    "name": "Superalloy Composite",
    "density": 13,
    "specific_heat_liquid": 1,
    "specific_heat_solid": 0.75,
    "soft": true,
    "latent_heat": 303,
    "resist": { "bash": 9, "cut": 19, "bullet": 49, "acid": 5, "heat": 20, "electric": 5 },
    "chip_resist": 20,
    "repaired_with": "alloy_sheet",
    "breathability": "GOOD",
    "dmg_adj": [ "marked", "dented", "smashed", "shattered" ],
    "bash_dmg_verb": "dented",
    "cut_dmg_verb": "scratched"
  },
  {
    "type": "material",
    "id": "c_superalloy_composite_medium",
    "name": "Superalloy Composite",
    "copy-from": "c_superalloy_composite",
    "resist": { "bash": 19, "cut": 37, "bullet": 98, "acid": 5, "heat": 38, "electric": 5 }
  },
  {
    "type": "material",
    "id": "c_superalloy_composite_heavy",
    "name": "Superalloy Composite",
    "copy-from": "c_superalloy_composite",
    "resist": { "bash": 24, "cut": 54, "bullet": 147, "acid": 5, "heat": 57, "electric": 5 }
  },
  {
    "type": "material",
    "id": "c_atomic_battery_power",
    "name": "Alphavoltaic Power",
    "fuel_data": { "energy": "1000 kJ", "perpetual": true },
    "copy-from": "pseudo_fuel"
  },
  {
    "type": "material",
    "id": "c_hydrogen_gas",
    "name": "Pressurized hydrogen",
    "density": 1,
    "specific_heat_liquid": 0.82,
    "specific_heat_solid": 0.45,
    "resist": { "bash": 0, "cut": 0, "acid": 0, "heat": 0, "bullet": 0 },
    "chip_resist": 0,
    "dmg_adj": [ "scratched", "cut", "cracked", "shattered" ],
    "bash_dmg_verb": "dented",
    "cut_dmg_verb": "gouged",
    "fuel_data": {
      "//": "Compressed gaseous hydrogen has 9.2 MJ/L.  The solid hydrogen canisters have roughly 4 times the density, energy figure here reduced a bit to make for easier calculations.",
      "energy": "1000000 kJ",
      "explosion_data": { "chance_hot": 2, "chance_cold": 2, "factor": 0.5, "fiery": true, "size_factor": 0.1 }
    }
  }
]
