[
  {
    "result": "mil_surp_pack_1",
    "type": "uncraft",
    "activity_level": "LIGHT_EXERCISE",
    "time": "1 m",
    "components": [
      [ [ "mosin91_30", 1 ] ],
      [ [ "762_54R", 20 ] ],
      [ [ "small_repairkit", 1 ] ],
      [ [ "pocket_firearms", 1 ] ],
      [ [ "shoulder_strap", 1 ] ]
    ],
    "flags": [ "BLIND_EASY" ]
  },
  {
    "result": "mil_surp_pack_2",
    "type": "uncraft",
    "activity_level": "LIGHT_EXERCISE",
    "time": "1 m",
    "components": [
      [ [ "sks", 1 ] ],
      [ [ "762_m87", 20 ] ],
      [ [ "small_repairkit", 1 ] ],
      [ [ "pocket_firearms", 1 ] ],
      [ [ "shoulder_strap", 1 ] ]
    ],
    "flags": [ "BLIND_EASY" ]
  },
  {
    "result": "mil_surp_pack_3",
    "type": "uncraft",
    "activity_level": "LIGHT_EXERCISE",
    "time": "1 m",
    "components": [
      [ [ "m1903", 1 ] ],
      [ [ "3006", 20 ] ],
      [ [ "small_repairkit", 1 ] ],
      [ [ "pocket_firearms", 1 ] ],
      [ [ "shoulder_strap", 1 ] ]
    ],
    "flags": [ "BLIND_EASY" ]
  },
  {
    "result": "parawatch",
    "type": "uncraft",
    "activity_level": "LIGHT_EXERCISE",
    "time": "1 m",
    "components": [ [ [ "parabracelets", 1 ] ], [ [ "wristwatch", 1 ] ], [ [ "thermometer", 1 ] ] ],
    "flags": [ "BLIND_EASY" ]
  },
  {
    "result": "parabracelets",
    "type": "uncraft",
    "activity_level": "LIGHT_EXERCISE",
    "time": "1 m",
    "components": [ [ [ "string_36", 2 ] ] ],
    "flags": [ "BLIND_EASY" ]
  },
  {
    "result": "badge_bio_weapon",
    "type": "uncraft",
    "activity_level": "MODERATE_EXERCISE",
    "time": "1 m",
    "qualities": [ { "id": "HAMMER", "level": 1 } ],
    "components": [ [ [ "silver_small", 20 ] ] ]
  },
  {
    "result": "thermal_lance_makeshift",
    "type": "uncraft",
    "activity_level": "LIGHT_EXERCISE",
    "time": "2 m",
    "qualities": [ { "id": "SCREW", "level": 1 } ],
    "components": [ [ [ "canister_empty", 1 ] ], [ [ "pilot_light", 1 ] ], [ [ "hose", 1 ] ], [ [ "scrap", 1 ] ] ]
  },
  {
    "result": "lmil_armor",
    "type": "uncraft",
    "activity_level": "LIGHT_EXERCISE",
    "time": "30 m",
    "skill_used": "fabrication",
    "difficulty": 5,
    "qualities": [ { "id": "CUT", "level": 1 }, { "id": "SEW", "level": 1 } ],
    "components": [
      [ [ "cotton_patchwork", 18 ] ],
      [ [ "sheet_kevlar_layered", 9 ] ],
      [ [ "alloy_plate", 2 ] ],
      [ [ "alloy_sheet", 3 ] ]
    ]
  },
  {
    "result": "mil_armor",
    "type": "uncraft",
    "activity_level": "LIGHT_EXERCISE",
    "time": "30 m",
    "skill_used": "fabrication",
    "difficulty": 6,
    "qualities": [ { "id": "CUT", "level": 1 }, { "id": "SEW", "level": 1 } ],
    "components": [
      [ [ "leather", 18 ] ],
      [ [ "sheet_kevlar_layered", 12 ] ],
      [ [ "alloy_plate", 3 ] ],
      [ [ "alloy_sheet", 1 ] ],
      [ [ "hard_steel_armor", 1 ] ]
    ]
  },
  {
    "result": "hmil_armor",
    "type": "uncraft",
    "activity_level": "LIGHT_EXERCISE",
    "time": "30 m",
    "skill_used": "fabrication",
    "difficulty": 7,
    "qualities": [ { "id": "CUT", "level": 1 }, { "id": "SEW", "level": 1 } ],
    "components": [ [ [ "sheet_kevlar_layered", 45 ] ], [ [ "alloy_plate", 6 ] ], [ [ "hard_steel_armor", 3 ] ] ]
  },
  {
    "result": "lmil_helm",
    "type": "uncraft",
    "activity_level": "LIGHT_EXERCISE",
    "time": "10 m",
    "skill_used": "fabrication",
    "difficulty": 5,
    "qualities": [ { "id": "CUT", "level": 1 }, { "id": "SEW", "level": 1 } ],
    "components": [ [ [ "cotton_patchwork", 2 ] ], [ [ "sheet_kevlar_layered", 1 ] ], [ [ "alloy_sheet", 3 ] ] ]
  },
  {
    "result": "mil_helm",
    "type": "uncraft",
    "activity_level": "LIGHT_EXERCISE",
    "time": "10 m",
    "skill_used": "fabrication",
    "difficulty": 6,
    "qualities": [ { "id": "CUT", "level": 1 }, { "id": "SEW", "level": 1 } ],
    "components": [
      [ [ "leather", 2 ] ],
      [ [ "sheet_kevlar_layered", 3 ] ],
      [ [ "alloy_plate", 1 ] ],
      [ [ "alloy_sheet", 2 ] ],
      [ [ "hard_steel_armor", 1 ] ]
    ]
  },
  {
    "result": "hmil_helm",
    "type": "uncraft",
    "activity_level": "LIGHT_EXERCISE",
    "time": "10 m",
    "skill_used": "fabrication",
    "difficulty": 7,
    "qualities": [ { "id": "CUT", "level": 1 }, { "id": "SEW", "level": 1 } ],
    "components": [ [ [ "sheet_kevlar_layered", 5 ] ], [ [ "alloy_plate", 2 ] ], [ [ "hard_steel_armor", 1 ] ] ]
  },
  {
    "result": "broken_laserturret",
    "type": "uncraft",
    "activity_level": "LIGHT_EXERCISE",
    "obsolete": false,
    "skill_used": "electronics",
    "difficulty": 4,
    "time": "1 h",
    "using": [ [ "soldering_standard", 10 ] ],
    "qualities": [ { "id": "SCREW", "level": 1 } ],
    "components": [
      [ [ "ai_module", 1 ] ],
      [ [ "gun_module", 1 ] ],
      [ [ "targeting_module", 1 ] ],
      [ [ "identification_module", 1 ] ],
      [ [ "sensor_module", 1 ] ],
      [ [ "laser_cannon", 1 ] ],
      [ [ "medium_storage_battery", 1 ] ],
      [ [ "solar_cell", 4 ] ],
      [ [ "power_supply", 1 ] ],
      [ [ "robot_controls", 1 ] ],
      [ [ "turret_chassis", 1 ] ]
    ]
  },
  {
    "result": "note_apophis",
    "type": "uncraft",
    "time": "6 s",
    "activity_level": "LIGHT_EXERCISE",
    "components": [ [ [ "paper", 1 ] ] ],
    "flags": [ "BLIND_EASY" ]
  },
  {
    "result": "note_sketchy_cabin",
    "type": "uncraft",
    "time": "6 s",
    "activity_level": "LIGHT_EXERCISE",
    "components": [ [ [ "paper", 1 ] ] ],
    "flags": [ "BLIND_EASY" ]
  },
  {
    "result": "semap",
    "type": "uncraft",
    "time": "30 s",
    "activity_level": "LIGHT_EXERCISE",
    "components": [ [ [ "paper", 10 ] ] ],
    "flags": [ "BLIND_EASY" ]
  },
  {
    "result": "ulmap",
    "type": "uncraft",
    "time": "30 s",
    "activity_level": "LIGHT_EXERCISE",
    "components": [ [ [ "paper", 10 ] ] ],
    "flags": [ "BLIND_EASY" ]
  },
  {
    "result": "mccmap",
    "type": "uncraft",
    "time": "30 s",
    "activity_level": "LIGHT_EXERCISE",
    "components": [ [ [ "paper", 10 ] ] ],
    "flags": [ "BLIND_EASY" ]
  },
  {
    "result": "biomap",
    "type": "uncraft",
    "time": "30 s",
    "activity_level": "LIGHT_EXERCISE",
    "components": [ [ [ "paper", 10 ] ] ],
    "flags": [ "BLIND_EASY" ]
  },
  {
    "result": "bikini_bottom_leather",
    "type": "uncraft",
    "time": "30 s",
    "activity_level": "LIGHT_EXERCISE",
    "qualities": [ { "id": "CUT", "level": 1 } ],
    "components": [ [ [ "leather", 1 ] ] ],
    "flags": [ "BLIND_EASY" ]
  },
  {
    "result": "bikini_bottom_fur",
    "type": "uncraft",
    "time": "30 s",
    "activity_level": "LIGHT_EXERCISE",
    "qualities": [ { "id": "CUT", "level": 1 } ],
    "components": [ [ [ "fur", 1 ] ] ],
    "flags": [ "BLIND_EASY" ]
  },
  {
    "result": "thong",
    "type": "uncraft",
    "time": "30 s",
    "activity_level": "LIGHT_EXERCISE",
    "qualities": [ { "id": "CUT", "level": 1 } ],
    "components": [ [ [ "thread", 40 ] ] ],
    "flags": [ "BLIND_EASY" ]
  },
  {
    "result": "dress_skirt",
    "type": "uncraft",
    "time": "30 s",
    "activity_level": "LIGHT_EXERCISE",
    "qualities": [ { "id": "CUT", "level": 1 } ],
    "components": [ [ [ "cotton_patchwork", 1 ] ] ],
    "flags": [ "BLIND_EASY" ]
  },
  {
    "result": "microskirt",
    "type": "uncraft",
    "time": "30 s",
    "activity_level": "LIGHT_EXERCISE",
    "qualities": [ { "id": "CUT", "level": 1 } ],
    "components": [ [ [ "cotton_patchwork", 1 ] ] ],
    "flags": [ "BLIND_EASY" ]
  },
  {
    "type": "uncraft",
    "result": "fr_22",
    "skill_used": "mechanics",
    "difficulty": 4,
    "skills_required": [ [ "fabrication", 3 ] ],
    "time": "30 m",
    "activity_level": "LIGHT_EXERCISE",
    "qualities": [ { "id": "WRENCH_FINE", "level": 1 }, { "id": "SCREW_FINE", "level": 1 }, { "id": "SAW_M", "level": 1 } ],
    "components": [ [ [ "auto_case", 1 ] ] ]
  },
  {
    "type": "uncraft",
    "result": "fr_223",
    "skill_used": "mechanics",
    "difficulty": 4,
    "skills_required": [ [ "fabrication", 3 ] ],
    "time": "30 m",
    "activity_level": "LIGHT_EXERCISE",
    "qualities": [ { "id": "WRENCH_FINE", "level": 1 }, { "id": "SCREW_FINE", "level": 1 }, { "id": "SAW_M", "level": 1 } ],
    "components": [ [ [ "auto_case", 1 ] ] ]
  },
  {
    "type": "uncraft",
    "result": "fr_308",
    "skill_used": "mechanics",
    "difficulty": 4,
    "skills_required": [ [ "fabrication", 3 ] ],
    "time": "30 m",
    "activity_level": "LIGHT_EXERCISE",
    "qualities": [ { "id": "WRENCH_FINE", "level": 1 }, { "id": "SCREW_FINE", "level": 1 }, { "id": "SAW_M", "level": 1 } ],
    "components": [ [ [ "auto_case", 1 ] ] ]
  },
  {
    "type": "uncraft",
    "result": "fr_9mm",
    "skill_used": "mechanics",
    "difficulty": 4,
    "skills_required": [ [ "fabrication", 3 ] ],
    "time": "30 m",
    "activity_level": "LIGHT_EXERCISE",
    "qualities": [ { "id": "WRENCH_FINE", "level": 1 }, { "id": "SCREW_FINE", "level": 1 }, { "id": "SAW_M", "level": 1 } ],
    "components": [ [ [ "auto_case", 1 ] ] ]
  },
  {
    "type": "uncraft",
    "result": "fr_45",
    "skill_used": "mechanics",
    "difficulty": 4,
    "skills_required": [ [ "fabrication", 3 ] ],
    "time": "30 m",
    "activity_level": "LIGHT_EXERCISE",
    "qualities": [ { "id": "WRENCH_FINE", "level": 1 }, { "id": "SCREW_FINE", "level": 1 }, { "id": "SAW_M", "level": 1 } ],
    "components": [ [ [ "auto_case", 1 ] ] ]
  },
  {
    "type": "uncraft",
    "result": "fr_12",
    "skill_used": "mechanics",
    "difficulty": 4,
    "skills_required": [ [ "fabrication", 3 ] ],
    "time": "30 m",
    "activity_level": "LIGHT_EXERCISE",
    "qualities": [ { "id": "WRENCH_FINE", "level": 1 }, { "id": "SCREW_FINE", "level": 1 }, { "id": "SAW_M", "level": 1 } ],
    "components": [ [ [ "auto_case", 1 ] ] ]
  },
  {
    "type": "uncraft",
    "result": "fr_762",
    "skill_used": "mechanics",
    "difficulty": 4,
    "skills_required": [ [ "fabrication", 3 ] ],
    "time": "30 m",
    "activity_level": "LIGHT_EXERCISE",
    "qualities": [ { "id": "WRENCH_FINE", "level": 1 }, { "id": "SCREW_FINE", "level": 1 }, { "id": "SAW_M", "level": 1 } ],
    "components": [ [ [ "auto_case", 1 ] ] ]
  },
  {
    "type": "uncraft",
    "result": "fr_762R",
    "skill_used": "mechanics",
    "difficulty": 4,
    "skills_required": [ [ "fabrication", 3 ] ],
    "time": "30 m",
    "activity_level": "LIGHT_EXERCISE",
    "qualities": [ { "id": "WRENCH_FINE", "level": 1 }, { "id": "SCREW_FINE", "level": 1 }, { "id": "SAW_M", "level": 1 } ],
    "components": [ [ [ "auto_case", 1 ] ] ]
  },
  {
    "type": "uncraft",
    "result": "fr_3006",
    "skill_used": "mechanics",
    "difficulty": 4,
    "skills_required": [ [ "fabrication", 3 ] ],
    "time": "30 m",
    "activity_level": "LIGHT_EXERCISE",
    "qualities": [ { "id": "WRENCH_FINE", "level": 1 }, { "id": "SCREW_FINE", "level": 1 }, { "id": "SAW_M", "level": 1 } ],
    "components": [ [ [ "auto_case", 1 ] ] ]
  },
  {
    "type": "uncraft",
    "result": "fr_50",
    "skill_used": "mechanics",
    "difficulty": 4,
    "skills_required": [ [ "fabrication", 3 ] ],
    "time": "30 m",
    "activity_level": "LIGHT_EXERCISE",
    "qualities": [ { "id": "WRENCH_FINE", "level": 1 }, { "id": "SCREW_FINE", "level": 1 }, { "id": "SAW_M", "level": 1 } ],
    "components": [ [ [ "auto_case", 1 ] ] ]
  }
]
