[
  {
    "id": "wild_bio_weapom_item",
    "type": "item_group",
    "//": "items of the wild bio-weapons",
    "subtype": "collection",
    "entries": [
      { "group": "weapon_hat", "damage": [ 1, 4 ] },
      { "group": "weapon_suit", "damage": [ 1, 4 ] },
      { "group": "weapon_badge", "damage": [ 0, 0 ] },
      { "group": "weapom_feet", "damage": [ 1, 4 ] },
      { "group": "bio_weapon_power", "damage": [ 0, 1 ], "prob": 25 },
      {
        "distribution": [ { "item": "manual_biojutsu", "prob": 50 }, { "item": "manual_mut_com", "prob": 50 } ],
        "prob": 5
      }
    ]
  },
  {
    "id": "mon_fungus_failed_weapon_death_drops",
    "type": "item_group",
    "//": "Drops for fungal augmented abominations, secondary source of Marloss items.",
    "subtype": "collection",
    "entries": [
      { "group": "weapon_hat", "damage": [ 1, 4 ] },
      { "group": "weapon_suit", "damage": [ 1, 4 ] },
      { "group": "weapon_badge", "damage": [ 0, 0 ] },
      { "group": "weapom_feet", "damage": [ 1, 4 ] },
      { "group": "bio_weapon_power", "damage": [ 0, 1 ], "prob": 25 },
      {
        "distribution": [ { "item": "manual_biojutsu", "prob": 50 }, { "item": "manual_mut_com", "prob": 50 } ],
        "prob": 5
      },
      {
        "distribution": [
          { "item": "marloss_berry", "prob": 50 },
          { "item": "marloss_seed", "prob": 25 },
          { "item": "marloss_gel", "prob": 25 }
        ],
        "prob": 25
      }
    ]
  },
  {
    "id": "apophis_bio_weapom_item",
    "type": "item_group",
    "//": "items of bio-weapon apophis",
    "subtype": "collection",
    "entries": [
      { "group": "weapon_hat", "damage": [ 1, 4 ] },
      { "group": "weapon_suit", "damage": [ 1, 4 ] },
      { "group": "weapon_badge_apophis", "damage": [ 0, 0 ] },
      { "group": "weapom_feet", "damage": [ 1, 4 ] },
      {
        "distribution": [ { "item": "manual_biojutsu", "prob": 50 }, { "item": "manual_mut_com", "prob": 50 } ],
        "prob": 100
      }
    ]
  },
  {
    "id": "weapon_badge",
    "type": "item_group",
    "items": [ [ "badge_bio_weapon", 50 ] ]
  },
  {
    "id": "weapon_badge_apophis",
    "type": "item_group",
    "items": [ [ "badge_bio_weapon_apophis", 100 ] ]
  },
  {
    "id": "weapon_suit",
    "type": "item_group",
    "items": [ [ "subsuit_xl", 50 ] ]
  },
  {
    "id": "weapom_feet",
    "type": "item_group",
    "items": [ [ "footrags", 50 ] ]
  },
  {
    "id": "weapon_hat",
    "type": "item_group",
    "items": [ [ "hat_noise_cancelling", 50 ] ]
  },
  {
    "id": "bio_weapon_power",
    "type": "item_group",
    "//": "Items a Bio-Weapon might hoard for power generation, based on the needs of the successful versions of the Project (except Delta, who lacks any overt fuel source).",
    "items": [
      { "item": "chem_ethanol", "charges": [ 1, 2000 ], "container-item": "metal_tank_little", "prob": 10 },
      { "item": "denat_alcohol", "charges": [ 1, 2000 ], "container-item": "metal_tank_little", "prob": 10 },
      { "item": "chem_methanol", "charges": [ 1, 2000 ], "container-item": "metal_tank_little", "prob": 10 },
      { "item": "gasoline", "charges": [ 1, 2000 ], "container-item": "metal_tank_little", "prob": 15 },
      { "item": "c_hydrogen_gas", "charges": [ 1, 20 ], "container-item": "metal_tank_little", "prob": 10 },
      { "item": "plasma", "charges": [ 1, 4 ], "prob": 5 },
      { "group": "ammo_any_batteries", "prob": 25 },
      { "group": "ammo_atomic_batteries", "prob": 15 }
    ]
  },
  {
    "id": "wild_bio_infantry_rifle",
    "type": "item_group",
    "//": "items of the super soldier",
    "subtype": "collection",
    "ammo": 100,
    "entries": [
      { "group": "mon_zombie_bio_common" },
      { "item": "mil_armor", "damage": [ 1, 4 ], "prob": 75 },
      { "item": "mil_helm", "damage": [ 1, 4 ], "prob": 75 },
      { "item": "shield_ballistic", "prob": 10, "damage": [ 1, 4 ] },
      {
        "distribution": [ { "item": "molle_pack", "damage": [ 1, 4 ], "prob": 50 }, { "item": "rucksack", "damage": [ 1, 4 ], "prob": 50 } ],
        "prob": 50
      },
      {
        "distribution": [
          { "item": "sheath", "contents-item": "knife_combat", "damage": [ 0, 3 ], "prob": 75 },
          { "item": "sheath", "contents-item": "knife_rm42", "damage": [ 0, 3 ], "prob": 25 }
        ],
        "prob": 80
      },
      {
        "distribution": [
          {
            "collection": [
              { "item": "arc_laser_rifle", "damage": [ 0, 3 ], "charges": [ 0, 2500 ] },
              {
                "distribution": [
                  { "item": "medium_atomic_battery_cell_rechargeable", "damage": [ 0, 1 ], "charges": [ 0, 5000 ], "prob": 50 },
                  { "item": "medium_atomic_battery_cell", "damage": [ 0, 1 ], "charges": [ 0, 5000 ], "prob": 50 }
                ],
                "prob": 25
              }
            ],
            "prob": 80
          },
          {
            "collection": [
              { "item": "arc_laser_rifle_ups", "damage": [ 0, 3 ] },
              {
                "distribution": [
                  { "item": "UPS_off", "damage": [ 0, 1 ], "charges": [ 0, 1250 ], "prob": 50 },
                  { "item": "adv_UPS_off", "damage": [ 0, 1 ], "charges": [ 0, 2500 ], "prob": 50 }
                ],
                "prob": 10
              }
            ],
            "prob": 20
          }
        ]
      }
    ]
  },
  {
    "id": "wild_bio_infantry_shotgun",
    "type": "item_group",
    "//": "items of the super soldier",
    "subtype": "collection",
    "ammo": 100,
    "entries": [
      { "group": "mon_zombie_bio_common" },
      { "item": "mil_armor", "damage": [ 1, 4 ], "prob": 75 },
      { "item": "mil_helm", "damage": [ 1, 4 ], "prob": 75 },
      { "item": "shield_ballistic", "prob": 10, "damage": [ 1, 4 ] },
      {
        "distribution": [ { "item": "molle_pack", "damage": [ 1, 4 ], "prob": 50 }, { "item": "rucksack", "damage": [ 1, 4 ], "prob": 50 } ],
        "prob": 50
      },
      {
        "distribution": [
          { "item": "sheath", "contents-item": "knife_combat", "damage": [ 0, 3 ], "prob": 75 },
          { "item": "sheath", "contents-item": "knife_rm42", "damage": [ 0, 3 ], "prob": 25 }
        ],
        "prob": 80
      },
      {
        "distribution": [
          {
            "collection": [
              { "item": "xarm_laser_shotgun", "damage": [ 0, 3 ], "charges": [ 0, 2500 ] },
              {
                "distribution": [
                  { "item": "medium_atomic_battery_cell_rechargeable", "damage": [ 0, 1 ], "charges": [ 0, 5000 ], "prob": 50 },
                  { "item": "medium_atomic_battery_cell", "damage": [ 0, 1 ], "charges": [ 0, 5000 ], "prob": 50 }
                ],
                "prob": 25
              }
            ],
            "prob": 80
          },
          {
            "collection": [
              { "item": "xarm_laser_shotgun_ups", "damage": [ 0, 3 ] },
              {
                "distribution": [
                  { "item": "UPS_off", "damage": [ 0, 1 ], "charges": [ 0, 1250 ], "prob": 50 },
                  { "item": "adv_UPS_off", "damage": [ 0, 1 ], "charges": [ 0, 2500 ], "prob": 50 }
                ],
                "prob": 10
              }
            ],
            "prob": 20
          }
        ]
      }
    ]
  },
  {
    "id": "wild_bio_scout_sniper",
    "type": "item_group",
    "//": "items of the super scout",
    "ammo": 100,
    "subtype": "collection",
    "entries": [
      { "group": "mon_zombie_bio_common" },
      { "item": "lmil_armor", "damage": [ 1, 4 ], "prob": 75 },
      { "item": "lmil_helm", "damage": [ 1, 4 ], "prob": 75 },
      {
        "distribution": [ { "item": "molle_pack", "damage": [ 1, 4 ], "prob": 50 }, { "item": "rucksack", "damage": [ 1, 4 ], "prob": 50 } ],
        "prob": 50
      },
      {
        "distribution": [ { "item": "legrig", "damage": [ 1, 4 ], "prob": 50 }, { "item": "dump_pouch", "damage": [ 1, 4 ], "prob": 50 } ],
        "prob": 50
      },
      {
        "distribution": [
          { "item": "sheath", "contents-item": "knife_combat", "damage": [ 0, 3 ], "prob": 75 },
          { "item": "sheath", "contents-item": "knife_rm42", "damage": [ 0, 3 ], "prob": 25 }
        ],
        "prob": 80
      },
      {
        "distribution": [
          {
            "collection": [
              { "item": "mx_laser_sniper", "damage": [ 0, 3 ], "charges": [ 0, 2500 ] },
              {
                "distribution": [
                  { "item": "medium_atomic_battery_cell_rechargeable", "damage": [ 0, 1 ], "charges": [ 0, 5000 ], "prob": 50 },
                  { "item": "medium_atomic_battery_cell", "damage": [ 0, 1 ], "charges": [ 0, 5000 ], "prob": 50 }
                ],
                "prob": 25
              }
            ],
            "prob": 75
          },
          {
            "collection": [
              { "item": "mx_laser_sniper_ups", "damage": [ 0, 3 ] },
              {
                "distribution": [
                  { "item": "UPS_off", "damage": [ 0, 1 ], "charges": [ 0, 1250 ], "prob": 50 },
                  { "item": "adv_UPS_off", "damage": [ 0, 1 ], "charges": [ 0, 2500 ], "prob": 50 }
                ],
                "prob": 10
              }
            ],
            "prob": 25
          }
        ]
      },
      { "item": "e_tool", "damage": [ 0, 3 ], "prob": 50 },
      { "item": "mre_beef_box", "damage": [ 0, 3 ], "prob": 75 },
      { "item": "large_tent_kit", "damage": [ 0, 3 ], "prob": 25 },
      { "item": "rollmat", "damage": [ 0, 3 ], "prob": 50 }
    ]
  },
  {
    "id": "wild_bio_knight_lmg",
    "type": "item_group",
    "//": "items of the super juggernaut",
    "subtype": "collection",
    "ammo": 100,
    "entries": [
      { "group": "mon_zombie_bio_common" },
      { "item": "hmil_armor", "damage": [ 1, 4 ], "prob": 75 },
      { "item": "hmil_helm", "damage": [ 1, 4 ], "prob": 75 },
      { "item": "shield_ballistic", "prob": 10, "damage": [ 1, 4 ] },
      {
        "distribution": [ { "item": "legrig", "damage": [ 1, 4 ], "prob": 50 }, { "item": "dump_pouch", "damage": [ 1, 4 ], "prob": 50 } ],
        "prob": 50
      },
      {
        "distribution": [
          { "item": "sheath", "contents-item": "knife_combat", "damage": [ 0, 3 ], "prob": 75 },
          { "item": "sheath", "contents-item": "knife_rm42", "damage": [ 0, 3 ], "prob": 25 }
        ],
        "prob": 80
      },
      {
        "distribution": [
          {
            "collection": [
              { "item": "krx_laser_lmg", "damage": [ 0, 3 ], "charges": [ 0, 5000 ] },
              {
                "distribution": [
                  { "item": "heavy_atomic_battery_cell_rechargeable", "damage": [ 0, 1 ], "charges": [ 0, 10000 ], "prob": 50 },
                  { "item": "heavy_atomic_battery_cell", "damage": [ 0, 1 ], "charges": [ 0, 10000 ], "prob": 50 }
                ],
                "prob": 25
              }
            ],
            "prob": 95
          },
          {
            "collection": [
              { "item": "krx_laser_lmg_ups", "damage": [ 0, 3 ] },
              {
                "distribution": [
                  { "item": "UPS_off", "damage": [ 0, 1 ], "charges": [ 0, 1250 ], "prob": 50 },
                  { "item": "adv_UPS_off", "damage": [ 0, 1 ], "charges": [ 0, 2500 ], "prob": 50 }
                ],
                "prob": 10
              }
            ],
            "prob": 5
          }
        ]
      }
    ]
  },
  {
    "id": "wild_bio_knight_launcher",
    "type": "item_group",
    "//": "items of the super juggernaut",
    "subtype": "collection",
    "ammo": 100,
    "entries": [
      { "group": "mon_zombie_bio_common" },
      { "item": "hmil_armor", "damage": [ 1, 4 ], "prob": 75 },
      { "item": "hmil_helm", "damage": [ 1, 4 ], "prob": 75 },
      {
        "distribution": [ { "item": "legrig", "damage": [ 1, 4 ], "prob": 50 }, { "item": "dump_pouch", "damage": [ 1, 4 ], "prob": 50 } ],
        "prob": 50
      },
      {
        "distribution": [
          { "item": "sheath", "contents-item": "knife_combat", "damage": [ 0, 3 ], "prob": 75 },
          { "item": "sheath", "contents-item": "knife_rm42", "damage": [ 0, 3 ], "prob": 25 }
        ],
        "prob": 80
      },
      { "item": "mk_ionic_cannon", "damage": [ 0, 3 ], "charges": [ 0, 1 ] },
      { "item": "plasma", "damage": [ 0, 1 ], "charges": [ 1, 2 ], "prob": 50 },
      {
        "distribution": [
          { "item": "UPS_off", "damage": [ 0, 1 ], "charges": [ 0, 1250 ], "prob": 50 },
          { "item": "adv_UPS_off", "damage": [ 0, 1 ], "charges": [ 0, 2500 ], "prob": 50 }
        ],
        "prob": 10
      }
    ]
  },
  {
    "id": "wild_bio_tool_pistol",
    "type": "item_group",
    "//": "items of the super tool",
    "subtype": "collection",
    "ammo": 100,
    "entries": [
      { "group": "mon_zombie_bio_common" },
      { "item": "lmil_armor", "damage": [ 1, 4 ], "prob": 75 },
      { "item": "lmil_helm", "damage": [ 1, 4 ], "prob": 75 },
      { "item": "shield_ballistic", "prob": 10, "damage": [ 1, 4 ] },
      {
        "distribution": [ { "item": "molle_pack", "damage": [ 1, 4 ], "prob": 50 }, { "item": "rucksack", "damage": [ 1, 4 ], "prob": 50 } ],
        "prob": 50
      },
      {
        "distribution": [
          { "item": "sheath", "contents-item": "knife_combat", "damage": [ 0, 3 ], "prob": 75 },
          { "item": "sheath", "contents-item": "knife_rm42", "damage": [ 0, 3 ], "prob": 25 }
        ],
        "prob": 80
      },
      {
        "distribution": [
          {
            "collection": [
              { "item": "neo_laser_pistol", "damage": [ 0, 3 ], "charges": [ 0, 250 ] },
              {
                "distribution": [
                  { "item": "light_atomic_battery_cell_rechargeable", "damage": [ 0, 1 ], "charges": [ 0, 1000 ], "prob": 50 },
                  { "item": "light_atomic_battery_cell", "damage": [ 0, 1 ], "charges": [ 0, 1000 ], "prob": 25 },
                  { "item": "light_minus_atomic_battery_cell", "damage": [ 0, 1 ], "charges": [ 0, 500 ], "prob": 25 }
                ],
                "prob": 25
              }
            ],
            "prob": 50
          },
          {
            "collection": [
              { "item": "neo_laser_pistol_ups", "damage": [ 0, 3 ] },
              {
                "distribution": [
                  { "item": "UPS_off", "damage": [ 0, 1 ], "charges": [ 0, 1250 ], "prob": 50 },
                  { "item": "adv_UPS_off", "damage": [ 0, 1 ], "charges": [ 0, 2500 ], "prob": 50 }
                ],
                "prob": 10
              }
            ],
            "prob": 50
          }
        ]
      },
      { "item": "chemistry_set", "damage": [ 0, 1 ], "prob": 90 },
      { "item": "id_science", "damage": [ 0, 1 ], "prob": 25 },
      {
        "distribution": [ { "item": "omnitech_weapon_ups_manual", "prob": 25 }, { "item": "omnitech_weapon_ups_kit", "prob": 75 } ],
        "prob": 25
      }
    ]
  },
  {
    "id": "wild_bio_tool_smg",
    "type": "item_group",
    "//": "items of the super tool",
    "subtype": "collection",
    "ammo": 100,
    "entries": [
      { "group": "mon_zombie_bio_common" },
      { "item": "lmil_armor", "damage": [ 1, 4 ], "prob": 75 },
      { "item": "lmil_helm", "damage": [ 1, 4 ], "prob": 75 },
      {
        "distribution": [ { "item": "molle_pack", "damage": [ 1, 4 ], "prob": 50 }, { "item": "rucksack", "damage": [ 1, 4 ], "prob": 50 } ],
        "prob": 50
      },
      {
        "distribution": [
          { "item": "sheath", "contents-item": "knife_combat", "damage": [ 0, 3 ], "prob": 75 },
          { "item": "sheath", "contents-item": "knife_rm42", "damage": [ 0, 3 ], "prob": 25 }
        ],
        "prob": 80
      },
      {
        "distribution": [
          {
            "collection": [
              { "item": "akro_laser_smg", "damage": [ 0, 3 ], "charges": [ 0, 500 ] },
              {
                "distribution": [
                  { "item": "light_atomic_battery_cell_rechargeable", "damage": [ 0, 1 ], "charges": [ 0, 1000 ], "prob": 50 },
                  { "item": "light_atomic_battery_cell", "damage": [ 0, 1 ], "charges": [ 0, 1000 ], "prob": 25 },
                  { "item": "light_minus_atomic_battery_cell", "damage": [ 0, 1 ], "charges": [ 0, 500 ], "prob": 25 }
                ],
                "prob": 25
              }
            ],
            "prob": 50
          },
          {
            "collection": [
              { "item": "akro_laser_smg_ups", "damage": [ 0, 3 ] },
              {
                "distribution": [
                  { "item": "UPS_off", "damage": [ 0, 1 ], "charges": [ 0, 1250 ], "prob": 50 },
                  { "item": "adv_UPS_off", "damage": [ 0, 1 ], "charges": [ 0, 2500 ], "prob": 50 }
                ],
                "prob": 10
              }
            ],
            "prob": 50
          }
        ]
      },
      { "item": "chemistry_set", "damage": [ 0, 1 ], "prob": 90 },
      { "item": "id_science", "damage": [ 0, 1 ], "prob": 25 },
      {
        "distribution": [ { "item": "omnitech_weapon_ups_manual", "prob": 25 }, { "item": "omnitech_weapon_ups_kit", "prob": 75 } ],
        "prob": 25
      }
    ]
  },
  {
    "type": "item_group",
    "subtype": "distribution",
    "//": "Picks the normal death drops for a super soldier at random.",
    "id": "mon_zombie_bio_dormant_armed_death_drops",
    "groups": [
      [ "wild_bio_infantry_rifle", 20 ],
      [ "wild_bio_infantry_shotgun", 20 ],
      [ "wild_bio_knight_lmg", 15 ],
      [ "wild_bio_knight_launcher", 5 ],
      [ "wild_bio_scout_sniper", 10 ],
      [ "wild_bio_tool_pistol", 20 ],
      [ "wild_bio_tool_smg", 10 ]
    ]
  },
  {
    "id": "mon_zombie_bio_dormant_unarmed_death_drops",
    "type": "item_group",
    "subtype": "collection",
    "entries": [
      { "group": "mon_zombie_bio_unarmed_generic" },
      {
        "distribution": [
          { "item": "sheath", "contents-item": "knife_combat", "damage": [ 0, 3 ], "prob": 75 },
          { "item": "sheath", "contents-item": "knife_rm42", "damage": [ 0, 3 ], "prob": 25 }
        ]
      }
    ]
  },
  {
    "id": "mon_zombie_bio_knife_death_drops",
    "type": "item_group",
    "subtype": "collection",
    "entries": [
      { "group": "mon_zombie_bio_unarmed_generic" },
      {
        "distribution": [ { "item": "knife_combat", "damage": [ 0, 3 ], "prob": 75 }, { "item": "knife_rm42", "damage": [ 0, 3 ], "prob": 25 } ]
      },
      { "item": "sheath", "damage": [ 0, 3 ] }
    ]
  },
  {
    "id": "mon_zombie_bio_unarmed_generic",
    "type": "item_group",
    "//": "This makes unarmed super soldiers pick gear lists based on the standard versions, but minus the ranged weapon, with the knife always spawning, and with reduced chance of spawning their unique ammo or tools.",
    "subtype": "collection",
    "entries": [
      { "group": "mon_zombie_bio_common" },
      {
        "distribution": [
          {
            "collection": [
              { "item": "mil_armor", "damage": [ 1, 4 ], "prob": 75 },
              { "item": "mil_helm", "damage": [ 1, 4 ], "prob": 75 },
              { "item": "shield_ballistic", "prob": 10, "damage": [ 1, 4 ] },
              {
                "distribution": [ { "item": "molle_pack", "damage": [ 1, 4 ], "prob": 50 }, { "item": "rucksack", "damage": [ 1, 4 ], "prob": 50 } ],
                "prob": 50
              },
              {
                "item": "medium_atomic_battery_cell_rechargeable",
                "damage": [ 0, 1 ],
                "charges": [ 0, 5000 ],
                "prob": 20
              }
            ],
            "prob": 40
          },
          {
            "collection": [
              { "item": "hmil_armor", "damage": [ 1, 4 ], "prob": 75 },
              { "item": "hmil_helm", "damage": [ 1, 4 ], "prob": 75 },
              { "item": "shield_ballistic", "prob": 10, "damage": [ 1, 4 ] },
              {
                "distribution": [ { "item": "legrig", "damage": [ 1, 4 ], "prob": 50 }, { "item": "dump_pouch", "damage": [ 1, 4 ], "prob": 50 } ],
                "prob": 50
              },
              {
                "distribution": [
                  { "item": "heavy_atomic_battery_cell_rechargeable", "damage": [ 0, 1 ], "charges": [ 0, 10000 ], "prob": 15 },
                  { "item": "plasma", "damage": [ 0, 1 ], "charges": [ 1, 2 ], "prob": 5 }
                ],
                "prob": 20
              }
            ],
            "prob": 20
          },
          {
            "collection": [
              { "item": "lmil_armor", "damage": [ 1, 4 ], "prob": 75 },
              { "item": "lmil_helm", "damage": [ 1, 4 ], "prob": 75 },
              {
                "distribution": [ { "item": "molle_pack", "damage": [ 1, 4 ], "prob": 50 }, { "item": "rucksack", "damage": [ 1, 4 ], "prob": 50 } ],
                "prob": 50
              },
              {
                "distribution": [ { "item": "legrig", "damage": [ 1, 4 ], "prob": 50 }, { "item": "dump_pouch", "damage": [ 1, 4 ], "prob": 50 } ],
                "prob": 50
              },
              {
                "item": "medium_atomic_battery_cell_rechargeable",
                "damage": [ 0, 1 ],
                "charges": [ 0, 5000 ],
                "prob": 20
              },
              { "item": "e_tool", "damage": [ 0, 3 ], "prob": 50 },
              { "item": "mre_beef_box", "damage": [ 0, 3 ], "prob": 75 },
              { "item": "large_tent_kit", "damage": [ 0, 3 ], "prob": 25 },
              { "item": "rollmat", "damage": [ 0, 3 ], "prob": 50 }
            ],
            "prob": 10
          },
          {
            "collection": [
              { "item": "lmil_armor", "damage": [ 1, 4 ], "prob": 75 },
              { "item": "lmil_helm", "damage": [ 1, 4 ], "prob": 75 },
              { "item": "shield_ballistic", "prob": 5, "damage": [ 1, 4 ] },
              {
                "distribution": [ { "item": "molle_pack", "damage": [ 1, 4 ], "prob": 50 }, { "item": "rucksack", "damage": [ 1, 4 ], "prob": 50 } ],
                "prob": 50
              },
              {
                "distribution": [
                  { "item": "light_atomic_battery_cell_rechargeable", "damage": [ 0, 1 ], "charges": [ 0, 500 ], "prob": 20 },
                  {
                    "item": "light_atomic_battery_cell_rechargeable",
                    "damage": [ 0, 1 ],
                    "charges": [ 500, 1000 ],
                    "prob": 10
                  }
                ],
                "prob": 20
              },
              { "item": "chemistry_set", "damage": [ 0, 1 ], "prob": 90 },
              { "item": "id_science", "damage": [ 0, 1 ], "prob": 10 }
            ],
            "prob": 30
          }
        ]
      }
    ]
  },
  {
    "id": "mon_zombie_bio_common",
    "type": "item_group",
    "//": "This makes unarmed super soldiers pick gear lists based on the standard versions, but minus the ranged weapon, with the knife always spawning, and with reduced chance of spawning their unique ammo or tools.",
    "subtype": "collection",
    "entries": [
      { "item": "helmet_liner", "damage": [ 1, 4 ] },
      { "item": "thermal_shirt", "damage": [ 1, 4 ] },
      { "item": "gloves_liner", "damage": [ 1, 4 ] },
      { "item": "under_armor_shorts", "damage": [ 1, 4 ] },
      { "item": "socks", "damage": [ 1, 4 ] },
      { "item": "militarymap", "damage": [ 0, 1 ], "prob": 5 },
      { "item": "id_military", "damage": [ 0, 1 ], "prob": 5 }
    ]
  }
]
