[
  {
    "name": "GROUP_ZOMBIE_MID",
    "type": "monstergroup",
    "//": "This is obsolete in standard Cataclysm but used in PK's Rebalancing for some things.",
    "default": "mon_null",
    "override": false,
    "auto_total": true,
    "monsters": [
      { "monster": "mon_failed_weapon", "freq": 1, "cost_multiplier": 80 },
      { "monster": "mon_zombie_failed_weapon", "freq": 1, "cost_multiplier": 30 },
      { "monster": "mon_zombie_bio_knife", "freq": 1, "cost_multiplier": 15 },
      { "monster": "mon_zombie_bio_infantry_shotgun", "freq": 1, "cost_multiplier": 15 },
      { "monster": "mon_zombie_bio_knight_lmg", "freq": 1, "cost_multiplier": 15 },
      { "monster": "mon_zombie_bio_knight_lauhcher", "freq": 1, "cost_multiplier": 15 },
      { "monster": "mon_zombie_bio_scout_sniper", "freq": 1, "cost_multiplier": 15 },
      { "monster": "mon_zombie_bio_tool_pistol", "freq": 1, "cost_multiplier": 15 },
      { "monster": "mon_zombie_bio_tool_smg", "freq": 1, "cost_multiplier": 15 }
    ]
  }
]
