[
  {
    "type": "speech",
    "speaker": "mon_zombie_failed_weapon",
    "sound": "a pained groan.",
    "volume": 10
  },
  {
    "type": "speech",
    "speaker": "mon_zombie_failed_weapon",
    "sound": "a roar of anger!",
    "volume": 50
  },
  {
    "type": "speech",
    "speaker": "mon_zombie_failed_weapon",
    "sound": "an electric crackle!",
    "volume": 30
  },
  {
    "type": "speech",
    "speaker": "mon_failed_weapon",
    "sound": "a pained groan.",
    "volume": 10
  },
  {
    "type": "speech",
    "speaker": "mon_failed_weapon",
    "sound": "a roar of anger!",
    "volume": 50
  },
  {
    "type": "speech",
    "speaker": "mon_failed_weapon",
    "sound": "an electric crackle!",
    "volume": 30
  },
  {
    "type": "speech",
    "speaker": "mon_failed_weapon",
    "sound": "\"Scanning area…\"",
    "volume": 10
  },
  {
    "type": "speech",
    "speaker": "mon_failed_weapon",
    "sound": "\"Systems check… er-ror…\"",
    "volume": 20
  },
  {
    "type": "speech",
    "speaker": "mon_failed_weapon",
    "sound": "\"Die!\"",
    "volume": 40
  },
  {
    "type": "speech",
    "speaker": "hulk_weapon",
    "sound": "metal scraping against metal!",
    "volume": 30
  },
  {
    "type": "speech",
    "speaker": "hulk_weapon",
    "sound": "an electric crackle!",
    "volume": 30
  },
  {
    "type": "speech",
    "speaker": "hulk_weapon",
    "sound": "inhuman laughter!",
    "volume": 50
  },
  {
    "type": "speech",
    "speaker": "hulk_weapon",
    "sound": "a resounding, animalistic roar!",
    "volume": 60
  },
  {
    "type": "speech",
    "speaker": "hulk_weapon",
    "sound": "\"RD-Z-13… Unit One, fully operational…\"",
    "volume": 20
  },
  {
    "type": "speech",
    "speaker": "hulk_weapon",
    "sound": "\"Systems check.  Systems normal.\"",
    "volume": 20
  },
  {
    "type": "speech",
    "speaker": "hulk_weapon",
    "sound": "\"Purge!  Annihilate!  Kill!\"",
    "volume": 50
  },
  {
    "type": "speech",
    "speaker": "hulk_weapon",
    "sound": "\"You are obsolete in this world.\"",
    "volume": 30
  },
  {
    "type": "speech",
    "speaker": "hulk_weapon",
    "sound": "\"Wherever you run, wherever you hide, I will find you.\"",
    "volume": 30
  },
  {
    "type": "speech",
    "speaker": "mon_fungus_failed_weapon",
    "sound": "a roar of anger!",
    "volume": 50
  },
  {
    "type": "speech",
    "speaker": "mon_fungus_failed_weapon",
    "sound": "an electric crackle!",
    "volume": 30
  },
  {
    "type": "speech",
    "speaker": "mon_fungus_failed_weapon",
    "sound": "\"Systems check.  Error.  We persist and grow.\"",
    "volume": 20
  },
  {
    "type": "speech",
    "speaker": "mon_fungus_failed_weapon",
    "sound": "\"We will accept you.  Surrender.\"",
    "volume": 30
  },
  {
    "type": "speech",
    "speaker": "mon_fungus_failed_weapon",
    "sound": "\"We… must grow.\"",
    "volume": 25
  },
  {
    "type": "speech",
    "speaker": "mon_fungus_failed_weapon",
    "sound": "\"Mycus must grow…\"",
    "volume": 20
  }
]
