[
  {
    "type": "item_group",
    "subtype": "collection",
    "id": "flintlock_pouch_surv_drifter",
    "entries": [ { "item": "36navy_makeshift_magnum", "charges": 14 } ]
  },
  {
    "type": "item_group",
    "subtype": "collection",
    "id": "cowboy_hat_surv_surv_drifter",
    "entries": [ { "item": "44army_makeshift_magnum", "charges": 12 } ]
  },
  {
    "type": "item_group",
    "subtype": "collection",
    "id": "legrig_surv_surv_drifter",
    "entries": [
      { "item": "colt_navy", "ammo-item": "36navy_makeshift_magnum", "charges": 6 },
      { "item": "colt_army", "ammo-item": "44army_makeshift_magnum", "charges": 6 },
      { "item": "knife_hunting" }
    ]
  },
  {
    "type": "profession",
    "id": "prepper",
    "name": "Prepper",
    "description": "You were paranoid about the world ending so you jumped on the prepper bandwagon.  You read a book on survival and got yourself a gun pack and some gear.  The cataclysm was not what you expected.",
    "points": 5,
    "skills": [ { "level": 3, "name": "rifle" }, { "level": 2, "name": "gun" }, { "level": 1, "name": "survival" } ],
    "proficiencies": [ "prof_fibers", "prof_fibers_rope", "prof_lockpicking" ],
    "items": {
      "both": {
        "items": [
          "socks",
          "hat_boonie",
          "wearable_light",
          "balclava",
          "binoculars",
          "gloves_tactical",
          "pants_army",
          "boots_steel",
          "jacket_army",
          "molle_pack",
          "canteen",
          "crowbar",
          "mil_surp_pack_2"
        ],
        "entries": [
          { "item": "tank_top", "variant": "tank_top_camo" },
          { "item": "knife_rambo", "container-item": "scabbard" },
          {
            "item": "medium_battery_cell",
            "ammo-item": "battery",
            "charges": 56,
            "container-item": "wearable_light"
          },
          { "group": "charged_ref_lighter" }
        ]
      },
      "male": [ "boxer_shorts" ],
      "female": [ "sports_bra", "boxer_shorts" ]
    }
  },
  {
    "type": "profession",
    "id": "surv_drifter",
    "name": "Wasteland Drifter",
    "description": "With the end of the world, you found yourself wandering from town to town, scavenging and learning as you go.  Sleeping under the stars, scraping by one meal and one bullet at a time, you've taken to this new life like a duck takes to water.",
    "points": 8,
    "skills": [
      { "level": 4, "name": "gun" },
      { "level": 3, "name": "pistol" },
      { "level": 3, "name": "melee" },
      { "level": 2, "name": "cutting" },
      { "level": 2, "name": "dodge" },
      { "level": 4, "name": "tailor" },
      { "level": 3, "name": "cooking" },
      { "level": 3, "name": "fabrication" },
      { "level": 2, "name": "survival" },
      { "level": 1, "name": "mechanics" }
    ],
    "proficiencies": [
      "prof_handloading",
      "prof_leatherworking_basic",
      "prof_leatherworking",
      "prof_millinery",
      "prof_furriery",
      "prof_closures",
      "prof_gun_cleaning"
    ],
    "items": {
      "both": {
        "ammo": 100,
        "items": [
          "pants_cargo",
          "longshirt",
          "duster",
          "socks",
          "boots_hiking",
          "bandana",
          "gloves_fingerless",
          "backpack",
          "canteen",
          "survivor_mess_kit",
          "fur_rollmat",
          "press",
          "puller",
          "pipe_cleaner",
          "pocketwatch"
        ],
        "entries": [
          { "item": "cowboy_hat_surv", "contents-group": "cowboy_hat_surv_surv_drifter" },
          { "item": "legrig_surv", "contents-group": "legrig_surv_surv_drifter" },
          { "item": "flintlock_pouch", "contents-group": "flintlock_pouch_surv_drifter" },
          { "item": "ear_plugs", "custom-flags": [ "no_auto_equip" ] },
          { "item": "vinegar", "container-item": "bottle_plastic_small" },
          { "item": "lamp_oil", "container-item": "bottle_plastic_small" },
          { "item": "36navy_makeshift_magnum", "charges": 5 },
          { "item": "44army_makeshift_magnum", "charges": 7 },
          { "group": "charged_ref_lighter" }
        ]
      },
      "male": [ "boxer_shorts" ],
      "female": [ "sports_bra", "panties" ]
    },
    "flags": [ "SCEN_ONLY" ]
  },
  {
    "type": "profession",
    "id": "surv_knight_errant",
    "name": "Wasteland Knight-Errant",
    "description": "When the world ended, you decided you would live by the sword.  By good fortune or by dedication, you lived long enough to earn your steel.",
    "points": 9,
    "skills": [
      { "level": 5, "name": "fabrication" },
      { "level": 4, "name": "tailor" },
      { "level": 3, "name": "survival" },
      { "level": 2, "name": "bashing" },
      { "level": 2, "name": "cutting" },
      { "level": 3, "name": "melee" }
    ],
    "proficiencies": [ "prof_metalworking", "prof_blacksmithing", "prof_bladesmith", "prof_carving" ],
    "items": {
      "both": {
        "ammo": 100,
        "items": [
          "gambeson",
          "armor_lightplate_surv",
          "socks",
          "boots_plate_surv",
          "helmet_plate_surv",
          "gloves_plate_surv",
          "backpack_leather",
          "waterskin",
          "flint_steel",
          "tinderbox",
          "can_forge",
          "hammer_multitool"
        ],
        "entries": [ { "item": "sword_metal", "container-item": "scabbard" } ]
      },
      "male": [ "boxer_briefs" ],
      "female": [ "bra", "panties" ]
    },
    "flags": [ "SCEN_ONLY" ]
  },
  {
    "type": "profession",
    "id": "surv_techno_barbarian",
    "name": "Wasteland Techno-Barbarian",
    "description": "The end of the world brings out the best and worst in everyone.  For you, it was a chance to channel your pre-Cataclysm expertise into something more primal.  Whether you have the might to use such armament remains to be seen.",
    "points": 12,
    "skills": [
      { "level": 6, "name": "fabrication" },
      { "level": 4, "name": "mechanics" },
      { "level": 2, "name": "electronics" },
      { "level": 2, "name": "cooking" },
      { "level": 3, "name": "survival" },
      { "level": 1, "name": "melee" },
      { "level": 1, "name": "bashing" },
      { "level": 1, "name": "cutting" }
    ],
    "proficiencies": [ "prof_metalworking", "prof_intro_chemistry" ],
    "items": {
      "both": {
        "ammo": 100,
        "items": [ "loincloth", "footrags", "c_power_armor_surv", "backpack", "waterskin", "flint_steel", "clay_pot" ],
        "entries": [
          { "item": "lamp_oil", "container-item": "metal_tank_little" },
          { "item": "greatsword_makeshift", "custom-flags": [ "auto_wield" ] },
          { "item": "makeshift_knife", "container-item": "sheath" }
        ]
      },
      "female": [ "chestwrap" ]
    },
    "flags": [ "SCEN_ONLY" ]
  },
  {
    "type": "profession",
    "id": "bionic_silencer",
    "name": "Bionic Silencer",
    "description": "You were trained and equipped for infiltrating secure facilities for your mysterious backers, to secure specific objects of interest and silence high-value targets.  Now that they've gone silent themselves, you'll have to use your gifts for simple survival.",
    "points": 12,
    "CBMs": [
      "bio_adrenaline",
      "bio_ads",
      "bio_alarm",
      "bio_cloak",
      "bio_atomic_battery",
      "bio_fingerhack",
      "bio_lockpick",
      "bio_metabolics",
      "bio_night_vision",
      "bio_surgical_razor",
      "bio_sword",
      "bio_uncanny_dodge",
      "bio_ups",
      "bio_watch",
      "bio_power_storage_mkII"
    ],
    "skills": [
      { "level": 2, "name": "cooking" },
      { "level": 2, "name": "computer" },
      { "level": 3, "name": "dodge" },
      { "level": 2, "name": "mechanics" },
      { "level": 3, "name": "melee" },
      { "level": 3, "name": "cutting" },
      { "level": 2, "name": "survival" },
      { "level": 3, "name": "unarmed" },
      { "level": 2, "name": "speech" }
    ],
    "proficiencies": [ "prof_lockpicking" ],
    "items": {
      "both": {
        "items": [ "socks", "dress_shoes", "kevlar", "dress_shirt", "knit_scarf", "mbag", "multitool", "bottle_metal" ],
        "entries": [ { "group": "charged_smart_phone" }, { "group": "charged_matches" } ]
      },
      "male": [ "briefs", "pants" ],
      "female": [ "bra", "panties", "dress_skirt" ]
    }
  }
]
