[
  {
    "type": "item_group",
    "subtype": "collection",
    "id": "c_plut_light",
    "entries": [ { "item": "light_atomic_battery_cell_rechargeable", "ammo-item": "battery", "charges": [ 500, 1000 ] } ]
  },
  {
    "type": "item_group",
    "subtype": "collection",
    "id": "c_plut_medium",
    "entries": [ { "item": "medium_atomic_battery_cell_rechargeable", "ammo-item": "battery", "charges": [ 2500, 5000 ] } ]
  },
  {
    "type": "item_group",
    "subtype": "collection",
    "id": "c_plut_heavy",
    "entries": [ { "item": "heavy_atomic_battery_cell_rechargeable", "ammo-item": "battery", "charges": [ 5000, 10000 ] } ]
  },
  {
    "type": "profession",
    "id": "failed_weapon",
    "name": "Failed Bio-Weapon",
    "description": "From the moment you opened your eyes you knew you were a failure, a reject.  Destined to be something great but many a mistake took that away from you.  You awoke in a world of monsters, but you're determined to prove you aren't one of them.",
    "points": 4,
    "traits": [
      "NIGHTVISION",
      "PSYCHOPATH",
      "PAINREC_BIOWEAPON",
      "REGEN_BIOWEAPON",
      "NEURO_BAD_BIOWEAPON",
      "ARMOR_BIOWEAPON",
      "PONDEROUS_BIOWEAPON",
      "HUNGER_BIOWEAPON",
      "UNSTABLE",
      "ANIMALDISCORD",
      "BIO_WEAPON_FAILED"
    ],
    "skills": [ { "level": 2, "name": "firstaid" }, { "level": 2, "name": "electronics" }, { "level": 2, "name": "mechanics" } ],
    "CBMs": [
      "bio_drain",
      "bio_power_weakness",
      "bio_nostril",
      "bio_thumbs",
      "bio_leaky",
      "bio_sleepy",
      "bio_trip",
      "bio_stiff",
      "bio_razors",
      "bio_power_storage_mkII",
      "bio_power_storage_mkII",
      "bio_power_storage_mkII",
      "bio_power_storage_mkII",
      "bio_hydraulics",
      "bio_metabolics",
      "bio_chain_lightning",
      "bio_carbon",
      "bio_nanobots",
      "bio_painkiller",
      "bio_torsionratchet",
      "bio_cqb",
      "bio_shock",
      "bio_armor_head",
      "bio_armor_torso",
      "bio_armor_arms",
      "bio_armor_legs",
      "bio_armor_eyes"
    ],
    "items": {
      "both": {
        "items": [ "badge_bio_weapon", "subsuit_xl", "footrags" ],
        "entries": [ { "item": "hat_noise_cancelling", "custom-flags": [ "no_auto_equip" ] } ]
      },
      "male": [ "briefs" ],
      "female": [ "bra", "panties" ]
    },
    "flags": [ "SCEN_ONLY" ]
  },
  {
    "type": "profession",
    "id": "failed_weapon_scen",
    "//": "This is used to distinguish between failed bio-weapons who started at the Bio-Weapon Lab from other failed bio-weapons, for mission/dialogue purposes.",
    "name": "Failed Bio-Weapon",
    "description": "From the moment you opened your eyes you knew you were a failure, a reject.  Destined to be something great but many a mistake took that away from you.  You awoke in a world of monsters, but you're determined to prove you aren't one of them.",
    "points": 4,
    "traits": [
      "NIGHTVISION",
      "PSYCHOPATH",
      "PAINREC_BIOWEAPON",
      "REGEN_BIOWEAPON",
      "NEURO_BAD_BIOWEAPON",
      "ARMOR_BIOWEAPON",
      "PONDEROUS_BIOWEAPON",
      "HUNGER_BIOWEAPON",
      "UNSTABLE",
      "ANIMALDISCORD",
      "BIO_WEAPON_FAILED_SCEN"
    ],
    "skills": [ { "level": 2, "name": "firstaid" }, { "level": 2, "name": "electronics" }, { "level": 2, "name": "mechanics" } ],
    "CBMs": [
      "bio_drain",
      "bio_power_weakness",
      "bio_nostril",
      "bio_thumbs",
      "bio_leaky",
      "bio_sleepy",
      "bio_trip",
      "bio_stiff",
      "bio_razors",
      "bio_power_storage_mkII",
      "bio_power_storage_mkII",
      "bio_power_storage_mkII",
      "bio_power_storage_mkII",
      "bio_hydraulics",
      "bio_metabolics",
      "bio_chain_lightning",
      "bio_carbon",
      "bio_nanobots",
      "bio_painkiller",
      "bio_torsionratchet",
      "bio_cqb",
      "bio_shock",
      "bio_armor_head",
      "bio_armor_torso",
      "bio_armor_arms",
      "bio_armor_legs",
      "bio_armor_eyes"
    ],
    "items": {
      "both": {
        "items": [ "badge_bio_weapon", "subsuit_xl", "footrags" ],
        "entries": [ { "item": "hat_noise_cancelling", "custom-flags": [ "no_auto_equip" ] } ]
      },
      "male": [ "briefs" ],
      "female": [ "bra", "panties" ]
    },
    "flags": [ "SCEN_ONLY" ]
  },
  {
    "type": "profession",
    "id": "mycus_weapon",
    "name": "Fungus Failed Bio-Weapon",
    "description": "Assimilation process is complete, incorporation and modification of biology and bionics into our system was successful.  Protection of our new domain and brethren is our current objective.  Inability to remove previous DNA marker is but a minor setback.",
    "points": 4,
    "//": "Most of the same traits as standard failed bio-weapons, though Unstable Genetics has been removed since Mycus characters aren't supposed to mutate, and they softlock if it gives them Carnivore.",
    "traits": [
      "NIGHTVISION",
      "PSYCHOPATH",
      "PAINREC_BIOWEAPON",
      "REGEN_BIOWEAPON",
      "NEURO_BAD_BIOWEAPON",
      "ARMOR_BIOWEAPON",
      "PONDEROUS_BIOWEAPON",
      "HUNGER_BIOWEAPON",
      "ANIMALDISCORD",
      "THRESH_MYCUS",
      "BIO_WEAPON_FAILED"
    ],
    "CBMs": [
      "bio_drain",
      "bio_power_weakness",
      "bio_nostril",
      "bio_thumbs",
      "bio_leaky",
      "bio_sleepy",
      "bio_trip",
      "bio_stiff",
      "bio_razors",
      "bio_power_storage_mkII",
      "bio_power_storage_mkII",
      "bio_power_storage_mkII",
      "bio_power_storage_mkII",
      "bio_hydraulics",
      "bio_metabolics",
      "bio_chain_lightning",
      "bio_carbon",
      "bio_nanobots",
      "bio_painkiller",
      "bio_torsionratchet",
      "bio_cqb",
      "bio_shock",
      "bio_armor_head",
      "bio_armor_torso",
      "bio_armor_arms",
      "bio_armor_legs",
      "bio_armor_eyes"
    ],
    "items": {
      "both": [
        "badge_bio_weapon",
        "subsuit_xl",
        "footrags",
        "mycus_fruit",
        "mycus_fruit",
        "mycus_fruit",
        "mycus_fruit",
        "mycus_fruit",
        "mycus_fruit",
        "mycus_fruit",
        "mycus_fruit"
      ],
      "male": [ "briefs" ],
      "female": [ "bra", "panties" ]
    },
    "flags": [ "SCEN_ONLY" ]
  },
  {
    "type": "profession",
    "id": "bio_weapon_a",
    "name": "Bio-Weapon Alpha",
    "description": "'The Predator'.  You were the first, the Alpha.  Created to sow chaos behind enemy lines, driven by hunger.  You awoke into the unknown with an appetite - good thing the world is full of prey to devour!",
    "points": 8,
    "traits": [
      "NIGHTVISION",
      "PSYCHOPATH",
      "PAINREC_BIOWEAPON",
      "SPEED_BIOWEAPON",
      "REGEN_BIOWEAPON",
      "HUNGER_BIOWEAPON",
      "STAMINA_BIOWEAPON",
      "NEURO_BAD_BIOWEAPON",
      "BIO_WEAPON_ALPHA"
    ],
    "skills": [ { "level": 5, "name": "dodge" }, { "level": 5, "name": "melee" }, { "level": 5, "name": "unarmed" } ],
    "CBMs": [
      "bio_dex_enhancer",
      "bio_eye_enhancer",
      "bio_str_enhancer",
      "bio_adrenaline",
      "bio_carbon",
      "bio_hazard_shield",
      "bio_ears",
      "bio_cqb",
      "bio_claws",
      "bio_shock",
      "bio_digestion",
      "bio_water_extractor",
      "bio_heat_absorb",
      "bio_metabolics",
      "bio_ethanol",
      "bio_painkiller",
      "bio_nanobots",
      "bio_recycler",
      "bio_uncanny_dodge",
      "bio_power_storage_mkII",
      "bio_power_storage_mkII",
      "bio_power_storage_mkII",
      "bio_power_storage_mkII"
    ],
    "items": { "both": [ "badge_bio_weapon", "subsuit_xl" ], "male": [ "briefs" ], "female": [ "bra", "panties" ] },
    "flags": [ "SCEN_ONLY" ]
  },
  {
    "type": "profession",
    "id": "bio_weapon_d",
    "name": "Bio-Weapon Delta",
    "description": "'The Infiltrator', created to infiltrate, scout, spy and assassinate.  Capable of taking down enemies from afar, exploring enemy territory and integrating into the local populace.  You awoke to chaos, and you plan to eliminate whoever caused it.",
    "points": 8,
    "traits": [
      "NIGHTVISION",
      "PSYCHOPATH",
      "PAINREC_BIOWEAPON",
      "SUBTLE_BIOWEAPON",
      "SLOW_METABOLISM_BIOWEAPON",
      "SCOUT_BIOWEAPON",
      "ANIMALDISCORD",
      "BIO_WEAPON_DELTA"
    ],
    "skills": [
      { "level": 5, "name": "gun" },
      { "level": 3, "name": "rifle" },
      { "level": 3, "name": "melee" },
      { "level": 3, "name": "stabbing" },
      { "level": 3, "name": "survival" },
      { "level": 3, "name": "fabrication" },
      { "level": 3, "name": "cooking" },
      { "level": 3, "name": "tailor" },
      { "level": 3, "name": "swimming" },
      { "level": 3, "name": "computer" },
      { "level": 3, "name": "speech" },
      { "level": 3, "name": "traps" }
    ],
    "CBMs": [
      "bio_atomic_battery",
      "bio_int_enhancer",
      "bio_eye_enhancer",
      "bio_animal_empathy",
      "bio_night_vision",
      "bio_targeting",
      "bio_tools",
      "bio_flashlight",
      "bio_lighter",
      "bio_evap",
      "bio_climate",
      "bio_torsionratchet",
      "bio_recycler",
      "bio_carbon",
      "bio_watch",
      "bio_face_mask",
      "bio_lockpick",
      "bio_fingerhack",
      "bio_ups",
      "bio_nanobots",
      "bio_painkiller",
      "bio_power_storage_mkII",
      "bio_power_storage_mkII",
      "bio_power_storage_mkII",
      "bio_power_storage_mkII"
    ],
    "items": { "both": [ "badge_bio_weapon", "subsuit_xl", "footrags" ], "male": [ "briefs" ], "female": [ "bra", "panties" ] },
    "flags": [ "SCEN_ONLY" ]
  },
  {
    "type": "profession",
    "id": "bio_weapon_b",
    "name": "Bio-Weapon Beta",
    "description": "'The Immortal', designed to be a one-man army.  Your body is a lethal weapon, finely tuned arms and defenses ready to destroy anything standing in your way.  You awoke to a horde of enemies, so now you take them all on.",
    "points": 8,
    "traits": [
      "NIGHTVISION",
      "PSYCHOPATH",
      "PAINREC_BIOWEAPON",
      "ARMOR_BIOWEAPON",
      "TOUGH_BIOWEAPON",
      "PONDEROUS_BIOWEAPON",
      "PAINRESIST",
      "BIO_WEAPON_BETA"
    ],
    "skills": [
      { "level": 5, "name": "dodge" },
      { "level": 5, "name": "melee" },
      { "level": 5, "name": "cutting" },
      { "level": 3, "name": "rifle" },
      { "level": 3, "name": "gun" }
    ],
    "CBMs": [
      "bio_str_enhancer",
      "bio_dex_enhancer",
      "bio_adrenaline",
      "bio_armor_eyes",
      "bio_armor_head",
      "bio_armor_torso",
      "bio_armor_arms",
      "bio_armor_legs",
      "bio_sunglasses",
      "bio_ears",
      "bio_blood_filter",
      "bio_faraday",
      "bio_leukocyte",
      "bio_purifier",
      "bio_radscrubber",
      "bio_targeting",
      "bio_sword",
      "bio_shock",
      "bio_laser_armgun",
      "bio_hydraulics",
      "bio_nanobots",
      "bio_painkiller",
      "bio_power_storage_mkII",
      "bio_power_storage_mkII",
      "bio_power_storage_mkII",
      "bio_power_storage_mkII",
      "bio_fuel_cell_gasoline",
      "bio_plasma_cell"
    ],
    "items": { "both": [ "badge_bio_weapon", "subsuit_xl", "footrags" ], "male": [ "briefs" ], "female": [ "bra", "panties" ] },
    "flags": [ "SCEN_ONLY" ]
  },
  {
    "type": "profession",
    "id": "bio_weapon_g",
    "name": "Bio-Weapon Gamma",
    "description": "'The Mechanic', created to sabotage, destroy, assimilate or repair bio-technology.  You are a walking, adaptive repair machine.  You awoke to the sounds of machines fighting abominations.  You could help them, or destroy them, if they get in your way.",
    "points": 8,
    "traits": [
      "NIGHTVISION",
      "PSYCHOPATH",
      "PAINREC_BIOWEAPON",
      "NEURO_GOOD_BIOWEAPON",
      "ROBOT_FRIEND_BIOWEAPON",
      "WEAK_BIOWEAPON",
      "PROF_MED",
      "FASTLEARNER",
      "BIO_WEAPON_GAMMA"
    ],
    "skills": [
      { "level": 5, "name": "firstaid" },
      { "level": 5, "name": "electronics" },
      { "level": 5, "name": "mechanics" },
      { "level": 5, "name": "fabrication" }
    ],
    "CBMs": [
      "bio_int_enhancer",
      "bio_carbon",
      "bio_chain_lightning",
      "bio_emp_armgun",
      "bio_magnet",
      "bio_nanobots",
      "bio_painkiller",
      "bio_power_storage_mkII",
      "bio_power_storage_mkII",
      "bio_power_storage_mkII",
      "bio_power_storage_mkII",
      "bio_pitch_perfect",
      "bio_remote",
      "bio_resonator",
      "bio_cutting_torch",
      "bio_batteries",
      "bio_cable",
      "bio_tools",
      "bio_razors",
      "bio_ups",
      "bio_sunglasses"
    ],
    "items": { "both": [ "badge_bio_weapon", "subsuit_xl", "footrags" ], "male": [ "briefs" ], "female": [ "bra", "panties" ] },
    "flags": [ "SCEN_ONLY" ]
  },
  {
    "type": "profession",
    "id": "bio_infantry",
    "name": "Super Soldier",
    "description": "The infantry of the Super Soldier project.  You are one of many augmented soldiers to be deployed into a battle field to ensure victory.  With range and melee capabilities, you engage enemies en masse.",
    "points": 16,
    "CBMs": [
      "bio_adrenaline",
      "bio_blade",
      "bio_carbon",
      "bio_metabolics",
      "bio_nanobots",
      "bio_painkiller",
      "bio_night_vision",
      "bio_purifier",
      "bio_shock",
      "bio_targeting",
      "bio_ups",
      "bio_power_storage_sentinel",
      "bio_str_enhancer",
      "bio_dex_enhancer",
      "bio_eye_enhancer",
      "bio_int_enhancer",
      "bio_speed"
    ],
    "traits": [
      "SUPER_SOLDIER_MARKER",
      "THRESH_SUPER_SOLDIER",
      "SENTINEL_PERK_STR",
      "SENTINEL_PERK_DEX",
      "SENTINEL_PERK_PER",
      "SENTINEL_PERK_INT"
    ],
    "skills": [
      { "level": 3, "name": "gun" },
      { "level": 3, "name": "rifle" },
      { "level": 3, "name": "pistol" },
      { "level": 3, "name": "melee" },
      { "level": 3, "name": "unarmed" },
      { "level": 3, "name": "cutting" },
      { "level": 3, "name": "stabbing" },
      { "level": 3, "name": "dodge" }
    ],
    "proficiencies": [ "prof_gunsmithing_basic", "prof_traps", "prof_disarming", "prof_spotting" ],
    "items": {
      "both": {
        "items": [ "helmet_liner", "thermal_shirt", "gloves_liner", "under_armor_shorts", "socks", "mil_helm", "molle_pack" ],
        "entries": [
          { "item": "mil_armor", "contents-group": "c_plut_medium" },
          { "item": "two_way_radio", "contents-item": [ "battery_ups" ] },
          {
            "item": "arc_laser_rifle",
            "ammo-item": "battery",
            "charges": 5000,
            "contents-item": "shoulder_strap",
            "custom-flags": [ "auto_wield" ]
          },
          { "item": "knife_combat", "container-item": "sheath" },
          { "item": "neo_laser_pistol_ups", "container-item": "XL_holster" }
        ]
      }
    },
    "flags": [ "SCEN_ONLY" ]
  },
  {
    "type": "profession",
    "id": "bio_scout",
    "name": "Super Scout",
    "description": "The sniper of the Super Soldier project.  You are one of a few augmented soldiers to be used for reconnaissance and V.I.P assassinations.  With your weapons and skills, you can eliminate key targets after living for weeks in enemy territory.",
    "points": 16,
    "CBMs": [
      "bio_climate",
      "bio_evap",
      "bio_eye_optic",
      "bio_lighter",
      "bio_nanobots",
      "bio_night_vision",
      "bio_recycler",
      "bio_digestion",
      "bio_targeting",
      "bio_torsionratchet",
      "bio_ups",
      "bio_power_storage_sentinel",
      "bio_eye_enhancer",
      "bio_dex_enhancer"
    ],
    "traits": [ "SUPER_SOLDIER_MARKER", "THRESH_SUPER_SOLDIER", "SENTINEL_PERK_DEX_2", "SENTINEL_PERK_PER_2" ],
    "skills": [
      { "level": 5, "name": "gun" },
      { "level": 4, "name": "rifle" },
      { "level": 3, "name": "survival" },
      { "level": 3, "name": "fabrication" },
      { "level": 3, "name": "cooking" },
      { "level": 2, "name": "tailor" },
      { "level": 2, "name": "swimming" },
      { "level": 2, "name": "pistol" },
      { "level": 2, "name": "melee" },
      { "level": 2, "name": "stabbing" }
    ],
    "proficiencies": [ "prof_gunsmithing_basic", "prof_traps", "prof_disarming", "prof_spotting" ],
    "items": {
      "both": {
        "items": [
          "helmet_liner",
          "thermal_shirt",
          "gloves_liner",
          "under_armor_shorts",
          "socks",
          "lmil_helm",
          "rucksack",
          "dump_pouch",
          "2lcanteen",
          "e_tool",
          "militarymap",
          "tent_kit",
          "rollmat"
        ],
        "entries": [
          { "item": "lmil_armor", "contents-group": "c_plut_medium" },
          { "item": "two_way_radio", "contents-item": [ "battery_ups" ] },
          { "item": "mil_mess_kit", "contents-item": [ "battery_ups" ] },
          {
            "item": "mx_laser_sniper",
            "ammo-item": "battery",
            "charges": 5000,
            "contents-item": "shoulder_strap",
            "custom-flags": [ "auto_wield" ]
          },
          { "item": "neo_laser_pistol_ups", "container-item": "XL_holster" },
          { "item": "knife_combat", "container-item": "sheath" }
        ]
      }
    },
    "flags": [ "SCEN_ONLY" ]
  },
  {
    "type": "profession",
    "id": "bio_tool",
    "name": "Super Bio-engineer",
    "description": "Biological and mechanical repair unit, the combat engineer of the Super Soldier project.  You are one of many augmented military mechanics to be used as a repair module.  With repair, medical and general electronic capabilities, you can maybe fix the world.",
    "points": 16,
    "CBMs": [
      "bio_torsionratchet",
      "bio_emp_armgun",
      "bio_flashlight",
      "bio_memory",
      "bio_nanobots",
      "bio_painkiller",
      "bio_sunglasses",
      "bio_tools",
      "bio_ups",
      "bio_watch",
      "bio_power_storage_sentinel",
      "bio_eye_enhancer",
      "bio_int_enhancer"
    ],
    "traits": [ "SUPER_SOLDIER_MARKER", "THRESH_SUPER_SOLDIER", "SENTINEL_PERK_PER_2", "SENTINEL_PERK_INT_2" ],
    "skills": [
      { "level": 5, "name": "electronics" },
      { "level": 5, "name": "cooking" },
      { "level": 4, "name": "mechanics" },
      { "level": 4, "name": "firstaid" },
      { "level": 4, "name": "fabrication" },
      { "level": 3, "name": "gun" },
      { "level": 2, "name": "pistol" },
      { "level": 2, "name": "smg" },
      { "level": 2, "name": "melee" },
      { "level": 2, "name": "stabbing" }
    ],
    "proficiencies": [ "prof_gunsmithing_basic", "prof_traps", "prof_disarming", "prof_spotting" ],
    "items": {
      "both": {
        "items": [
          "helmet_liner",
          "thermal_shirt",
          "gloves_liner",
          "under_armor_shorts",
          "socks",
          "lmil_helm",
          "molle_pack",
          "id_science"
        ],
        "entries": [
          { "item": "lmil_armor", "contents-group": "c_plut_light" },
          { "item": "chemistry_set", "contents-item": [ "battery_ups" ] },
          { "item": "two_way_radio", "contents-item": [ "battery_ups" ] },
          {
            "item": "akro_laser_smg",
            "ammo-item": "battery",
            "charges": 1000,
            "contents-item": "shoulder_strap",
            "custom-flags": [ "auto_wield" ]
          },
          { "item": "knife_combat", "container-item": "sheath" },
          { "item": "neo_laser_pistol_ups", "container-item": "XL_holster" }
        ]
      }
    },
    "flags": [ "SCEN_ONLY" ]
  },
  {
    "type": "profession",
    "id": "bio_knight",
    "name": "Super Juggernaut",
    "description": "The tank of the Super Soldier project.  You are one of a few augmented soldiers to be used as a heavy support to infantry.  With ranged, armor and regenerative capabilities, you can endure heavy damage and return it in kind.",
    "points": 16,
    "CBMs": [
      "bio_armor_eyes",
      "bio_armor_head",
      "bio_armor_torso",
      "bio_armor_arms",
      "bio_armor_legs",
      "bio_metabolics",
      "bio_nanobots",
      "bio_painkiller",
      "bio_purifier",
      "bio_sunglasses",
      "bio_ears",
      "bio_carbon",
      "bio_sword",
      "bio_targeting",
      "bio_ups",
      "bio_power_storage_sentinel",
      "bio_str_enhancer",
      "bio_dex_enhancer"
    ],
    "traits": [ "SUPER_SOLDIER_MARKER", "THRESH_SUPER_SOLDIER", "SENTINEL_PERK_STR_2", "SENTINEL_PERK_DEX_2" ],
    "skills": [
      { "level": 3, "name": "gun" },
      { "level": 3, "name": "rifle" },
      { "level": 2, "name": "shotgun" },
      { "level": 3, "name": "melee" },
      { "level": 3, "name": "cutting" },
      { "level": 2, "name": "bashing" },
      { "level": 2, "name": "stabbing" },
      { "level": 3, "name": "dodge" }
    ],
    "proficiencies": [ "prof_gunsmithing_basic", "prof_traps", "prof_disarming", "prof_spotting" ],
    "items": {
      "both": {
        "items": [ "helmet_liner", "thermal_shirt", "gloves_liner", "under_armor_shorts", "socks", "hmil_helm", "legrig" ],
        "entries": [
          { "item": "hmil_armor", "contents-group": "c_plut_heavy" },
          { "item": "two_way_radio", "contents-item": "battery_ups" },
          {
            "item": "krx_laser_lmg",
            "ammo-item": "battery",
            "charges": 10000,
            "contents-item": "shoulder_strap",
            "custom-flags": [ "auto_wield" ]
          },
          { "item": "xarm_laser_shotgun_ups", "contents-item": "shoulder_strap" },
          { "item": "knife_combat", "container-item": "sheath" }
        ]
      }
    },
    "flags": [ "SCEN_ONLY" ]
  },
  {
    "type": "profession",
    "id": "sf_blade",
    "name": "Slave Fighter (Blade)",
    "description": "You were kidnapped for some sort of underground bloodsport, augmented with a blade and enhancements to your speed and reaction time.  Forced through rudimentary training as a novelty fighter, you were expected to be able to be down opponents with ease.",
    "points": 6,
    "CBMs": [
      "bio_sword",
      "bio_shock",
      "bio_adrenaline",
      "bio_carbon",
      "bio_dex_enhancer",
      "bio_heat_absorb",
      "bio_speed",
      "bio_metabolics",
      "bio_power_storage_mkII",
      "bio_power_storage_mkII"
    ],
    "traits": [ "PROF_GLADIATOR" ],
    "skills": [ { "level": 2, "name": "melee" }, { "level": 2, "name": "cutting" }, { "level": 2, "name": "dodge" } ],
    "items": {
      "both": [ "socks", "hat_cotton", "armguard_hard", "gloves_fingerless", "tank_top", "jeans", "legguard_hard", "boots" ],
      "male": [ "briefs" ],
      "female": [ "bra", "panties" ]
    },
    "flags": [ "SCEN_ONLY" ]
  },
  {
    "type": "profession",
    "id": "sf_claw",
    "name": "Slave Fighter (Claws)",
    "description": "You were kidnapped for some sort of underground bloodsport, augmented with bionic claws and enhancements to your reflexes.  Forced through rudimentary training as a novelty fighter, you were expected to tear your foes apart like an animal.",
    "points": 6,
    "CBMs": [
      "bio_claws",
      "bio_cqb",
      "bio_adrenaline",
      "bio_carbon",
      "bio_dex_enhancer",
      "bio_heat_absorb",
      "bio_metabolics",
      "bio_power_storage_mkII",
      "bio_power_storage_mkII"
    ],
    "traits": [ "PROF_GLADIATOR" ],
    "skills": [
      { "level": 2, "name": "melee" },
      { "level": 2, "name": "unarmed" },
      { "level": 2, "name": "dodge" },
      { "level": 2, "name": "stabbing" },
      { "level": 2, "name": "bashing" }
    ],
    "items": {
      "both": [ "socks", "hat_cotton", "armguard_hard", "gloves_fingerless", "tank_top", "jeans", "legguard_hard", "boots" ],
      "male": [ "briefs" ],
      "female": [ "bra", "panties" ]
    },
    "flags": [ "SCEN_ONLY" ]
  },
  {
    "type": "profession",
    "id": "sf_shock",
    "name": "Slave Fighter (Shocker)",
    "description": "You were kidnapped for some sort of underground bloodsport, augmented with electrical generation and protection bionics.  It was expected that you'd be a living tesla coil in the ring, frying victims until they roll over and die.",
    "points": 6,
    "CBMs": [
      "bio_chain_lightning",
      "bio_targeting",
      "bio_shock",
      "bio_faraday",
      "bio_eye_enhancer",
      "bio_carbon",
      "bio_metabolics",
      "bio_power_storage_mkII",
      "bio_power_storage_mkII"
    ],
    "traits": [ "PROF_GLADIATOR" ],
    "skills": [ { "level": 2, "name": "gun" }, { "level": 2, "name": "rifle" }, { "level": 2, "name": "dodge" } ],
    "items": {
      "both": [ "socks", "hat_cotton", "armguard_hard", "gloves_fingerless", "tank_top", "jeans", "legguard_hard", "boots" ],
      "male": [ "briefs" ],
      "female": [ "bra", "panties" ]
    },
    "flags": [ "SCEN_ONLY" ]
  },
  {
    "type": "profession",
    "id": "sf_weapon",
    "name": "Slave Fighter (Weapon Master)",
    "description": "You were kidnapped for some sort of underground bloodsport.  Augmented with a mish-mash of support bionics and put through hellish training, you were intended to be a wild card to spice up matches, able to weaponize whatever you could get your hands on.",
    "points": 6,
    "traits": [ "MARTIAL_ARTS_SURV_COM", "PROF_GLADIATOR" ],
    "CBMs": [
      "bio_magnet",
      "bio_pitch_perfect",
      "bio_shock",
      "bio_targeting",
      "bio_eye_enhancer",
      "bio_dex_enhancer",
      "bio_str_enhancer",
      "bio_speed",
      "bio_carbon",
      "bio_heat_absorb",
      "bio_metabolics",
      "bio_power_storage_mkII",
      "bio_power_storage_mkII"
    ],
    "skills": [
      { "level": 2, "name": "melee" },
      { "level": 2, "name": "unarmed" },
      { "level": 2, "name": "stabbing" },
      { "level": 2, "name": "cutting" },
      { "level": 2, "name": "bashing" },
      { "level": 2, "name": "dodge" },
      { "level": 2, "name": "gun" },
      { "level": 2, "name": "rifle" },
      { "level": 2, "name": "shotgun" },
      { "level": 2, "name": "smg" },
      { "level": 2, "name": "pistol" },
      { "level": 2, "name": "launcher" },
      { "level": 2, "name": "archery" },
      { "level": 2, "name": "throw" }
    ],
    "items": {
      "both": [ "socks", "hat_cotton", "armguard_hard", "gloves_fingerless", "tank_top", "jeans", "legguard_hard", "boots" ],
      "male": [ "briefs" ],
      "female": [ "bra", "panties" ]
    },
    "flags": [ "SCEN_ONLY" ]
  }
]
