[
  {
    "type": "start_location",
    "id": "surv_camp_l",
    "name": "Survivor Camp Site",
    "terrain": [ "surv_camp" ],
    "flags": [ "ALLOW_OUTSIDE" ]
  },
  {
    "type": "start_location",
    "id": "sloc_surv_holdout",
    "name": "Survivor Holdout",
    "terrain": [ "Survivor_Holdout_2" ],
    "flags": [ "ALLOW_OUTSIDE" ]
  },
  {
    "type": "start_location",
    "id": "sloc_surv_encampment",
    "name": "Survivor Encampment",
    "terrain": [ "Survivor_Encampment_Lot_Preppers" ],
    "flags": [ "ALLOW_OUTSIDE" ]
  },
  {
    "type": "start_location",
    "id": "Bio_Weapon_Lab_l",
    "name": "Bio Weapon Lab",
    "terrain": [ "Bio_Weapon_Lab_b" ]
  },
  {
    "type": "start_location",
    "id": "house_fight_s",
    "name": "Underground Arena",
    "terrain": [ "sketchy_cabin_b2" ]
  },
  {
    "type": "start_location",
    "id": "lab_surface_brick_blockC0",
    "name": "Research Facility",
    "terrain": [ "lab_surface_brick_blockC0" ],
    "flags": [ "ALLOW_OUTSIDE" ]
  },
  {
    "type": "start_location",
    "id": "robofachq_surface_parking",
    "name": "Hub 01",
    "terrain": [ "robofachq_surface_parking" ],
    "flags": [ "ALLOW_OUTSIDE" ]
  },
  {
    "type": "start_location",
    "id": "makeshift_command_center_1",
    "name": "Makeshift Command Center",
    "terrain": [ "makeshift_command_center_1" ],
    "flags": [ "ALLOW_OUTSIDE" ]
  },
  {
    "type": "start_location",
    "id": "Bio_Weapon_Lab",
    "//": "This versions is for the super soldier start, places them in the outdoors section.",
    "name": "Bio Weapon Lab",
    "terrain": [ "Bio_Weapon_Lab_1" ],
    "flags": [ "ALLOW_OUTSIDE" ]
  },
  {
    "type": "start_location",
    "id": "haz_sar_1_2",
    "name": "Hazardous Waste Sarcophagus",
    "terrain": [ "haz_sar_1_2" ],
    "flags": [ "ALLOW_OUTSIDE" ]
  },
  {
    "type": "start_location",
    "id": "sloc_mansion",
    "name": "Mansion",
    "terrain": [ "mansion_+2", "mansion_+1", "mansion_+4", "mansion_+3" ],
    "flags": [ "ALLOW_OUTSIDE" ]
  }
]
