[
  {
    "type": "scenario",
    "name": "Bio-Weapon Lab",
    "description": "You woke up, where are you?  Who are you?  What are you?!  That doesn't matter right now… you have a bad feeling…",
    "flags": [ "LONE_START", "SUR_START" ],
    "start_of_game": { "season": "summer" },
    "id": "bio_weapon_lab",
    "points": 0,
    "start_name": "Bio-Weapon Lab",
    "allowed_locs": [ "Bio_Weapon_Lab_l" ],
    "professions": [ "bio_weapon_a", "bio_weapon_b", "bio_weapon_g", "bio_weapon_d", "failed_weapon_scen" ],
    "traits": [ "MARTIAL_ARTS_MUT_COM", "MARTIAL_ARTS_BIOJUTSU" ],
    "forbidden_traits": [
      "GOURMAND",
      "SPIRITUAL",
      "HOARDER",
      "NOMAD",
      "PACIFIST",
      "TABLEMANNERS",
      "SQUEAMISH",
      "WAYFARER",
      "XS",
      "XXXL"
    ]
  },
  {
    "type": "scenario",
    "name": "Mycus B.W.M.D",
    "description": "After mycus assimilation was successful, our local system was instructed to claim more territory for the mycus. Hostile organisms are near, proceed with caution.",
    "flags": [ "LONE_START", "SUR_START" ],
    "start_of_game": { "season": "autumn" },
    "id": "mycus_bwmd",
    "points": 2,
    "start_name": "Fungal Territory",
    "allowed_locs": [ "sloc_forest", "sloc_field" ],
    "professions": [ "mycus_weapon" ],
    "traits": [ "MARTIAL_ARTS_MUT_COM", "MARTIAL_ARTS_BIOJUTSU" ],
    "forbidden_traits": [
      "GOURMAND",
      "SPIRITUAL",
      "HOARDER",
      "NOMAD",
      "PACIFIST",
      "TABLEMANNERS",
      "SQUEAMISH",
      "WAYFARER",
      "XS",
      "XXXL"
    ]
  },
  {
    "type": "scenario",
    "name": "Prepper Safehouse",
    "description": "You knew something was coming, so you made connections with like-minded survivors beforehand to establish safe refuge.  You've made your plans, now that you've weathered the first few months it's time for the next steps.",
    "id": "prep_house",
    "points": 2,
    "start_name": "Safehouse",
    "allowed_locs": [
      "sloc_house_boarded",
      "surv_camp_l",
      "sloc_surv_holdout",
      "sloc_surv_encampment",
      "sloc_cabin",
      "sloc_hermit_shack",
      "sloc_farm_survivalist",
      "sloc_lmoe"
    ],
    "professions": [
      "survivalist",
      "jr_survivalist",
      "prepper",
      "fisher",
      "birder",
      "groundskeeper",
      "blacksmith",
      "bionic_silencer",
      "surv_drifter",
      "surv_knight_errant",
      "surv_techno_barbarian"
    ],
    "traits": [ "MARTIAL_ARTS_SURV_COM" ],
    "forced_traits": [ "PROF_PREPPER_HOLDOUT" ],
    "flags": [ "CITY_START", "LONE_START" ],
    "start_of_game": { "season": "autumn" }
  },
  {
    "type": "scenario",
    "name": "Slave Fighter's Freedom",
    "description": "All your life, you have been experimented on and forced to fight others for the amusement of your masters.  Never having seen the sun or the outside, the cataclysm gave you a chance at freedom.  Now you just have to escape from your fellow combatants…",
    "flags": [ "LONE_START", "CHALLENGE" ],
    "id": "house_fight_scenario",
    "points": -2,
    "start_name": "Sketchy Cabin",
    "allowed_locs": [ "house_fight_s" ],
    "traits": [
      "FANGS",
      "SPINES",
      "PLANTSKIN",
      "NAILS",
      "PADDED_FEET",
      "RAP_TALONS",
      "HOOVES",
      "TAIL_FLUFFY",
      "TAIL_LONG",
      "WHISKERS",
      "SLIT_NOSTRILS",
      "BEAK",
      "UNSTABLE",
      "RADIOACTIVE1",
      "SLIMY",
      "CARNIVORE",
      "PONDEROUS1",
      "COLDBLOOD",
      "GROWL",
      "ARM_FEATHERS",
      "ARM_TENTACLES",
      "LEG_TENTACLES",
      "CHAOTIC",
      "LIGHT_BONES",
      "CHITIN",
      "ELECTRORECEPTORS",
      "SCALES",
      "FEATHERS",
      "FUR",
      "ANTLERS",
      "WINGS_BIRD",
      "WINGS_INSECT",
      "WINGS_BAT",
      "SMALL",
      "LARGE",
      "MARTIAL_ARTS_MUT_COM"
    ],
    "professions": [ "sf_blade", "sf_claw", "sf_shock", "sf_weapon" ]
  },
  {
    "type": "scenario",
    "name": "Experimental Soldier Start",
    "description": "You were part of a an advanced infantry unit, deployed to one of several 'priority sites' as part of a last-ditch effort to get the situation under control.  Delays, casualties and having to fight your way through the chaos led to you being the only one left by the time you reached the objective, and with you being so hurt, things aren't looking any better.",
    "id": "experiment_soldier_start",
    "points": -4,
    "flags": [ "LONE_START", "CITY_START", "HELI_CRASH" ],
    "start_name": "Priority Site",
    "allowed_locs": [
      "lab_surface_brick_blockC0",
      "robofachq_surface_parking",
      "makeshift_command_center_1",
      "Bio_Weapon_Lab",
      "haz_sar_1_2"
    ],
    "professions": [ "bio_infantry", "bio_scout", "bio_knight", "bio_tool" ],
    "traits": [ "MARTIAL_ARTS_BIOJUTSU" ]
  },
  {
    "copy-from": "alone",
    "type": "scenario",
    "id": "alone",
    "extend": { "traits": [ "MARTIAL_ARTS_SURV_COM" ] }
  },
  {
    "copy-from": "summer_advanced_start",
    "type": "scenario",
    "id": "summer_advanced_start",
    "extend": {
      "traits": [ "MARTIAL_ARTS_MUT_COM", "MARTIAL_ARTS_SURV_COM" ],
      "professions": [
        "bio_weapon_a",
        "bio_weapon_b",
        "bio_weapon_g",
        "bio_weapon_d",
        "bio_infantry",
        "bio_scout",
        "bio_knight",
        "bio_tool",
        "surv_drifter",
        "surv_knight_errant",
        "surv_techno_barbarian"
      ]
    }
  },
  {
    "copy-from": "ambushed",
    "type": "scenario",
    "id": "ambushed",
    "extend": {
      "traits": [ "MARTIAL_ARTS_MUT_COM", "MARTIAL_ARTS_SURV_COM" ],
      "professions": [
        "bio_weapon_a",
        "bio_weapon_b",
        "bio_weapon_g",
        "bio_weapon_d",
        "bio_infantry",
        "bio_scout",
        "bio_knight",
        "bio_tool",
        "surv_drifter",
        "surv_knight_errant",
        "surv_techno_barbarian"
      ]
    }
  },
  {
    "copy-from": "wilderness",
    "type": "scenario",
    "add_professions": true,
    "extend": { "allowed_locs": [ "surv_camp_l" ], "professions": [ "surv_drifter", "surv_knight_errant", "surv_techno_barbarian" ] },
    "id": "wilderness"
  },
  {
    "copy-from": "mutant",
    "type": "scenario",
    "id": "mutant",
    "extend": {
      "traits": [ "MARTIAL_ARTS_MUT_COM" ],
      "professions": [ "bio_weapon_a", "bio_weapon_b", "bio_weapon_g", "bio_weapon_d", "failed_weapon" ]
    }
  },
  {
    "copy-from": "lab_chal",
    "type": "scenario",
    "id": "lab_chal",
    "extend": { "traits": [ "MARTIAL_ARTS_MUT_COM" ], "professions": [ "failed_weapon" ] }
  },
  {
    "copy-from": "lab_staff",
    "type": "scenario",
    "id": "lab_staff",
    "extend": { "professions": [ "bio_infantry", "bio_scout", "bio_knight", "bio_tool", "bionic_silencer" ] }
  },
  {
    "copy-from": "heli_crash",
    "type": "scenario",
    "id": "heli_crash",
    "extend": { "professions": [ "bio_infantry", "bio_scout", "bio_knight", "bio_tool", "bionic_silencer" ] }
  },
  {
    "copy-from": "overrun",
    "type": "scenario",
    "id": "overrun",
    "extend": { "professions": [ "bio_infantry", "bio_scout", "bio_knight", "bio_tool" ] }
  },
  {
    "copy-from": "aircraft_carrier_start",
    "type": "scenario",
    "id": "aircraft_carrier_start",
    "extend": { "professions": [ "bio_infantry", "bio_scout", "bio_knight", "bio_tool" ] }
  },
  {
    "copy-from": "surrounded",
    "type": "scenario",
    "add_professions": true,
    "extend": { "allowed_locs": [ "sloc_mansion" ], "professions": [ "surv_drifter", "surv_knight_errant", "surv_techno_barbarian" ] },
    "id": "surrounded"
  },
  {
    "copy-from": "migo_prisoner",
    "type": "scenario",
    "id": "migo_prisoner",
    "extend": { "professions": [ "failed_weapon" ] }
  }
]
