[
  {
    "type": "effect_type",
    "id": "c_evy_assisted",
    "//": "Effect for players, used for achievement tracking.  Intended to be permanent.",
    "permanent": true
  },
  {
    "type": "effect_type",
    "id": "evy_ousted",
    "//": "Used to specifiy that a specific player has convinced Evelynn Rose to admit personal information.  Intended to be permanent.",
    "permanent": true
  },
  {
    "type": "effect_type",
    "id": "evy_asked_info_recently",
    "//": "Used to specifiy that a specific player has recently failed to convince Evelynn Rose to admit personal information.  Can't use asked_personal_info as that is for NPCs, not players.  Intended duration 3 hours."
  },
  {
    "type": "effect_type",
    "id": "router_mission",
    "//": "Used to specifiy that a specific player has accepted the mission to slay Apophis.  Intended to be permanent.",
    "permanent": true
  },
  {
    "type": "effect_type",
    "id": "router_suggestion",
    "//": "Used to specifiy that a specific player has received Router's suggestion to give the bio-weapons something to do.  Intended to be permanent.",
    "permanent": true
  },
  {
    "type": "effect_type",
    "id": "sigma_asked_recently",
    "//": "Used to specify that a specific player has recently failed to recruit Sigma.  Intended duration 3 hours."
  },
  {
    "type": "effect_type",
    "id": "lambda_asked_recently",
    "//": "Used to specify that a specific player has recently failed to recruit Lambda.  Intended duration 3 hours."
  }
]
