[
  {
    "type": "faction",
    "id": "commandeers",
    "name": "Command Center Members",
    "likes_u": 20,
    "respects_u": 0,
    "known_by_u": false,
    "size": 30,
    "power": 60,
    "food_supply": 100000,
    "wealth": 10000000,
    "relations": {
      "commandeers": {
        "watch your back": true,
        "share my stuff": true,
        "guard your stuff": true,
        "lets you in": true,
        "defends your space": true,
        "knows your voice": true
      },
      "super_soldiers": {
        "watch your back": true,
        "share my stuff": true,
        "guard your stuff": true,
        "lets you in": true,
        "defends your space": true,
        "knows your voice": true
      },
      "bio_weapons": {
        "watch your back": true,
        "share my stuff": true,
        "guard your stuff": true,
        "lets you in": true,
        "defends your space": true,
        "knows your voice": true
      },
      "old_guard": { "watch your back": true, "guard your stuff": true, "defends your space": true, "knows your voice": true },
      "your_followers": { "knows your voice": true },
      "hells_raiders": { "kill on sight": true }
    },
    "description": "Members of the Command Center seeking refuge from ...something.  They have intel and some connections to the Old Guard."
  },
  {
    "type": "faction",
    "id": "super_soldiers",
    "name": "Super Soldiers",
    "likes_u": 0,
    "respects_u": 0,
    "known_by_u": false,
    "size": 10,
    "power": 100,
    "food_supply": 40000,
    "wealth": 1000,
    "relations": {
      "super_soldiers": {
        "watch your back": true,
        "share my stuff": true,
        "guard your stuff": true,
        "lets you in": true,
        "defends your space": true,
        "knows your voice": true
      },
      "commandeers": {
        "watch your back": true,
        "share my stuff": true,
        "guard your stuff": true,
        "lets you in": true,
        "defends your space": true,
        "knows your voice": true
      },
      "bio_weapons": { "watch your back": true, "guard your stuff": true, "defends your space": true, "knows your voice": true },
      "old_guard": { "watch your back": true, "guard your stuff": true, "defends your space": true, "knows your voice": true },
      "your_followers": { "knows your voice": true },
      "hells_raiders": { "kill on sight": true }
    },
    "description": "Ragtag branch of the military that survived the initial cataclysm.   Allied to the command center, they seek leadership in this new world."
  },
  {
    "type": "faction",
    "id": "preppers",
    "name": "Preppers",
    "likes_u": 20,
    "respects_u": 0,
    "known_by_u": false,
    "size": 50,
    "power": 100,
    "food_supply": 500000,
    "wealth": 10000000,
    "relations": {
      "preppers": {
        "watch your back": true,
        "share my stuff": true,
        "guard your stuff": true,
        "lets you in": true,
        "defends your space": true,
        "knows your voice": true
      },
      "wasteland_scavengers": { "watch your back": true, "defends your space": true, "knows your voice": true }
    },
    "description": "Survivors who had prepared for the cataclysm before the idea of it was on the radar.  They possess the means to rebuild."
  },
  {
    "type": "faction",
    "id": "bio_weapons",
    "name": "Bio-Weapons",
    "likes_u": 0,
    "respects_u": 0,
    "known_by_u": false,
    "size": 10,
    "power": 100,
    "food_supply": 40000,
    "wealth": 1000,
    "relations": {
      "bio_weapons": {
        "watch your back": true,
        "share my stuff": true,
        "guard your stuff": true,
        "lets you in": true,
        "defends your space": true,
        "knows your voice": true
      },
      "commandeers": {
        "watch your back": true,
        "share my stuff": true,
        "guard your stuff": true,
        "lets you in": true,
        "defends your space": true,
        "knows your voice": true
      },
      "super_soldiers": { "watch your back": true, "guard your stuff": true, "defends your space": true, "knows your voice": true },
      "old_guard": { "watch your back": true, "guard your stuff": true, "defends your space": true, "knows your voice": true },
      "your_followers": { "knows your voice": true },
      "hells_raiders": { "kill on sight": true }
    },
    "description": "Creations of an unknown project with links to the cataclysm.  Allied to the command center since they are their creation."
  },
  {
    "type": "faction",
    "id": "slave_fighter_allied",
    "name": "Slave Fighters (Blue Team)",
    "likes_u": 40,
    "respects_u": 70,
    "known_by_u": false,
    "size": 50,
    "power": 100,
    "food_supply": 0,
    "wealth": 0,
    "relations": {
      "slave_fighter_allied": {
        "watch your back": true,
        "share my stuff": true,
        "guard your stuff": true,
        "lets you in": true,
        "defends your space": true,
        "knows your voice": true
      },
      "your_followers": { "knows your voice": true },
      "slave_fighter": { "kill on sight": true }
    },
    "description": "People who all their lives have seen nothing but fighting in a ring for the amusement of the rich.  Most of the saner captives and new meat end up in Blue Team, pitted against hardened and \"broken in\" combatants."
  },
  {
    "type": "faction",
    "id": "slave_fighter",
    "name": "Slave Fighters (Red Team)",
    "likes_u": -20,
    "respects_u": -10,
    "known_by_u": false,
    "size": 50,
    "power": 100,
    "food_supply": 0,
    "wealth": 0,
    "relations": {
      "slave_fighter": { "watch your back": true },
      "your_followers": { "kill on sight": true },
      "slave_fighter_allied": { "kill on sight": true }
    },
    "description": "People who all their lives have seen nothing but fighting in a ring for the amusement of the rich. Devoid of reason they think the cataclysm is but another round, barely able to tell each other apart from the other team."
  }
]
