[
  {
    "id": "MISSION_LOOT_BIO_LAB",
    "type": "mission_definition",
    "name": "Investigate Bio-Weapon Lab",
    "description": "Explore a Bio-Weapon Lab that suffered a recent security breach.  Either find whoever accessed the location and speak with them, or retrieve the RFID access badge that was used and bring it back to Router.",
    "goal": "MGOAL_CONDITION",
    "goal_condition": {
      "or": [
        { "u_has_item": "badge_bio_weapon_evy" },
        { "u_has_var": "searching_for_msci", "type": "dialogue", "context": "evelynn", "value": "yes" }
      ]
    },
    "difficulty": 6,
    "value": 60000,
    "start": {
      "assign_mission_target": { "om_terrain": "Bio_Weapon_Lab_2", "om_special": "Bio_Weapon_Lab_s", "reveal_radius": 3, "search_range": 360, "z": 0 }
    },
    "end": { "effect": { "u_add_var": "proven_worthy", "type": "dialogue", "context": "router", "value": "yes" } },
    "count": 1,
    "origins": [ "ORIGIN_SECONDARY" ],
    "dialogue": {
      "describe": "If you see this, it's a bug!",
      "offer": "Seeing this is probably also a bug.",
      "accepted": "And seeing this is probably a bug too.",
      "rejected": "Oi, cease with these shenanigans, ye debuggers!",
      "advice": "In fact most of this dialogue is a bug if you run into it, as this mission is started purely through dialogue.",
      "inquire": "Any luck so far?",
      "success": "So this confirms that the Super Soldier project isn't quite dead yet.  I hope that it wasn't too harrowing an experience, but we're dealing with some extremely dangerous threats, and it's only going to get worse from there.  Keep whatever you found there, it might be useful.  Come see me when you're ready.",
      "success_lie": "Somehow I doubt that… in fact seeing this is probably another bug, given you can't really bluff your way out of this mission.",
      "failure": "Pretty certain seeing this is a bug too, since you'd have to die to fail this."
    }
  },
  {
    "id": "MISSION_PROOF_APOPHIS_DEAD",
    "type": "mission_definition",
    "name": "Kill Bio-Weapon Apophis",
    "goal": "MGOAL_FIND_ITEM",
    "difficulty": 10,
    "value": 100000,
    "item": "badge_bio_weapon_apophis",
    "start": {
      "effect": { "u_add_effect": "router_mission" },
      "assign_mission_target": { "om_terrain": "Unknown_Lab_4", "om_special": "Unknown_Lab_s", "reveal_radius": 3, "search_range": 360, "z": 0 }
    },
    "end": {
      "effect": [
        { "u_add_var": "apophis_dead", "type": "dialogue", "context": "router", "value": "yes" },
        { "npc_add_var": "apophis_dead", "type": "dialogue", "context": "router", "value": "yes" }
      ]
    },
    "count": 1,
    "origins": [ "ORIGIN_SECONDARY" ],
    "dialogue": {
      "describe": "If you see this, it's a bug!",
      "offer": "You seem like a capable person, so you might have a chance.  We have pieced together the coordinates to the laboratory Apophis uses as its base.  I want you to take it down, rid the world of Apophis!  That lab has a lot of valuable equipment left inside; if you manage to kill that thing, it's all yours.  I wish we could do it ourselves, but between the portal breakthroughs, the bombs and the undead, the chance has been lost.",
      "accepted": "You're sure about this?  Thank you… that means a lot, you know.  Be sure to bring some proof, be creative.  I'll be waiting for your return.  I'd suggest talking to Sigma and Lambda too, before you leave.",
      "rejected": "I understand.  It's practically a lost cause at this point.  I'll keep trying to figure something out to stop it.",
      "advice": "Get some decent armor and weapons, this fight won't be easy.  Assemble a team to make it easier.  Ask Lambda and Sigma if they want to join you, if you want.  A single person can't take it on…",
      "inquire": "Is… it dead?",
      "success": "Is that…you did it!  You have no idea what you have done for us!  You are truly a legend among men in these dark times.  You are always welcomed here!",
      "success_lie": "Oh, no proof huh?.  I hope you are being truthful…",
      "failure": "At least you are alive.  I should have never told you to do something like that.  I am sorry…"
    }
  },
  {
    "id": "MISSION_FIND_COMMAND_CENTER",
    "type": "mission_definition",
    "name": "Reach Command Center",
    "goal": "MGOAL_GO_TO_TYPE",
    "difficulty": 2,
    "value": 80000,
    "origins": [ "ORIGIN_SECONDARY" ],
    "destination": "makeshift_command_center_b",
    "start": {
      "effect": [ "follow", { "u_add_var": "searching_for_msci", "type": "dialogue", "context": "evelynn", "value": "yes" } ],
      "assign_mission_target": {
        "om_terrain": "makeshift_command_center_2",
        "om_special": "makeshift_command_center_s",
        "reveal_radius": 3,
        "search_range": 360,
        "z": 0
      }
    },
    "end": { "effect": { "u_add_effect": "c_evy_assisted" } },
    "dialogue": {
      "describe": "If you see this, it's a bug!",
      "offer": "I'm trying to reach a hideout built by former scientists who worked on the Bio-Weapon project.  I think I have a lead on where they are, but I would appreciate a helping hand.  I had someone with me, but he got caught outside when company showed up.",
      "accepted": "Thank you.  I'll follow along and maybe we'll get some answers.",
      "rejected": "Oh.  I'd rather try to find the place with some help, so if you're willing to later on maybe…",
      "advice": "I was searching this old lab for intel that might help.  Take a look for yourself if you need to.  In addition, the humvee my companion and I arrived in still should be parked outside, assuming those things didn't trash it…",
      "inquire": "Any closer to the others yet?",
      "success": "Excellent.  I'll go ahead and stick around for now.  Looks like they have a decent little setup going on here.  Maybe asking around will get us pointed in the right direction.",
      "success_lie": "Thanks for trying…  I guess.",
      "failure": "It's all for nothing, isn't it?"
    }
  }
]
