[
  {
    "type": "npc",
    "id": "bff",
    "//": "Travel companion found in the survivor's holdout, who will auto-recruit if you selected the relevant scenario.",
    "name_suffix": "Prepper",
    "gender": "male",
    "class": "NC_SCAVENGER",
    "attitude": 0,
    "mission": 7,
    "chat": "TALK_BFF",
    "faction": "preppers"
  },
  {
    "type": "npc",
    "id": "survn",
    "//": "Static encampment NPCs",
    "name_suffix": "Prepper",
    "class": "NC_PREPPER",
    "attitude": 0,
    "mission": 3,
    "chat": "TALK_STRANGER_NEUTRAL",
    "faction": "preppers"
  },
  {
    "type": "npc",
    "id": "survn_special",
    "//": "Use as a random NPC encounter",
    "name_suffix": "Prepper",
    "class": "NC_PREPPER",
    "attitude": 1,
    "mission": 7,
    "chat": "TALK_STRANGER_NEUTRAL",
    "faction": "preppers"
  },
  {
    "type": "npc",
    "id": "bio_hunter",
    "//": "Appears in the in Bio-Weapon Lab to aid you.",
    "name_unique": "Evelynn Rose",
    "name_suffix": "Bio Hunter",
    "gender": "female",
    "class": "NC_BIO_HUNTER_E",
    "attitude": 0,
    "mission": 7,
    "chat": "TALK_BHUNTER",
    "faction": "super_soldiers",
    "mission_offered": "MISSION_FIND_COMMAND_CENTER"
  },
  {
    "type": "npc",
    "id": "main_bio_sci",
    "//": "Main scientists in makeshift center.",
    "name_unique": "Router",
    "name_suffix": "Center Leader",
    "gender": "male",
    "class": "NC_SCIENTIST_ROUTER",
    "attitude": 0,
    "mission": 7,
    "chat": "TALK_MSCI",
    "faction": "commandeers",
    "mission_offered": "MISSION_PROOF_APOPHIS_DEAD"
  },
  {
    "type": "npc",
    "id": "bio_weapon_1",
    "//": "One of the Bio-Weapons",
    "name_unique": "Sigma",
    "name_suffix": "Bio Weapon",
    "gender": "male",
    "class": "NC_BIO_WEAPON_SIGMA",
    "attitude": 0,
    "mission": 7,
    "chat": "TALK_BIO_1",
    "faction": "bio_weapons"
  },
  {
    "type": "npc",
    "id": "bio_weapon_2",
    "//": "One of the Bio-Weapons",
    "name_unique": "Lambda",
    "name_suffix": "Bio Weapon",
    "gender": "female",
    "class": "NC_BIO_WEAPON_LAMBDA",
    "attitude": 0,
    "mission": 7,
    "chat": "TALK_BIO_2",
    "faction": "bio_weapons"
  },
  {
    "type": "npc",
    "id": "cmnd_guard_1",
    "//": "One of the Guards in the Command Center.",
    "name_suffix": "Super Soldier",
    "gender": "female",
    "class": "NC_SUPER_SOLDIER",
    "attitude": 0,
    "mission": 7,
    "chat": "TALK_CGUARD1",
    "faction": "commandeers"
  },
  {
    "type": "npc",
    "id": "cmnd_guard_2",
    "//": "One of the Guards in the Command Center.",
    "name_suffix": "Super Soldier",
    "gender": "male",
    "class": "NC_SUPER_SOLDIER",
    "attitude": 0,
    "mission": 7,
    "chat": "TALK_CGUARD2",
    "faction": "commandeers"
  },
  {
    "type": "npc",
    "id": "slave_fight",
    "//": "Npc in underground fighting.",
    "name_suffix": "Red Team Slave Fighter",
    "class": "NC_SLAVE_FIGHTER_RED",
    "attitude": 0,
    "mission": 8,
    "chat": "TALK_DONE",
    "faction": "slave_fighter"
  },
  {
    "type": "npc",
    "id": "slave_fight_ally",
    "//": "Npc in underground fighting, on your side.",
    "name_suffix": "Blue Team Slave Fighter",
    "class": "NC_SLAVE_FIGHTER_BLUE",
    "attitude": 0,
    "mission": 8,
    "chat": "TALK_GLADIATOR",
    "faction": "slave_fighter_allied"
  }
]
