[
  {
    "type": "trait_group",
    "id": "Random_Sentinel_Traits",
    "subtype": "collection",
    "traits": [
      {
        "distribution": [
          { "trait": "SENTINEL_PERK_STR", "prob": 10 },
          { "collection": [ { "trait": "SENTINEL_PERK_STR" }, { "trait": "SENTINEL_STAT_STR" } ], "prob": 10 },
          { "collection": [ { "trait": "SENTINEL_PERK_STR" }, { "trait": "SENTINEL_STAT_STR_2" } ], "prob": 10 },
          { "trait": "SENTINEL_PERK_STR_2", "prob": 10 },
          { "collection": [ { "trait": "SENTINEL_PERK_STR_2" }, { "trait": "SENTINEL_STAT_STR" } ], "prob": 10 },
          { "collection": [ { "trait": "SENTINEL_PERK_STR_2" }, { "trait": "SENTINEL_STAT_STR_2" } ], "prob": 10 },
          { "trait": "SENTINEL_PERK_STR_3", "prob": 10 },
          { "collection": [ { "trait": "SENTINEL_PERK_STR_3" }, { "trait": "SENTINEL_STAT_STR_2" } ], "prob": 10 },
          { "collection": [ { "trait": "SENTINEL_PERK_STR_3" }, { "trait": "SENTINEL_STAT_STR_3" } ], "prob": 10 }
        ],
        "prob": 100
      },
      {
        "distribution": [
          { "trait": "SENTINEL_PERK_DEX", "prob": 10 },
          { "collection": [ { "trait": "SENTINEL_PERK_DEX" }, { "trait": "SENTINEL_STAT_DEX" } ], "prob": 10 },
          { "collection": [ { "trait": "SENTINEL_PERK_DEX" }, { "trait": "SENTINEL_STAT_DEX_2" } ], "prob": 10 },
          { "trait": "SENTINEL_PERK_DEX_2", "prob": 10 },
          { "collection": [ { "trait": "SENTINEL_PERK_DEX_2" }, { "trait": "SENTINEL_STAT_DEX" } ], "prob": 10 },
          { "collection": [ { "trait": "SENTINEL_PERK_DEX_2" }, { "trait": "SENTINEL_STAT_DEX_2" } ], "prob": 10 },
          { "trait": "SENTINEL_PERK_DEX_3", "prob": 10 },
          { "collection": [ { "trait": "SENTINEL_PERK_DEX_3" }, { "trait": "SENTINEL_STAT_DEX_2" } ], "prob": 10 },
          { "collection": [ { "trait": "SENTINEL_PERK_DEX_3" }, { "trait": "SENTINEL_STAT_DEX_3" } ], "prob": 10 }
        ],
        "prob": 100
      },
      {
        "distribution": [
          { "trait": "SENTINEL_PERK_INT", "prob": 10 },
          { "collection": [ { "trait": "SENTINEL_PERK_INT" }, { "trait": "SENTINEL_STAT_INT" } ], "prob": 10 },
          { "collection": [ { "trait": "SENTINEL_PERK_INT" }, { "trait": "SENTINEL_STAT_INT_2" } ], "prob": 10 },
          { "trait": "SENTINEL_PERK_INT_2", "prob": 10 },
          { "collection": [ { "trait": "SENTINEL_PERK_INT_2" }, { "trait": "SENTINEL_STAT_INT" } ], "prob": 10 },
          { "collection": [ { "trait": "SENTINEL_PERK_INT_2" }, { "trait": "SENTINEL_STAT_INT_2" } ], "prob": 10 },
          { "trait": "SENTINEL_PERK_INT_3", "prob": 10 },
          { "collection": [ { "trait": "SENTINEL_PERK_INT_3" }, { "trait": "SENTINEL_STAT_INT_2" } ], "prob": 10 },
          { "collection": [ { "trait": "SENTINEL_PERK_INT_3" }, { "trait": "SENTINEL_STAT_INT_3" } ], "prob": 10 }
        ],
        "prob": 100
      },
      {
        "distribution": [
          { "trait": "SENTINEL_PERK_PER", "prob": 10 },
          { "collection": [ { "trait": "SENTINEL_PERK_PER" }, { "trait": "SENTINEL_STAT_PER" } ], "prob": 10 },
          { "collection": [ { "trait": "SENTINEL_PERK_PER" }, { "trait": "SENTINEL_STAT_PER_2" } ], "prob": 10 },
          { "trait": "SENTINEL_PERK_PER_2", "prob": 10 },
          { "collection": [ { "trait": "SENTINEL_PERK_PER_2" }, { "trait": "SENTINEL_STAT_PER" } ], "prob": 10 },
          { "collection": [ { "trait": "SENTINEL_PERK_PER_2" }, { "trait": "SENTINEL_STAT_PER_2" } ], "prob": 10 },
          { "trait": "SENTINEL_PERK_PER_3", "prob": 10 },
          { "collection": [ { "trait": "SENTINEL_PERK_PER_3" }, { "trait": "SENTINEL_STAT_PER_2" } ], "prob": 10 },
          { "collection": [ { "trait": "SENTINEL_PERK_PER_3" }, { "trait": "SENTINEL_STAT_PER_3" } ], "prob": 10 }
        ],
        "prob": 100
      }
    ]
  }
]

