[
  {
    "type": "item_group",
    "id": "NC_BLOOD_MAGE_APPRENTICE_weapon",
    "ammo": 100,
    "magazine": 100,
    "items": [ { "group": "NC_BLOOD_MAGE_APPRENTICE_weapon_surv_guns", "prob": 5 }, [ "greatsword_makeshift", 5 ] ]
  },
  {
    "type": "item_group",
    "id": "NC_BLOOD_MAGE_APPRENTICE_weapon_surv_guns",
    "ammo": 100,
    "magazine": 100,
    "items": [
      [ "surv_full_223", 15 ],
      [ "surv_full_22", 10 ],
      [ "surv_full_9mm", 20 ],
      [ "surv_full_45", 20 ],
      [ "surv_full_308", 10 ],
      [ "surv_full_762", 10 ],
      [ "surv_full_762R", 5 ],
      [ "surv_full_12", 10 ]
    ]
  },
  {
    "type": "item_group",
    "id": "NC_BLOOD_MAGE_SHRIKE_weapon",
    "ammo": 100,
    "items": [ [ "surv_sniper", 10 ] ]
  }
]
