[
  {
    "id": "NC_SUPER_SOLDIER_worn",
    "type": "item_group",
    "//": "Generic super soldier kit, unisex.",
    "subtype": "collection",
    "entries": [
      { "item": "helmet_liner" },
      { "item": "thermal_shirt" },
      { "item": "gloves_liner" },
      { "item": "under_armor_shorts" },
      { "item": "socks" },
      {
        "distribution": [
          { "collection": [ { "item": "lmil_armor" }, { "item": "lmil_helm", "prob": 75 } ], "prob": 40 },
          { "collection": [ { "item": "mil_armor" }, { "item": "mil_helm", "prob": 75 } ], "prob": 50 },
          { "collection": [ { "item": "hmil_armor" }, { "item": "hmil_helm", "prob": 75 } ], "prob": 10 }
        ]
      },
      { "item": "molle_pack" },
      { "item": "vest", "prob": 50 },
      { "item": "dump_pouch", "prob": 50 },
      { "item": "sheath", "contents-item": "knife_combat", "prob": 90 }
    ]
  },
  {
    "id": "NC_SUPER_SOLDIER_carry",
    "type": "item_group",
    "subtype": "collection",
    "ammo": 100,
    "entries": [
      { "item": "protein_bar_evac", "count": [ 4, 8 ] },
      { "item": "id_military" },
      {
        "distribution": [
          { "item": "medium_atomic_battery_cell", "prob": 50 },
          { "item": "medium_atomic_battery_cell_rechargeable", "prob": 50 }
        ]
      },
      {
        "distribution": [
          { "item": "medium_atomic_battery_cell", "prob": 50 },
          { "item": "medium_atomic_battery_cell_rechargeable", "prob": 50 }
        ],
        "prob": 50
      }
    ]
  },
  {
    "id": "NC_SUPER_SOLDIER_weapon",
    "type": "item_group",
    "subtype": "collection",
    "magazine": 100,
    "ammo": 100,
    "//": "Randomly picks any of the medium-power super soldier energy weapons.",
    "entries": [
      {
        "distribution": [
          { "item": "arc_laser_rifle", "prob": 50 },
          { "item": "xarm_laser_shotgun", "prob": 30 },
          { "item": "mx_laser_sniper", "prob": 20 }
        ]
      }
    ]
  },
  {
    "id": "NC_BIO_HUNTER_E_worn",
    "type": "item_group",
    "//": "Evelynn Rose's kit, mimics dummied-out player version somewhat.  Main change is a MOLLE pack to ensure she can carry items as quest fodder, instead of handing you her weapon.",
    "subtype": "collection",
    "entries": [
      { "item": "bra" },
      { "item": "panties" },
      { "item": "pants_army" },
      { "item": "jacket_army" },
      { "item": "molle_pack" },
      { "item": "beret" },
      { "item": "gloves_fingerless" },
      { "item": "socks" },
      { "item": "boots_combat" },
      { "item": "canteen" }
    ]
  },
  {
    "id": "NC_BIO_HUNTER_E_carry",
    "type": "item_group",
    "subtype": "collection",
    "magazine": 100,
    "ammo": 100,
    "entries": [
      { "item": "badge_bio_weapon_evy" },
      { "item": "mre_veggy_box" },
      { "item": "militarymap" },
      { "group": "NC_BIO_HUNTER_E_battery", "count": [ 5, 10 ] },
      { "group": "everyday_gear" },
      { "group": "drugs_soldier", "prob": 50 },
      { "group": "supplies_electronics", "prob": 50, "count": [ 1, 3 ] }
    ]
  },
  {
    "id": "NC_BIO_HUNTER_E_battery",
    "type": "item_group",
    "subtype": "distribution",
    "entries": [
      { "item": "light_atomic_battery_cell", "prob": 50 },
      { "item": "light_atomic_battery_cell_rechargeable", "prob": 50 }
    ]
  },
  {
    "id": "NC_BIO_HUNTER_E_weapon",
    "type": "item_group",
    "//": "Evelynn Rose's weapon, don't think you can define weapon overrides any other way.",
    "subtype": "collection",
    "magazine": 100,
    "ammo": 100,
    "entries": [ { "item": "akro_laser_smg" } ]
  }
]
