[
  {
    "id": "TALK_BHUNTER",
    "type": "talk_topic",
    "dynamic_line": {
      "u_is_wearing": "badge_bio_weapon",
      "yes": "That thing you are wearing… a Bio-Weapon Badge…",
      "no": "Hey you, are you also after the Bio-Weapons?"
    },
    "responses": [
      {
        "text": "[MISSION] Are you the one who triggered the security here?",
        "topic": "TALK_BHUNTER_MISSION",
        "switch": true,
        "condition": {
          "and": [
            { "not": { "u_has_var": "searching_for_msci", "type": "dialogue", "context": "evelynn", "value": "yes" } },
            { "u_has_mission": "MISSION_LOOT_BIO_LAB" }
          ]
        }
      },
      {
        "text": "Yeah, I am one of them.",
        "topic": "TALK_BHUNTER_IAM_BIO",
        "condition": { "u_has_trait_flag": "BIO_WEAPON_ANY" }
      },
      {
        "text": "Part of the Super Soldier project, actually.",
        "topic": "TALK_BHUNTER_IAM_SOLDAT",
        "condition": { "u_has_trait": "SUPER_SOLDIER_MARKER" }
      },
      { "text": "Bio-Weapon?", "topic": "TALK_BHUNTER_ASK_BIO" },
      { "text": "What's going on out here?", "topic": "TALK_BHUNTER_ASK_SITUATION" },
      {
        "text": "What are you doing here?",
        "topic": "TALK_BHUNTER_ASK_DOING",
        "condition": { "not": { "u_has_var": "searching_for_msci", "type": "dialogue", "context": "evelynn", "value": "yes" } }
      },
      { "text": "What should we do?", "topic": "TALK_BHUNTER_ASK_DO" },
      { "text": "Anything I can do for you?", "switch": true, "default": true, "topic": "TALK_MISSION_LIST" },
      { "text": "Well, bye.", "topic": "TALK_DONE" }
    ]
  },
  {
    "id": "TALK_BHUNTER_MISSION",
    "type": "talk_topic",
    "dynamic_line": "My friends and I were investigating this place to try and find some answers, that could've done it I suppose.  Either that or those things outside that attacked a while after we showed up.  Who sent you?",
    "responses": [
      {
        "text": "I was asked to investigate a security breach by a scientist involved in this.",
        "topic": "TALK_BHUNTER_MISSION_2"
      }
    ]
  },
  {
    "id": "TALK_BHUNTER_MISSION_2",
    "type": "talk_topic",
    "dynamic_line": {
      "u_is_wearing": "badge_bio_weapon",
      "yes": "Well there's a surprise.  I was searching for exactly that, to see if anyone was left that might know more about this project.  So they're not only still around but have some help, based on the badge you're wearing.  I'd be willing to assist them with intel if you'd let me tag along.",
      "no": "I was searching for exactly that, to see if anyone was left that might know more about this project.  Glad to hear they're still alive out there.  I'd be willing to assist them with intel if you'd let me tag along."
    },
    "responses": [
      { "text": "Alright, I'll lead the way.", "topic": "TALK_BHUNTER_MISSION_3", "effect": "assign_mission" },
      { "text": "I'd like to ask you some other questions first.", "topic": "TALK_BHUNTER" }
    ]
  },
  {
    "id": "TALK_BHUNTER_MISSION_3",
    "type": "talk_topic",
    "dynamic_line": "Thank you.  I'll follow along and hopefully working together will help improve the situation.",
    "responses": [ { "text": "Let's go.", "topic": "TALK_DONE" } ]
  },
  {
    "id": "TALK_BHUNTER_ASK_SITUATION",
    "type": "talk_topic",
    "dynamic_line": "Not good.  I had another person with me when I arrived, and he was guarding the vehicle when those things showed up.  Luckily they seemed reluctant to barge into the bunker, and things are getting hectic out there as it seems my buddy took a couple of them out before he bit it, and they started getting back up…",
    "responses": [ { "text": "What are those things?", "topic": "TALK_BHUNTER_THINGS" }, { "text": "I see.", "topic": "TALK_BHUNTER" } ]
  },
  {
    "id": "TALK_BHUNTER_THINGS",
    "type": "talk_topic",
    "dynamic_line": {
      "u_has_any_trait": [ "BIO_WEAPON_FAILED", "BIO_WEAPON_FAILED_SCEN" ],
      "yes": "Those augmented abominations, the notes I found tied them to a thing called the Bio-Weapon Project.  You look like you're in the same shape as them, though you're not trying to kill me at least.  Can I trust you?",
      "no": "Bio-Weapons, that's what the notes in this lab called those things outside.  At least they were supposed to be.  I don't know what went wrong or who's ordering them around, but they seem hell-bent on destroying everything connected to the project."
    },
    "responses": [
      {
        "text": "I'm not one of them.  You can trust me.",
        "condition": { "u_has_any_trait": [ "BIO_WEAPON_FAILED", "BIO_WEAPON_FAILED_SCEN" ] },
        "topic": "TALK_BHUNTER"
      },
      {
        "text": "I don't want to end up like those things.  I don't want to become a monster, please…",
        "trial": { "type": "NONE" },
        "success": { "opinion": { "fear": -1, "trust": 1 }, "topic": "TALK_BHUNTER_THINGS_FAILED" },
        "condition": { "u_has_any_trait": [ "BIO_WEAPON_FAILED", "BIO_WEAPON_FAILED_SCEN" ] }
      },
      {
        "text": "I see.",
        "condition": { "not": { "u_has_any_trait": [ "BIO_WEAPON_FAILED", "BIO_WEAPON_FAILED_SCEN" ] } },
        "topic": "TALK_BHUNTER"
      }
    ]
  },
  {
    "id": "TALK_BHUNTER_THINGS_FAILED",
    "type": "talk_topic",
    "dynamic_line": "It's alright.  I'm not going to hurt you.  I'll trust you, and you can trust me as well.",
    "responses": [ { "text": "Thank you.", "topic": "TALK_BHUNTER" } ]
  },
  {
    "id": "TALK_BHUNTER_IAM_BIO",
    "type": "talk_topic",
    "dynamic_line": {
      "u_is_wearing": "badge_bio_weapon",
      "yes": "Well I'll be damned!  How do I know you didn't just find that somewhere?  Oh well, it doesn't really matter. The fact that you have it means you at least met one.  If you need anything, I can help you out.",
      "no": "Suuuure, right.  You don't even have the badge.  Try and be careful who you lie to next time."
    },
    "responses": [
      {
        "text": "I can prove it.  If I can recall… Project Mesektet, First Series, external designation RD-Z-01.",
        "topic": "TALK_BHUNTER_CONFIRM_BIO",
        "condition": { "u_has_trait_flag": "BIO_WEAPON_SERIES_1" }
      },
      {
        "text": "Look at me again, and tell me I'm lying.",
        "condition": { "u_has_any_trait": [ "BIO_WEAPON_FAILED", "BIO_WEAPON_FAILED_SCEN" ] },
        "trial": { "type": "NONE" },
        "success": { "opinion": { "fear": 1 }, "topic": "TALK_BHUNTER_CONFIRM_FAILED" }
      },
      {
        "text": "I'm not wearing mine.",
        "topic": "TALK_BHUNTER_NOBADGE",
        "condition": { "not": { "u_is_wearing": "badge_bio_weapon" } }
      },
      { "text": "…", "topic": "TALK_BHUNTER" }
    ]
  },
  {
    "id": "TALK_BHUNTER_IAM_SOLDAT",
    "type": "talk_topic",
    "dynamic_line": "Is that so?  How do I know for sure you aren't just some random scavenger?  Then again, if you made it here then you can take care of yourself, guess that's a good sign.",
    "responses": [
      {
        "text": "You don't recognize this aug configuration, Hunter?",
        "topic": "TALK_BHUNTER_CONFIRM_OUST",
        "condition": { "u_has_any_trait": [ "SUPER_SOLDIER_MARKER" ] },
        "effect": { "u_add_effect": "evy_ousted" }
      },
      { "text": "Good enough, I suppose.", "topic": "TALK_BHUNTER" }
    ]
  },
  {
    "id": "TALK_BHUNTER_CONFIRM_BIO",
    "type": "talk_topic",
    "dynamic_line": "Project… you're right.  Between that and your augmentations, it's hard to deny the evidence right in front of me.  Sorry I doubted you.",
    "responses": [
      {
        "text": "It's fine.",
        "trial": { "type": "NONE" },
        "success": { "opinion": { "trust": 1, "fear": -1, "value": 1, "anger": -1 }, "topic": "TALK_BHUNTER" }
      }
    ]
  },
  {
    "id": "TALK_BHUNTER_CONFIRM_FAILED",
    "type": "talk_topic",
    "dynamic_line": "Alright, you're right.  Looks like they really did a number on you.  I'm sorry they did this to you.",
    "responses": [ { "text": "…", "topic": "TALK_BHUNTER" } ]
  },
  {
    "id": "TALK_BHUNTER_CONFIRM_OUST",
    "type": "talk_topic",
    "dynamic_line": "Shit.  Seems it's harder to hide than I thought.  They sent me to investigate what happened to these installations, re-establish contact with any remaining personnel or bio-weapons that haven't gone rogue, then see what can be done from there.  I don't know what your last orders were or why you're here, but maybe we have a common goal.",
    "responses": [ { "text": "We'll see.", "topic": "TALK_BHUNTER" } ]
  },
  {
    "id": "TALK_BHUNTER_NOBADGE",
    "type": "talk_topic",
    "dynamic_line": "I'd say you're full of shit, but looking at you, those are some heavy-duty augs.  I don't know if you decided not to wear it, or if you lost yours, but either way I appreciate your honesty.",
    "responses": [
      {
        "text": "Thank you.",
        "trial": { "type": "NONE" },
        "success": { "opinion": { "trust": 1, "value": 1 }, "topic": "TALK_BHUNTER" }
      }
    ]
  },
  {
    "id": "TALK_BHUNTER_ASK_BIO",
    "type": "talk_topic",
    "dynamic_line": {
      "u_is_wearing": "badge_bio_weapon",
      "yes": "You're kidding, right?  You really don't know?  Is that badge actually yours…? Maybe that mindwipe rumor was true after all…",
      "no": "So you don't know about them, huh?  Maybe I'm wasting my time… but you did find this place, so you probably know what you're doing."
    },
    "responses": [
      {
        "text": "Could you explain it to me?",
        "trial": { "type": "NONE" },
        "success": { "opinion": { "trust": 1, "fear": 0, "value": 1, "anger": 0 }, "topic": "TALK_BHUNTER_EXPLAIN_BIO" }
      },
      {
        "text": "Whatever it is, I really don't care.",
        "trial": { "type": "NONE" },
        "success": { "opinion": { "trust": 0, "fear": 0, "value": -1, "anger": -2 }, "topic": "TALK_BHUNTER_NOCARE" }
      }
    ]
  },
  {
    "id": "TALK_BHUNTER_EXPLAIN_BIO",
    "type": "talk_topic",
    "dynamic_line": {
      "u_is_wearing": "badge_bio_weapon",
      "yes": "I guess memory wipe makes sense.  Alright, I will explain.  Some time ago, the military launched a joint research project with an end goal of creating artificial combatants, made to perform various specific tasks - basically, living weapons.  They wanted them to be as low-maintenance as possible.  So to accomplish that, the research team used resources from already ongoing projects to first mutate and then cybernetically enhance humans, focusing on developing whatever qualities the military needed at the time.  You are one them, a Bio-Weapon they called it.  This is the lab where you were created.",
      "no": "Let me give you the basics.  Some time ago, the military launched a joint research project with an end goal of creating artificial combatants, made to perform various specific tasks - basically, living weapons.  They wanted them to be as low-maintenance as possible.  So to accomplish that, the research team used resources from already ongoing projects to first mutate and then cybernetically enhance humans, focusing on developing whatever qualities the military needed at the time.  This lab is one of several places in which the actual modifications were performed."
    },
    "responses": [
      { "text": "I'll be damned…", "topic": "TALK_BHUNTER" },
      { "text": "How did you learn all this?", "topic": "TALK_BHUNTER_ASK_LEARN" }
    ]
  },
  {
    "id": "TALK_BHUNTER_ASK_LEARN",
    "type": "talk_topic",
    "dynamic_line": {
      "u_has_effect": "evy_ousted",
      "yes": "I was under orders to investigate this place and find any survivors.  Between that and having been a computer hacker during my college days, it wasn't too hard to follow the trail.  The hard part was scavenging supplies and staying alive.",
      "no": "I used to be a computer hacker before the world went to hell.  After it did, when I wasn't looking for food and gear or fighting for my life, I was following leads to this place.  The military weren't all that good at keeping their secrets."
    },
    "responses": [
      {
        "text": "You seem rather well-equipped for a mere hacker.",
        "condition": {
          "and": [
            { "or": [ { "u_has_intelligence": 10 }, { "u_has_perception": 10 } ] },
            { "not": { "or": [ { "u_has_effect": "evy_ousted" }, { "u_has_effect": "evy_asked_info_recently" } ] } }
          ]
        },
        "trial": { "type": "PERSUADE", "difficulty": 3 },
        "success": { "topic": "TALK_BHUNTER_ADMIT", "opinion": { "trust": 1 }, "effect": { "u_add_effect": "evy_ousted" } },
        "failure": {
          "topic": "TALK_BHUNTER_DENY",
          "opinion": { "trust": -1, "anger": 1 },
          "effect": { "u_add_effect": "evy_asked_info_recently", "duration": 1800 }
        }
      },
      {
        "text": "You seem rather well-equipped for a mere hacker.",
        "condition": {
          "and": [
            { "or": [ { "u_has_intelligence": 11 }, { "u_has_perception": 11 } ] },
            { "not": { "u_has_effect": "evy_ousted" } },
            { "u_has_effect": "evy_asked_info_recently" }
          ]
        },
        "topic": "TALK_BHUNTER_NOPE"
      },
      {
        "text": "Right.  Research Directive Z-12 ring a bell to you, Hunter?",
        "topic": "TALK_BHUNTER_CONFIRM_OUST",
        "condition": { "and": [ { "u_has_any_trait": [ "SUPER_SOLDIER_MARKER" ] }, { "not": { "u_has_effect": "evy_ousted" } } ] },
        "effect": { "u_add_effect": "evy_ousted" }
      },
      { "text": "I see.", "topic": "TALK_BHUNTER" }
    ]
  },
  {
    "id": "TALK_BHUNTER_ADMIT",
    "type": "talk_topic",
    "dynamic_line": "You're right.  I'd rather not talk too much about the details, but I'm on a mission to find out what happened and get in touch with anyone still alive.",
    "responses": [ { "text": "Got it.", "topic": "TALK_BHUNTER" } ]
  },
  {
    "id": "TALK_BHUNTER_DENY",
    "type": "talk_topic",
    "dynamic_line": "Scavenged the kit along the way.  I wouldn't still be alive if I wasn't both resourceful and lucky.  I'd rather not talk about what I've had to go through to survive, at least not right now.  Okay?",
    "responses": [ { "text": "Okay…", "topic": "TALK_BHUNTER" } ]
  },
  {
    "id": "TALK_BHUNTER_NOPE",
    "type": "talk_topic",
    "dynamic_line": "You already asked me about it not that long ago.  I'd really prefer not to discuss it.",
    "responses": [ { "text": "…", "topic": "TALK_BHUNTER" } ]
  },
  {
    "id": "TALK_BHUNTER_NOCARE",
    "type": "talk_topic",
    "dynamic_line": {
      "u_is_wearing": "badge_bio_weapon",
      "yes": "Figures.  You're either a fake or just don't care about what you are.  Still, you must be pretty capable to make it here.",
      "no": "Well, then what are you doing here?  Did you stumble into this place by accident?  You still seem to handle yourself pretty well."
    },
    "responses": [ { "text": "I guess you are right.", "topic": "TALK_BHUNTER" } ]
  },
  {
    "id": "TALK_BHUNTER_ASK_DOING",
    "type": "talk_topic",
    "dynamic_line": "I came here to see if I could find anything on the research they were doing here.  How about yourself?",
    "responses": [
      {
        "text": "I was asked to investigate a security breach by a scientist involved in this.",
        "topic": "TALK_BHUNTER_MISSION_2",
        "switch": true,
        "condition": {
          "and": [
            { "not": { "u_has_var": "searching_for_msci", "type": "dialogue", "context": "evelynn", "value": "yes" } },
            { "u_has_mission": "MISSION_LOOT_BIO_LAB" }
          ]
        }
      },
      {
        "text": "I don't have any orders, and don't remember much from before I woke up.  Had anything in mind?",
        "topic": "TALK_MISSION_LIST",
        "switch": true,
        "condition": { "u_has_trait_flag": "BIO_WEAPON_SCEN" }
      },
      {
        "text": "Sounds like a good start, don't have any other standing orders to follow.  What have you got for me?",
        "topic": "TALK_MISSION_LIST",
        "switch": true,
        "condition": { "u_has_any_trait": [ "SUPER_SOLDIER_MARKER" ] }
      },
      {
        "text": "I don't know what to do with myself.  What do you need done?",
        "topic": "TALK_MISSION_LIST",
        "switch": true,
        "condition": { "u_has_any_trait": [ "BIO_WEAPON_FAILED", "BIO_WEAPON_FAILED_SCEN" ] }
      },
      { "text": "I have no idea.", "topic": "TALK_BHUNTER" }
    ]
  },
  {
    "id": "TALK_BHUNTER_ASK_DO",
    "type": "talk_topic",
    "dynamic_line": {
      "u_has_var": "searching_for_msci",
      "type": "dialogue",
      "context": "evelynn",
      "value": "yes",
      "yes": "Now that you've told me where to look, we should probably get out of this place and get going soon.  Search the area if you need any supplies or gear, but be careful.  Might still be some of the things that attacked us nearby.",
      "no": "I'm trying to reach a hideout built by former scientists who worked on the Bio-Weapon Project.  Rumor has it they live somewhere in the woods.  Maybe you could help me find it…"
    },
    "responses": [ { "text": "We'll see then.", "topic": "TALK_BHUNTER" } ]
  }
]
