[
  {
    "type": "talk_topic",
    "id": "TALK_BIO_2",
    "dynamic_line": {
      "u_is_wearing": "badge_bio_weapon",
      "yes": "I really hope that badge belongs to you…",
      "no": "Hey visitor, anything exciting out there?"
    },
    "responses": [
      { "text": "What's with the badge?  A Bio-Weapon, it says?", "topic": "TALK_BIO_2_U_BIO" },
      { "text": "Kinda boring here huh?", "topic": "TALK_BIO_2_BORING" },
      {
        "text": "[MISSION] Router suggested that I talk to you about joining the hunt for Apophis.",
        "topic": "TALK_BIO_2_APOPHIS",
        "condition": { "u_has_mission": "MISSION_PROOF_APOPHIS_DEAD" }
      },
      {
        "text": "How are you holding up?  Router asked that I check on you.",
        "topic": "TALK_BIO_2_ROUTER",
        "condition": { "u_has_effect": "router_suggestion" }
      },
      { "text": "Well, bye.", "topic": "TALK_DONE" }
    ]
  },
  {
    "type": "talk_topic",
    "id": "TALK_BIO_2_U_BIO",
    "dynamic_line": {
      "u_is_wearing": "badge_bio_weapon",
      "yes": "Military augmentation project, same people handing out the badge you're wearing.  Guessing you know enough about it if you have one yourself.  Don't remember much up until Router found me and took me in, same deal as Sigma.",
      "no": "A military augmentation project.  Not that sort of bio-weapon if that's what you're thinking, it's not contagious.  More like we're living weapons basically.  Guess you already know a bit for you to have made it here.  Not much else I can tell you, just stuck here waiting."
    },
    "responses": [
      {
        "text": "I'm in the same boat, it seems.",
        "topic": "TALK_BIO_2_IAM_BIO",
        "condition": {
          "u_has_any_trait": [
            "BIO_WEAPON_ALPHA",
            "BIO_WEAPON_BETA",
            "BIO_WEAPON_GAMMA",
            "BIO_WEAPON_DELTA",
            "BIO_WEAPON_FAILED"
          ]
        }
      },
      {
        "text": "I'm one of the super soldiers, in fact.",
        "topic": "TALK_BIO_2_IAM_SOLDAT",
        "condition": {
          "u_has_trait": "SUPER_SOLDIER_MARKER"
        }
      },
      { "text": "I see…", "topic": "TALK_BIO_2" }
    ]
  },
  {
    "type": "talk_topic",
    "id": "TALK_BIO_2_IAM_BIO",
    "dynamic_line": {
      "u_is_wearing": "badge_bio_weapon",
      "yes": "Guess that explains where you got the badge.",
      "no": "I'm not sure whether to believe you or not, without the badge and all.  But whatever, no telling whether you lost yours or maybe you decided on not advertising it for everyone to see.  Given those bastards cranked out everything from super soldiers to a giant cat Bio-Weapon to fucking Apophis, nothing would suprise me at this point."
    },
    "responses": [ { "text": "…", "topic": "TALK_BIO_2" } ]
  },
  {
    "type": "talk_topic",
    "id": "TALK_BIO_2_IAM_SOLDAT",
    "dynamic_line": "Guess would explain your presence here.  We'll see if you turn out useful like the other two who survived the trip, or if you'll end up stuck sitting around with nothing to do like I've been.",
    "responses": [ { "text": "…", "topic": "TALK_BIO_2" } ]
  },
  {
    "type": "talk_topic",
    "id": "TALK_BIO_2_APOPHIS",
    "dynamic_line": {
      "u_is_wearing": "badge_bio_weapon",
      "yes": "It's about time someone made a move on that beast.  It'll be a pleasure to join the fight.  Lead on!",
      "no": "Heh.  Sure hope you know what you're doing.  Lead on…"
    },
    "responses": [ { "text": "Alright, let's go.", "topic": "TALK_DONE", "effect": "follow" } ]
  },
  {
    "type": "talk_topic",
    "id": "TALK_BIO_2_BORING",
    "dynamic_line": {
      "u_has_effect": "router_suggestion",
      "yes": "Tell me about it.  I am a weapon, made to kill and destroy. I am stuck here, nothing left to kill or destroy.  Wish there was something I could do…",
      "no": "Tell me about it.  I am a weapon, made to kill and destroy. I am stuck here, hiding from something I can't kill or destroy.  Wish there was something I could do…"
    },
    "responses": [ { "text": "Must be tough…", "topic": "TALK_BIO_2" } ]
  },
  {
    "type": "talk_topic",
    "id": "TALK_BIO_2_ROUTER",
    "dynamic_line": "I appreciate the thought, but there's not much to say.  Things are stable at least, if a bit boring.  I'd like to find some way to put my skills to good use, but I'm not sure what.",
    "responses": [
      {
        "text": "We're Bio-Weapons.  We're meant to be out there, kicking ass, taking names, and saving the world.  Why not come along and do exactly that?",
        "topic": "TALK_BIO_2_RECRUIT_BIO",
        "condition": { "u_has_any_trait": [ "BIO_WEAPON_ALPHA", "BIO_WEAPON_BETA", "BIO_WEAPON_GAMMA", "BIO_WEAPON_DELTA" ] }
      },
      {
        "text": "I found a purpose out there, bionic reject or not.  It'd be better than doing nothing… if you want to come with?",
        "topic": "TALK_BIO_2_RECRUIT_FAILED",
        "condition": { "u_has_any_trait": [ "BIO_WEAPON_FAILED" ] }
      },
      {
        "text": "You're one of the original models.  Wouldn't mind having you on the team.",
        "topic": "TALK_BIO_2_RECRUIT_SOLDIER",
        "condition": { "u_has_any_trait": [ "SUPER_SOLDIER_MARKER" ] }
      },
      {
        "text": "Why not join me?",
        "condition": { "not": { "u_has_effect": "lambda_asked_recently" } },
        "trial": { "type": "PERSUADE", "difficulty": 2 },
        "success": { "topic": "TALK_BIO_2_RECRUIT_SUCCESS" },
        "failure": { "topic": "TALK_BIO_2_RECRUIT_FAILURE", "effect": { "u_add_effect": "lambda_asked_recently", "duration": 1800 } }
      },
      {
        "text": "Why not join me?",
        "condition": { "u_has_effect": "lambda_asked_recently" },
        "topic": "TALK_BIO_2_RECRUIT_DELAY"
      },
      { "text": "I see.", "topic": "TALK_BIO_2" }
    ]
  },
  {
    "type": "talk_topic",
    "id": "TALK_BIO_2_RECRUIT_BIO",
    "dynamic_line": {
      "u_is_wearing": "badge_bio_weapon",
      "yes": "That's the fucking spirit!  You're making me want to go out there and save the world or some over-the-top bullshit like that.  You've got yourself a deal.",
      "no": "Those are words you don't hear from just any random punk.  Makes me feel like this planet isn't quite circling the drain just yet.  Fuck it, why not?  I'm ready if you are."
    },
    "responses": [ { "text": "Let's go.", "topic": "TALK_DONE", "effect": "follow" } ]
  },
  {
    "type": "talk_topic",
    "id": "TALK_BIO_2_RECRUIT_FAILED",
    "dynamic_line": {
      "u_is_wearing": "badge_bio_weapon",
      "yes": "Hey, you don't have to beat yourself up over it.  And don't give me the puppy-dog eyes either.  I wouldn't mind finding something constructive to do… when you're ready, I guess.",
      "no": "Guessing you're a bio-weapon too.  Badge or not, \"reject\" or not.  Don't beat yourself up over it.  I suppose you're suggesting I tag along, and to be honest I might as well.  Lead the way."
    },
    "responses": [ { "text": "Let's go.", "topic": "TALK_DONE", "effect": "follow" } ]
  },
  {
    "type": "talk_topic",
    "id": "TALK_BIO_2_RECRUIT_SOLDIER",
    "dynamic_line": "Original model?  I'm not sure if I should take that as a compliment or not.  I guess it'd be better than doing nothing and wasting time here.  Ready when you are.",
    "responses": [ { "text": "Let's go.", "topic": "TALK_DONE", "effect": "follow" } ]
  },
  {
    "type": "talk_topic",
    "id": "TALK_BIO_2_RECRUIT_SUCCESS",
    "dynamic_line": "You've got guts, suggesting I follow along just out of boredom.  You seem competent enough at least, so why not… lead on!",
    "responses": [ { "text": "Let's go.", "topic": "TALK_DONE", "effect": "follow" } ]
  },
  {
    "type": "talk_topic",
    "id": "TALK_BIO_2_RECRUIT_FAILURE",
    "dynamic_line": "Yeah, I don't think so.",
    "responses": [ { "text": "…", "topic": "TALK_BIO_2" } ]
  },
  {
    "type": "talk_topic",
    "id": "TALK_BIO_2_RECRUIT_DELAY",
    "dynamic_line": "You just asked me that.",
    "responses": [ { "text": "…", "topic": "TALK_BIO_2" } ]
  }
]
