[
  {
    "type": "npc_class",
    "id": "NC_PREPPER",
    "name": "Prepper",
    "job_description": "Just surviving, as usual.",
    "common": false,
    "bonus_str": { "rng": [ -1, 1 ] },
    "bonus_int": { "rng": [ -1, 1 ] },
    "bonus_dex": { "rng": [ -1, 2 ] },
    "bonus_per": { "rng": [ -1, 2 ] },
    "skills": [
      { "skill": "ALL", "level": { "sum": [ { "dice": [ 3, 2 ] }, { "constant": -3 } ] } },
      { "skill": "survival", "bonus": { "rng": [ 2, 4 ] } },
      { "skill": "gun", "bonus": { "rng": [ 2, 4 ] } },
      { "skill": "pistol", "bonus": { "rng": [ 2, 5 ] } },
      { "skill": "rifle", "bonus": { "rng": [ 0, 3 ] } },
      { "skill": "archery", "bonus": { "rng": [ 0, 3 ] } }
    ],
    "worn_override": "NC_PREPPER_worn",
    "carry_override": "NC_PREPPER_carry",
    "weapon_override": "EMPTY_GROUP",
    "traits": [ { "group": "Appearance_demographics" }, { "group": "NPC_starting_traits" }, { "group": "BG_survival_story_RURAL" } ],
    "//": "Uses the CBMs available to bionic prepper profession that count as NPC-usable, with a smattering of NPC-usable civilian, industrial, and misc bionics to add variety.",
    "bionics": [
      { "id": "bio_metabolics", "chance": 75 },
      { "id": "bio_power_storage_mkII", "chance": 75 },
      { "id": "bio_tools", "chance": 50 },
      { "id": "bio_sunglasses", "chance": 25 },
      { "id": "bio_weight", "chance": 25 },
      { "id": "bio_painkiller", "chance": 10 },
      { "id": "bio_purifier", "chance": 10 }
    ]
  },
  {
    "type": "npc_class",
    "id": "NC_SUPER_SOLDIER",
    "name": "Super Soldier",
    "job_description": "I am guarding this place in exchange for food and shelter.",
    "common": false,
    "bonus_str": { "rng": [ 0, 4 ] },
    "bonus_dex": { "rng": [ 0, 4 ] },
    "bonus_int": { "rng": [ 0, 4 ] },
    "bonus_per": { "rng": [ 0, 4 ] },
    "skills": [
      { "skill": "ALL", "level": { "mul": [ { "one_in": 3 }, { "sum": [ { "dice": [ 2, 2 ] }, { "constant": -2 } ] } ] } },
      { "skill": "dodge", "bonus": { "rng": [ 1, 2 ] } },
      { "skill": "melee", "bonus": { "rng": [ 1, 2 ] } },
      { "skill": "unarmed", "bonus": { "rng": [ 1, 2 ] } },
      { "skill": "rifle", "bonus": { "rng": [ 3, 5 ] } },
      { "skill": "gun", "bonus": { "rng": [ 2, 4 ] } },
      { "skill": "cutting", "bonus": { "rng": [ 1, 2 ] } },
      { "skill": "stabbing", "bonus": { "rng": [ 1, 2 ] } }
    ],
    "worn_override": "NC_SUPER_SOLDIER_worn",
    "carry_override": "NC_SUPER_SOLDIER_carry",
    "weapon_override": "NC_SUPER_SOLDIER_weapon",
    "//": "CBM setup uses all NPC-usable bionics used by the standard super soldier profession.  Mutations are post-threshold Sentinel with a mixture of traits, skewing towards mid-level standard super soldier.",
    "traits": [
      { "group": "Appearance_demographics" },
      [ "SUPER_SOLDIER_MARKER", 100 ],
      [ "THRESH_SUPER_SOLDIER", 100 ],
      { "group": "Random_Sentinel_Traits" }
    ],
    "bionics": [
      { "id": "bio_metabolics", "chance": 100 },
      { "id": "bio_power_storage_mkII", "chance": 100 },
      { "id": "bio_power_storage_mkII", "chance": 100 },
      { "id": "bio_blade", "chance": 100 },
      { "id": "bio_carbon", "chance": 100 },
      { "id": "bio_nanobots", "chance": 100 },
      { "id": "bio_painkiller", "chance": 100 },
      { "id": "bio_purifier", "chance": 100 },
      { "id": "bio_shock", "chance": 100 },
      { "id": "bio_targeting", "chance": 100 }
    ]
  },
  {
    "type": "npc_class",
    "id": "NC_SLAVE_FIGHTER_BLUE",
    "name": "Slave Fighter (Blue Team)",
    "job_description": "I am free…",
    "common": false,
    "bonus_str": { "rng": [ -1, 0 ] },
    "bonus_dex": { "rng": [ 0, 2 ] },
    "bonus_per": { "rng": [ 0, 2 ] },
    "skills": [
      { "skill": "ALL", "level": { "mul": [ { "one_in": 3 }, { "sum": [ { "dice": [ 2, 2 ] }, { "rng": [ -1, -2 ] } ] } ] } },
      { "skill": "dodge", "bonus": { "rng": [ 2, 4 ] } },
      { "skill": "melee", "bonus": { "rng": [ 1, 4 ] } },
      { "skill": "unarmed", "bonus": { "rng": [ 4, 6 ] } },
      { "skill": "stabbing", "bonus": { "rng": [ 0, 2 ] } }
    ],
    "worn_override": "NC_GLADIATOR_LIGHT_worn",
    "carry_override": "EMPTY_GROUP",
    "weapon_override": "NC_GLADIATOR_LIGHT_weapon",
    "//": "Reduced odds of being heavily mutated relative to Red Team, no faulty bionics but lower chance of positive CBMs.",
    "traits": [
      { "group": "Appearance_demographics" },
      [ "PROF_GLADIATOR", 100 ],
      [ "FANGS", 10 ],
      [ "SPINES", 10 ],
      [ "PLANTSKIN", 5 ],
      [ "NAILS", 25 ],
      [ "PADDED_FEET", 15 ],
      [ "TAIL_LONG", 10 ],
      [ "WHISKERS", 10 ],
      [ "BEAK", 5 ],
      [ "ARM_FEATHERS", 10 ],
      [ "LIGHT_BONES", 15 ]
    ],
    "bionics": [
      { "id": "bio_metabolics", "chance": 25 },
      { "id": "bio_torsionratchet", "chance": 25 },
      { "id": "bio_power_storage_mkII", "chance": 10 },
      { "id": "bio_power_storage_mkII", "chance": 10 },
      { "id": "bio_power_storage_mkII", "chance": 10 },
      { "id": "bio_power_storage_mkII", "chance": 10 },
      { "id": "bio_armor_arms", "chance": 10 },
      { "id": "bio_armor_eyes", "chance": 10 },
      { "id": "bio_armor_head", "chance": 10 },
      { "id": "bio_armor_legs", "chance": 10 },
      { "id": "bio_armor_torso", "chance": 10 },
      { "id": "bio_carbon", "chance": 10 },
      { "id": "bio_hydraulics", "chance": 10 },
      { "id": "bio_nanobots", "chance": 10 },
      { "id": "bio_painkiller", "chance": 10 },
      { "id": "bio_razors", "chance": 10 },
      { "id": "bio_shock", "chance": 10 }
    ]
  },
  {
    "type": "npc_class",
    "id": "NC_SLAVE_FIGHTER_RED",
    "name": "Slave Fighter (Red Team)",
    "job_description": "Rip and tear!",
    "common": false,
    "bonus_str": { "rng": [ 1, 3 ] },
    "bonus_dex": { "rng": [ 0, 2 ] },
    "bonus_per": { "rng": [ -1, 0 ] },
    "bonus_int": { "rng": [ -2, 0 ] },
    "skills": [
      { "skill": "ALL", "level": { "mul": [ { "one_in": 3 }, { "sum": [ { "dice": [ 2, 2 ] }, { "rng": [ -1, -2 ] } ] } ] } },
      { "skill": "melee", "bonus": { "rng": [ 1, 4 ] } },
      { "skill": "unarmed", "bonus": { "rng": [ 1, 3 ] } },
      { "skill": "bashing", "bonus": { "rng": [ 1, 3 ] } },
      { "skill": "cutting", "bonus": { "rng": [ 2, 5 ] } }
    ],
    "worn_override": "NC_GLADIATOR_HEAVY_worn",
    "carry_override": "EMPTY_GROUP",
    "weapon_override": "NC_GLADIATOR_HEAVY_weapon",
    "//": "More mutated, more augmented, but more faulty CBMs can crop up too.",
    "traits": [
      { "group": "Appearance_demographics" },
      [ "PROF_GLADIATOR", 100 ],
      [ "FANGS", 50 ],
      [ "SPINES", 50 ],
      [ "NAILS", 75 ],
      [ "PADDED_FEET", 25 ],
      [ "TAIL_LONG", 50 ],
      [ "WHISKERS", 75 ],
      [ "SLIT_NOSTRILS", 25 ],
      [ "SLIMY", 25 ],
      [ "PONDEROUS1", 50 ],
      [ "ARM_FEATHERS", 75 ],
      [ "LEG_TENTACLES", 25 ],
      [ "CHITIN", 50 ],
      [ "ANTLERS", 25 ],
      [ "WINGS_BAT", 50 ],
      [ "LARGE", 25 ]
    ],
    "bionics": [
      { "id": "bio_metabolics", "chance": 75 },
      { "id": "bio_torsionratchet", "chance": 75 },
      { "id": "bio_power_storage_mkII", "chance": 50 },
      { "id": "bio_power_storage_mkII", "chance": 50 },
      { "id": "bio_power_storage_mkII", "chance": 50 },
      { "id": "bio_power_storage_mkII", "chance": 50 },
      { "id": "bio_armor_arms", "chance": 25 },
      { "id": "bio_armor_eyes", "chance": 25 },
      { "id": "bio_armor_head", "chance": 25 },
      { "id": "bio_armor_legs", "chance": 25 },
      { "id": "bio_armor_torso", "chance": 25 },
      { "id": "bio_carbon", "chance": 25 },
      { "id": "bio_hydraulics", "chance": 25 },
      { "id": "bio_nanobots", "chance": 25 },
      { "id": "bio_painkiller", "chance": 25 },
      { "id": "bio_razors", "chance": 25 },
      { "id": "bio_shock", "chance": 25 },
      { "id": "bio_ankles", "chance": 10 },
      { "id": "bio_dis_shock", "chance": 10 },
      { "id": "bio_dis_acid", "chance": 10 },
      { "id": "bio_drain", "chance": 10 },
      { "id": "bio_noise", "chance": 10 },
      { "id": "bio_power_weakness", "chance": 10 },
      { "id": "bio_itchy", "chance": 10 },
      { "id": "bio_nostril", "chance": 10 },
      { "id": "bio_thumbs", "chance": 10 },
      { "id": "bio_spasm", "chance": 10 },
      { "id": "bio_shakes", "chance": 10 },
      { "id": "bio_leaky", "chance": 10 },
      { "id": "bio_sleepy", "chance": 10 },
      { "id": "bio_deformity", "chance": 10 },
      { "id": "bio_voice", "chance": 10 },
      { "id": "bio_pokedeye", "chance": 10 },
      { "id": "bio_trip", "chance": 10 },
      { "id": "bio_stiff", "chance": 10 }
    ]
  },
  {
    "type": "npc_class",
    "id": "NC_BIO_WEAPON_SIGMA",
    "name": "Bio-Weapon",
    "job_description": "I am protecting my people.",
    "common": false,
    "bonus_str": { "rng": [ 2, 2 ] },
    "bonus_dex": { "rng": [ 2, 2 ] },
    "bonus_int": { "rng": [ 2, 2 ] },
    "bonus_per": { "rng": [ 4, 4 ] },
    "skills": [
      { "skill": "driving", "level": { "rng": [ 2, 2 ] } },
      { "skill": "fabrication", "level": { "rng": [ 2, 2 ] } },
      { "skill": "firstaid", "level": { "rng": [ 2, 2 ] } },
      { "skill": "survival", "level": { "rng": [ 2, 2 ] } },
      { "skill": "swimming", "level": { "rng": [ 2, 2 ] } },
      { "skill": "archery", "level": { "rng": [ 5, 5 ] } },
      { "skill": "bashing", "level": { "rng": [ 3, 3 ] } },
      { "skill": "cutting", "level": { "rng": [ 3, 3 ] } },
      { "skill": "dodge", "level": { "rng": [ 3, 3 ] } },
      { "skill": "gun", "level": { "rng": [ 5, 5 ] } },
      { "skill": "launcher", "level": { "rng": [ 3, 3 ] } },
      { "skill": "melee", "level": { "rng": [ 3, 3 ] } },
      { "skill": "stabbing", "level": { "rng": [ 3, 3 ] } },
      { "skill": "throw", "level": { "rng": [ 2, 2 ] } },
      { "skill": "unarmed", "level": { "rng": [ 2, 2 ] } },
      { "skill": "pistol", "level": { "rng": [ 5, 5 ] } },
      { "skill": "rifle", "level": { "rng": [ 5, 5 ] } },
      { "skill": "shotgun", "level": { "rng": [ 5, 5 ] } },
      { "skill": "smg", "level": { "rng": [ 5, 5 ] } }
    ],
    "worn_override": "NC_BIO_WEAPON_worn",
    "carry_override": "NC_BIO_WEAPON_carry",
    "weapon_override": "NC_BIO_WEAPON_S_weapon",
    "//": "Generic mutation and bionic setup, modeled after a mix of Beta and Delta.",
    "traits": [
      { "trait": "hair_crewcut", "variant": "black" },
      { "trait": "eye_color", "variant": "brown" },
      [ "SKIN_TAN", 100 ],
      [ "BIO_WEAPON_GENERIC", 100 ],
      [ "NIGHTVISION", 100 ],
      [ "PSYCHOPATH", 100 ],
      [ "PAINREC_BIOWEAPON", 100 ],
      [ "SUBTLE_BIOWEAPON", 100 ],
      [ "SCOUT_BIOWEAPON", 100 ],
      [ "SLOW_METABOLISM_BIOWEAPON", 100 ],
      [ "ARMOR_BIOWEAPON", 100 ],
      [ "TOUGH_BIOWEAPON", 100 ],
      [ "PONDEROUS_BIOWEAPON", 100 ]
    ],
    "bionics": [
      { "id": "bio_fuel_cell_gasoline", "chance": 100 },
      { "id": "bio_torsionratchet", "chance": 100 },
      { "id": "bio_power_storage_mkII", "chance": 100 },
      { "id": "bio_power_storage_mkII", "chance": 100 },
      { "id": "bio_power_storage_mkII", "chance": 100 },
      { "id": "bio_power_storage_mkII", "chance": 100 },
      { "id": "bio_carbon", "chance": 100 },
      { "id": "bio_faraday", "chance": 100 },
      { "id": "bio_nanobots", "chance": 100 },
      { "id": "bio_painkiller", "chance": 100 },
      { "id": "bio_sunglasses", "chance": 100 },
      { "id": "bio_targeting", "chance": 100 },
      { "id": "bio_tools", "chance": 100 }
    ]
  },
  {
    "type": "npc_class",
    "id": "NC_BIO_WEAPON_LAMBDA",
    "name": "Bio-Weapon",
    "job_description": "I am fighting towards a better tomorrow…",
    "common": false,
    "bonus_str": { "rng": [ 3, 3 ] },
    "bonus_dex": { "rng": [ 3, 3 ] },
    "bonus_int": { "rng": [ 4, 4 ] },
    "bonus_per": { "rng": [ 2, 2 ] },
    "skills": [
      { "skill": "computer", "level": { "rng": [ 3, 3 ] } },
      { "skill": "cooking", "level": { "rng": [ 3, 3 ] } },
      { "skill": "driving", "level": { "rng": [ 2, 2 ] } },
      { "skill": "chemistry", "level": { "rng": [ 2, 2 ] } },
      { "skill": "electronics", "level": { "rng": [ 2, 2 ] } },
      { "skill": "fabrication", "level": { "rng": [ 3, 3 ] } },
      { "skill": "firstaid", "level": { "rng": [ 3, 3 ] } },
      { "skill": "mechanics", "level": { "rng": [ 2, 2 ] } },
      { "skill": "traps", "level": { "rng": [ 2, 2 ] } },
      { "skill": "speech", "level": { "rng": [ 2, 2 ] } },
      { "skill": "survival", "level": { "rng": [ 3, 3 ] } },
      { "skill": "tailor", "level": { "rng": [ 2, 2 ] } },
      { "skill": "archery", "level": { "rng": [ 3, 3 ] } },
      { "skill": "bashing", "level": { "rng": [ 5, 5 ] } },
      { "skill": "cutting", "level": { "rng": [ 5, 5 ] } },
      { "skill": "dodge", "level": { "rng": [ 5, 5 ] } },
      { "skill": "gun", "level": { "rng": [ 3, 3 ] } },
      { "skill": "launcher", "level": { "rng": [ 3, 3 ] } },
      { "skill": "melee", "level": { "rng": [ 5, 5 ] } },
      { "skill": "stabbing", "level": { "rng": [ 5, 5 ] } },
      { "skill": "throw", "level": { "rng": [ 3, 3 ] } },
      { "skill": "unarmed", "level": { "rng": [ 6, 6 ] } },
      { "skill": "pistol", "level": { "rng": [ 3, 3 ] } },
      { "skill": "rifle", "level": { "rng": [ 3, 3 ] } },
      { "skill": "shotgun", "level": { "rng": [ 3, 3 ] } },
      { "skill": "smg", "level": { "rng": [ 3, 3 ] } }
    ],
    "worn_override": "NC_BIO_WEAPON_worn",
    "carry_override": "NC_BIO_WEAPON_carry",
    "weapon_override": "NC_BIO_WEAPON_L_weapon",
    "//": "Generic mutation and CBM setup, modeled after a mix of Alpha and Gamma.  Would use red eyes if they were an option.",
    "traits": [
      { "trait": "hair_medium", "variant": "blond" },
      { "trait": "eye_color", "variant": "amber" },
      [ "SKIN_LIGHT", 100 ],
      [ "BIO_WEAPON_GENERIC", 100 ],
      [ "NIGHTVISION", 100 ],
      [ "PSYCHOPATH", 100 ],
      [ "PAINREC_BIOWEAPON", 100 ],
      [ "SPEED_BIOWEAPON", 100 ],
      [ "HUNGER_BIOWEAPON", 100 ],
      [ "NEURO_GOOD_BIOWEAPON", 100 ]
    ],
    "bionics": [
      { "id": "bio_ethanol", "chance": 100 },
      { "id": "bio_batteries", "chance": 100 },
      { "id": "bio_power_storage_mkII", "chance": 100 },
      { "id": "bio_power_storage_mkII", "chance": 100 },
      { "id": "bio_power_storage_mkII", "chance": 100 },
      { "id": "bio_power_storage_mkII", "chance": 100 },
      { "id": "bio_carbon", "chance": 100 },
      { "id": "bio_heat_absorb", "chance": 100 },
      { "id": "bio_nanobots", "chance": 100 },
      { "id": "bio_painkiller", "chance": 100 },
      { "id": "bio_shock", "chance": 100 },
      { "id": "bio_sunglasses", "chance": 100 },
      { "id": "bio_razors", "chance": 100 },
      { "id": "bio_tools", "chance": 100 }
    ]
  },
  {
    "type": "npc_class",
    "id": "NC_SCIENTIST_ROUTER",
    "name": "Scientist",
    "job_description": "I'm trying to pick up the pieces of my research…",
    "bonus_per": { "rng": [ -2, -2 ] },
    "bonus_int": { "rng": [ 5, 5 ] },
    "skills": [
      { "skill": "computer", "level": { "rng": [ 4, 4 ] } },
      { "skill": "chemistry", "level": { "rng": [ 6, 6 ] } },
      { "skill": "cooking", "level": { "rng": [ 2, 2 ] } },
      { "skill": "driving", "level": { "rng": [ 2, 2 ] } },
      { "skill": "electronics", "level": { "rng": [ 4, 4 ] } },
      { "skill": "fabrication", "level": { "rng": [ 4, 4 ] } },
      { "skill": "firstaid", "level": { "rng": [ 4, 4 ] } },
      { "skill": "mechanics", "level": { "rng": [ 3, 3 ] } },
      { "skill": "speech", "level": { "rng": [ 2, 2 ] } }
    ],
    "//": "Will need to reimplement beard, figuring out what style it's meant to be, when beards stop being broken.",
    "traits": [ { "trait": "hair_short", "variant": "white" }, { "trait": "eye_color", "variant": "blue" }, [ "SKIN_MEDIUM", 100 ] ]
  },
  {
    "type": "npc_class",
    "id": "NC_BIO_HUNTER_E",
    "name": "Bio-Weapon Hunter",
    "job_description": "I am here to find answers…",
    "common": false,
    "bonus_str": { "rng": [ 3, 3 ] },
    "bonus_dex": { "rng": [ 3, 3 ] },
    "bonus_int": { "rng": [ 3, 3 ] },
    "bonus_per": { "rng": [ 3, 3 ] },
    "skills": [
      { "skill": "computer", "level": { "rng": [ 3, 3 ] } },
      { "skill": "traps", "level": { "rng": [ 2, 2 ] } },
      { "skill": "driving", "level": { "rng": [ 2, 2 ] } },
      { "skill": "fabrication", "level": { "rng": [ 2, 2 ] } },
      { "skill": "firstaid", "level": { "rng": [ 2, 2 ] } },
      { "skill": "survival", "level": { "rng": [ 2, 2 ] } },
      { "skill": "swimming", "level": { "rng": [ 2, 2 ] } },
      { "skill": "archery", "level": { "rng": [ 5, 5 ] } },
      { "skill": "bashing", "level": { "rng": [ 3, 3 ] } },
      { "skill": "cutting", "level": { "rng": [ 3, 3 ] } },
      { "skill": "dodge", "level": { "rng": [ 3, 3 ] } },
      { "skill": "gun", "level": { "rng": [ 5, 5 ] } },
      { "skill": "launcher", "level": { "rng": [ 3, 3 ] } },
      { "skill": "melee", "level": { "rng": [ 3, 3 ] } },
      { "skill": "stabbing", "level": { "rng": [ 3, 3 ] } },
      { "skill": "throw", "level": { "rng": [ 2, 2 ] } },
      { "skill": "unarmed", "level": { "rng": [ 2, 2 ] } },
      { "skill": "pistol", "level": { "rng": [ 5, 5 ] } },
      { "skill": "rifle", "level": { "rng": [ 5, 5 ] } },
      { "skill": "shotgun", "level": { "rng": [ 5, 5 ] } },
      { "skill": "smg", "level": { "rng": [ 5, 5 ] } }
    ],
    "worn_override": "NC_BIO_HUNTER_E_worn",
    "carry_override": "NC_BIO_HUNTER_E_carry",
    "weapon_override": "NC_BIO_HUNTER_E_weapon",
    "//": "CBM setup is a balanced setup mixing Super Scout and Bio-Engineer, as much as is NPC-usable.  Also fairly broad Sentinel mutation selection, closer to an upgraded Super Soldier.",
    "traits": [
      { "trait": "hair_long", "variant": "red" },
      { "trait": "eye_color", "variant": "green" },
      [ "SKIN_LIGHT", 100 ],
      [ "BGSS_BHunter", 100 ],
      [ "SUPER_SOLDIER_MARKER", 100 ],
      [ "THRESH_SUPER_SOLDIER", 100 ],
      [ "SENTINEL_PERK_STR_2", 100 ],
      [ "SENTINEL_PERK_DEX_2", 100 ],
      [ "SENTINEL_PERK_PER_2", 100 ],
      [ "SENTINEL_PERK_INT_2", 100 ],
      [ "SENTINEL_STAT_STR_2", 100 ],
      [ "SENTINEL_STAT_DEX_2", 100 ],
      [ "SENTINEL_STAT_PER_2", 100 ],
      [ "SENTINEL_STAT_INT_2", 100 ]
    ],
    "bionics": [
      { "id": "bio_metabolics", "chance": 100 },
      { "id": "bio_torsionratchet", "chance": 100 },
      { "id": "bio_power_storage_mkII", "chance": 100 },
      { "id": "bio_power_storage_mkII", "chance": 100 },
      { "id": "bio_power_storage_mkII", "chance": 100 },
      { "id": "bio_power_storage_mkII", "chance": 100 },
      { "id": "bio_carbon", "chance": 100 },
      { "id": "bio_faraday", "chance": 100 },
      { "id": "bio_nanobots", "chance": 100 },
      { "id": "bio_painkiller", "chance": 100 },
      { "id": "bio_targeting", "chance": 100 },
      { "id": "bio_tools", "chance": 100 }
    ]
  }
]
