[
  {
    "id": "NC_BIO_WEAPON_worn",
    "type": "item_group",
    "//": "Generic tactical kit, unisex.",
    "subtype": "collection",
    "entries": [
      { "item": "kevlar" },
      { "item": "arm_warmers" },
      { "item": "leg_warmers" },
      { "item": "pants_army" },
      { "item": "knee_pads" },
      { "item": "jacket_army" },
      { "item": "elbow_pads" },
      { "item": "tac_helmet" },
      { "item": "gloves_wraps" },
      { "item": "gloves_tactical" },
      { "item": "socks" },
      { "item": "boots_combat" },
      { "item": "backpack" },
      { "item": "sheath" },
      { "item": "badge_bio_weapon" }
    ]
  },
  {
    "id": "NC_BIO_WEAPON_S_weapon",
    "type": "item_group",
    "//": "Bio-Weapon Sigma's weapon, don't think you can define weapon overrides any other way.",
    "subtype": "collection",
    "magazine": 100,
    "ammo": 100,
    "entries": [ { "item": "arc_laser_rifle" } ]
  },
  {
    "id": "NC_BIO_WEAPON_L_weapon",
    "type": "item_group",
    "//": "Bio-Weapon Lamba's weapon.  She's built more with a lean toward unarmed, but this ensures that she doesn't do anything weird like decide her helmet is a superior weapon.",
    "subtype": "collection",
    "entries": [ { "item": "knife_rm42" } ]
  },
  {
    "id": "NC_BIO_WEAPON_carry",
    "type": "item_group",
    "subtype": "collection",
    "ammo": 100,
    "entries": [
      { "item": "medium_atomic_battery_cell_rechargeable", "prob": 50 },
      { "group": "mre_full_pack" },
      { "group": "everyday_gear" },
      { "group": "drugs_soldier", "prob": 50 },
      { "group": "supplies_electronics", "prob": 50, "count": [ 1, 3 ] }
    ]
  }
]
