[
  {
    "id": "mon_zombie_failed_weapon",
    "type": "MONSTER",
    "name": { "str": "zombie augmented abomination" },
    "description": "A zombified, heavily-augmented mutant of some sort.  Dangerous on its own, but even more so in groups.",
    "default_faction": "zombie",
    "species": [ "ZOMBIE" ],
    "volume": "62500 ml",
    "weight": "81500 g",
    "hp": 150,
    "speed": 90,
    "material": [ "flesh" ],
    "symbol": "Z",
    "color": "red_cyan",
    "aggression": 0,
    "morale": 100,
    "melee_skill": 4,
    "melee_dice": 3,
    "melee_dice_sides": 4,
    "melee_damage": [ { "damage_type": "cut", "amount": 3 } ],
    "dodge": 0,
    "armor": { "bash": 4, "cut": 6, "stab": 4, "bullet": 5, "acid": 4, "heat": 3 },
    "vision_day": 40,
    "vision_night": 3,
    "luminance": 12,
    "regenerates": 4,
    "regeneration_modifiers": [ [ "onfire", -2 ] ],
    "regen_morale": true,
    "harvest": "CBM_FAILED_BIO_ZOMBIE",
    "dissect": "dissect_CBM_FAILED_BIO_ZOMBIE",
    "special_attacks": [ [ "SHOCKSTORM", 10 ], [ "PARROT", 50 ], { "type": "bite", "cooldown": 5 } ],
    "special_when_hit": [ "ZAPBACK", 60 ],
    "anger_triggers": [ "FRIEND_DIED", "FRIEND_ATTACKED", "HURT", "STALK", "PLAYER_CLOSE" ],
    "fear_triggers": [ "FIRE" ],
    "death_drops": "wild_bio_weapom_item",
    "death_function": { "message": "The %s's body leaks acid.", "effect": { "id": "death_acid", "hit_self": true } },
    "fungalize_into": "mon_fungus_failed_weapon",
    "flags": [
      "REVIVES",
      "SEES",
      "HEARS",
      "SMELLS",
      "STUMBLES",
      "POISON",
      "ELECTRIC",
      "BASHES",
      "GROUP_BASH",
      "NO_BREATHE",
      "REVIVES",
      "PUSH_MON",
      "PUSH_VEH",
      "FILTHY"
    ]
  },
  {
    "id": "mon_failed_weapon",
    "type": "MONSTER",
    "name": { "str": "augmented abomination" },
    "description": "A heavily-augmented mutant of some sort, deformed from its enhancements.  It seems even more indiscriminate in its rampage than the undead.",
    "default_faction": "fbio_weapon",
    "species": [ "FBIO-WEAPON" ],
    "volume": "62500 ml",
    "weight": "81500 g",
    "hp": 200,
    "speed": 100,
    "material": [ "flesh" ],
    "symbol": "B",
    "color": "red_cyan",
    "aggression": 5,
    "morale": 100,
    "melee_skill": 6,
    "melee_dice": 4,
    "melee_dice_sides": 5,
    "melee_damage": [ { "damage_type": "cut", "amount": 4 } ],
    "dodge": 2,
    "armor": { "bash": 8, "cut": 12, "stab": 8, "bullet": 10, "acid": 8, "heat": 6 },
    "vision_day": 40,
    "vision_night": 3,
    "path_settings": { "max_dist": 50 },
    "luminance": 14,
    "regenerates": 5,
    "regeneration_modifiers": [ [ "onfire", -3 ] ],
    "regen_morale": true,
    "harvest": "CBM_FAILED_BIO",
    "dissect": "dissect_CBM_FAILED_BIO",
    "special_attacks": [ [ "SHOCKSTORM", 15 ], [ "PARROT", 80 ] ],
    "special_when_hit": [ "ZAPBACK", 75 ],
    "anger_triggers": [ "FRIEND_DIED", "FRIEND_ATTACKED", "HURT", "STALK", "PLAYER_CLOSE" ],
    "fear_triggers": [ "FIRE" ],
    "death_drops": "wild_bio_weapom_item",
    "death_function": { "message": "The %s's body leaks acid.", "effect": { "id": "death_acid", "hit_self": true } },
    "zombify_into": "mon_zombie_failed_weapon",
    "fungalize_into": "mon_fungus_failed_weapon",
    "flags": [ "SEES", "HEARS", "SMELLS", "WARM", "HUMAN", "ELECTRIC", "BASHES", "PUSH_VEH", "PATH_AVOID_DANGER" ]
  },
  {
    "id": "hulk_weapon",
    "type": "MONSTER",
    "name": { "str": "Bio-Weapon Apophis" },
    "description": "The ultimate bionic mutant.  Only God knows why it exists.  With incredible power, armor and bionics on its side, victory won't come easy.",
    "default_faction": "fbio_weapon",
    "species": [ "BIO-WEAPON" ],
    "diff": 50,
    "volume": "875000 ml",
    "weight": "200 kg",
    "hp": 5000,
    "speed": 80,
    "material": [ "flesh" ],
    "symbol": "A",
    "color": "red_cyan",
    "aggression": 100,
    "morale": 100,
    "melee_skill": 10,
    "melee_dice": 8,
    "melee_dice_sides": 10,
    "melee_damage": [ { "damage_type": "cut", "amount": 20 } ],
    "dodge": 2,
    "armor": { "bash": 30, "cut": 40, "stab": 20, "bullet": 60, "acid": 35, "heat": 20 },
    "vision_day": 50,
    "vision_night": 30,
    "path_settings": { "max_dist": 50 },
    "luminance": 30,
    "regenerates": 10,
    "regeneration_modifiers": [ [ "onfire", -5 ] ],
    "harvest": "CBM_APOPHIS",
    "dissect": "dissect_CBM_APOPHIS",
    "special_attacks": [
      [ "SHOCKSTORM", 15 ],
      [ "TAZER", 15 ],
      [ "PARROT", 80 ],
      [ "SMASH", 20 ],
      { "id": "bio_op_takedown", "cooldown": 10 },
      {
        "type": "gun",
        "cooldown": 5,
        "move_cost": 100,
        "gun_type": "bio_laser_minigun_monster",
        "fake_str": 8,
        "fake_dex": 10,
        "fake_per": 10,
        "ranges": [ [ 3, 30, "DEFAULT" ] ],
        "require_targeting_player": true,
        "require_targeting_npc": true,
        "require_targeting_monster": true,
        "targeting_cost": 50,
        "targeting_sound": "chunk…whirr!",
        "targeting_volume": 30,
        "description": "Apophis fires its gatling laser!",
        "no_ammo_sound": "clickclickclick!"
      }
    ],
    "special_when_hit": [ "ZAPBACK", 75 ],
    "death_drops": "apophis_bio_weapom_item",
    "death_function": { "message": "%s leaks acid and explodes!", "effect": { "id": "c_death_explosion_hulk_weapon", "hit_self": true } },
    "flags": [
      "SEES",
      "HEARS",
      "GOODHEARING",
      "SMELLS",
      "WARM",
      "HUMAN",
      "PUSH_MON",
      "PUSH_VEH",
      "ELECTRIC",
      "GRABS",
      "BASHES",
      "PATH_AVOID_DANGER",
      "PRIORITIZE_TARGETS",
      "NO_FUNG_DMG"
    ]
  },
  {
    "id": "mon_fungus_failed_weapon",
    "type": "MONSTER",
    "name": { "str": "fungal augmented abomination" },
    "description": "This… thing is a failed experiment of science, whose biology has been overtaken by the fungus.  Has various enhancements, both mutagenic and bionic, that it uses to serve its new overlord(s).",
    "default_faction": "fungus",
    "species": [ "FUNGUS" ],
    "volume": "62500 ml",
    "weight": "81500 g",
    "hp": 100,
    "speed": 80,
    "material": [ "veggy" ],
    "symbol": "F",
    "color": "red_cyan",
    "aggression": 0,
    "morale": 100,
    "melee_skill": 2,
    "melee_dice": 2,
    "melee_dice_sides": 2,
    "melee_damage": [ { "damage_type": "cut", "amount": 2 } ],
    "dodge": 0,
    "armor": { "bash": 8, "cut": 12, "stab": 8, "bullet": 10, "acid": 8, "heat": 6 },
    "vision_day": 40,
    "vision_night": 3,
    "luminance": 5,
    "harvest": "CBM_FAILED_BIO",
    "dissect": "dissect_CBM_FAILED_BIO",
    "regenerates": 4,
    "regeneration_modifiers": [ [ "onfire", -2 ] ],
    "regen_morale": true,
    "special_attacks": [
      [ "SHOCKSTORM", 10 ],
      [ "PARROT", 50 ],
      [ "FUNGUS", 200 ],
      { "type": "bite", "cooldown": 5 },
      [ "FUNGUS_HAZE", 25 ],
      [ "FUNGUS_INJECT", 40 ],
      [ "FUNGUS_BRISTLE", 40 ]
    ],
    "special_when_hit": [ "ZAPBACK", 60 ],
    "anger_triggers": [ "FRIEND_DIED", "FRIEND_ATTACKED", "HURT", "STALK", "PLAYER_CLOSE" ],
    "fear_triggers": [ "FIRE" ],
    "placate_triggers": [ "PLAYER_WEAK" ],
    "death_drops": "mon_fungus_failed_weapon_death_drops",
    "death_function": {
      "message": "%s leaks acid and a cloud of spores!",
      "effect": { "id": "c_death_explosion_mon_fungus_failed_weapon", "hit_self": true }
    },
    "flags": [ "SEES", "HEARS", "SMELLS", "STUMBLES", "ELECTRIC", "ATTACKMON", "BASHES", "PUSH_MON", "PUSH_VEH", "FILTHY" ]
  },
  {
    "id": "mon_zombie_bio_dormant_unarmed",
    "type": "MONSTER",
    "looks_like": "mon_zombie_bio_op",
    "name": { "str": "zombie augmented soldier" },
    "description": "An advanced, well-equipped member of the military that still succumbed to the cataclysm.  It staggers with an unsteady mechanical gait, as though hindered by its augmentations.",
    "default_faction": "super_soldat",
    "species": [ "ZOMBIE" ],
    "volume": "62500 ml",
    "weight": "81500 g",
    "hp": 100,
    "speed": 80,
    "material": [ "flesh" ],
    "symbol": "Z",
    "color": "red_cyan",
    "aggression": 0,
    "morale": 100,
    "melee_skill": 3,
    "melee_dice": 2,
    "melee_dice_sides": 5,
    "melee_damage": [ { "damage_type": "cut", "amount": 2 } ],
    "dodge": 3,
    "armor": { "bash": 5, "cut": 10, "stab": 10, "bullet": 15, "acid": 5, "heat": 10 },
    "vision_day": 40,
    "vision_night": 15,
    "luminance": 2,
    "regenerates": 1,
    "regeneration_modifiers": [ [ "onfire", -1 ], [ "corroding", -1 ] ],
    "regen_morale": true,
    "harvest": "CBM_SOLDAT_ZOMBIE_GENERIC",
    "dissect": "dissect_CBM_SOLDAT_ZOMBIE_GENERIC",
    "special_attacks": [ { "id": "grab", "cooldown": 10 } ],
    "special_when_hit": [ "ZAPBACK", 60 ],
    "anger_triggers": [ "FRIEND_DIED", "FRIEND_ATTACKED", "HURT", "STALK", "PLAYER_CLOSE" ],
    "placate_triggers": [ "PLAYER_WEAK" ],
    "death_drops": "mon_zombie_bio_dormant_unarmed_death_drops",
    "zombify_into": "mon_zombie_bio_reanimated",
    "upgrades": { "half_life": 28, "into": "mon_zombie_bio_knife" },
    "flags": [ "SEES", "HEARS", "SMELLS", "POISON", "NO_BREATHE", "FILTHY", "STUMBLES", "BASHES" ]
  },
  {
    "id": "mon_zombie_bio_dormant_armed",
    "type": "MONSTER",
    "looks_like": "mon_zombie_bio_op",
    "name": { "str": "zombie augmented soldier" },
    "description": "An advanced, well-equipped member of the military that still succumbed to the cataclysm.  It staggers under the weight of its gear, an unsteady mechanical march hinting at its augmentations.",
    "default_faction": "super_soldat",
    "species": [ "ZOMBIE" ],
    "volume": "62500 ml",
    "weight": "81500 g",
    "hp": 100,
    "speed": 80,
    "material": [ "flesh" ],
    "symbol": "Z",
    "color": "red_cyan",
    "aggression": 0,
    "morale": 100,
    "melee_skill": 3,
    "melee_dice": 2,
    "melee_dice_sides": 5,
    "melee_damage": [ { "damage_type": "cut", "amount": 2 } ],
    "dodge": 3,
    "armor": { "bash": 5, "cut": 10, "stab": 10, "bullet": 15, "acid": 5, "heat": 10 },
    "vision_day": 40,
    "vision_night": 15,
    "luminance": 2,
    "regenerates": 1,
    "regeneration_modifiers": [ [ "onfire", -1 ], [ "corroding", -1 ] ],
    "regen_morale": true,
    "harvest": "CBM_SOLDAT_ZOMBIE_GENERIC",
    "dissect": "dissect_CBM_SOLDAT_ZOMBIE_GENERIC",
    "special_attacks": [ { "id": "grab", "cooldown": 10 } ],
    "special_when_hit": [ "ZAPBACK", 60 ],
    "anger_triggers": [ "FRIEND_DIED", "FRIEND_ATTACKED", "HURT", "STALK", "PLAYER_CLOSE" ],
    "placate_triggers": [ "PLAYER_WEAK" ],
    "death_drops": "mon_zombie_bio_dormant_armed_death_drops",
    "zombify_into": "mon_zombie_bio_reanimated",
    "upgrades": { "half_life": 28, "into_group": "GROUP_ZOMBIE_SUPER_SOLDIER_UPGRADE" },
    "flags": [ "SEES", "HEARS", "SMELLS", "POISON", "NO_BREATHE", "FILTHY", "STUMBLES", "BASHES" ]
  },
  {
    "id": "mon_zombie_bio_knife",
    "type": "MONSTER",
    "copy-from": "mon_zombie_bio_dormant_unarmed",
    "looks_like": "mon_zombie_bio_op2",
    "name": { "str": "zombie augmented prowler" },
    "description": "An advanced, well-equipped member of the military that still succumbed to the cataclysm.  This one moves with purpose and clarity, knife in hand as though it still remembers how to use it.",
    "speed": 100,
    "dodge": 4,
    "melee_skill": 5,
    "melee_dice_sides": 6,
    "melee_damage": [ { "damage_type": "cut", "amount": 10 } ],
    "path_settings": { "max_dist": 20 },
    "vision_night": 20,
    "special_attacks": [ { "id": "grab", "cooldown": 10 }, { "id": "bio_op_takedown", "cooldown": 30 }, [ "LUNGE", 20 ] ],
    "death_drops": "mon_zombie_bio_knife_death_drops",
    "zombify_into": "mon_zombie_bio_reanimated",
    "flags": [ "HARDTOSHOOT", "SEES", "HEARS", "SMELLS", "POISON", "NO_BREATHE", "FILTHY", "PATH_AVOID_DANGER" ],
    "delete": { "upgrades": { "half_life": 28, "into": "mon_zombie_bio_knife" } }
  },
  {
    "id": "mon_zombie_bio_infantry_rifle",
    "type": "MONSTER",
    "looks_like": "mon_zombie_bio_infantry",
    "name": { "str": "zombie augmented rifleman" },
    "description": "An advanced, well-equipped member of the military that still succumbed to the cataclysm.  This one is wielding some kind of rifle, and appears to recall how to use it.",
    "default_faction": "super_soldat",
    "species": [ "ZOMBIE" ],
    "diff": 10,
    "volume": "62500 ml",
    "weight": "81500 g",
    "hp": 100,
    "speed": 100,
    "material": [ "flesh" ],
    "symbol": "Z",
    "color": "red_cyan",
    "aggression": 0,
    "morale": 100,
    "melee_skill": 5,
    "melee_dice": 2,
    "melee_dice_sides": 6,
    "melee_damage": [ { "damage_type": "cut", "amount": 2 } ],
    "dodge": 3,
    "armor": { "bash": 10, "cut": 20, "stab": 20, "bullet": 30, "acid": 5, "heat": 20 },
    "vision_day": 40,
    "vision_night": 15,
    "path_settings": { "max_dist": 10 },
    "luminance": 2,
    "regenerates": 1,
    "regeneration_modifiers": [ [ "onfire", -1 ], [ "corroding", -1 ] ],
    "regen_morale": true,
    "starting_ammo": { "battery": 100 },
    "harvest": "CBM_SOLDAT_ZOMBIE",
    "dissect": "dissect_CBM_SOLDAT_ZOMBIE",
    "special_attacks": [
      {
        "type": "gun",
        "cooldown": 5,
        "move_cost": 200,
        "gun_type": "arc_laser_rifle_monster",
        "ammo_type": "battery",
        "fake_str": 4,
        "fake_dex": 5,
        "fake_per": 3,
        "fake_int": 1,
        "max_ammo": 100,
        "ranges": [ [ 5, 25, "DEFAULT" ], [ 5, 25, "BURST" ], [ 5, 25, "AUTO" ] ],
        "require_targeting_player": true,
        "require_targeting_npc": true,
        "require_targeting_monster": true,
        "targeting_cost": 200,
        "targeting_sound": "argh!",
        "targeting_volume": 20,
        "description": "The super soldier fires its ARC rifle!",
        "no_ammo_sound": "beep-beep-beep!"
      },
      { "id": "grab", "cooldown": 10 },
      { "id": "bio_op_takedown", "cooldown": 30 }
    ],
    "special_when_hit": [ "ZAPBACK", 60 ],
    "anger_triggers": [ "FRIEND_DIED", "FRIEND_ATTACKED", "HURT", "STALK", "PLAYER_CLOSE" ],
    "placate_triggers": [ "PLAYER_WEAK" ],
    "death_drops": "wild_bio_infantry_rifle",
    "zombify_into": "mon_zombie_bio_reanimated",
    "flags": [ "SEES", "HEARS", "SMELLS", "POISON", "NO_BREATHE", "FILTHY", "PATH_AVOID_DANGER" ]
  },
  {
    "id": "mon_zombie_bio_infantry_shotgun",
    "type": "MONSTER",
    "looks_like": "mon_zombie_bio_infantry",
    "name": { "str": "zombie augmented shotgunner" },
    "description": "An advanced, well-equipped member of the military that still succumbed to the cataclysm.  This one is wielding some kind of shotgun, and appears to recall how to use it.",
    "default_faction": "super_soldat",
    "species": [ "ZOMBIE" ],
    "diff": 10,
    "volume": "62500 ml",
    "weight": "81500 g",
    "hp": 100,
    "speed": 100,
    "material": [ "flesh" ],
    "symbol": "Z",
    "color": "red_cyan",
    "aggression": 0,
    "morale": 100,
    "melee_skill": 5,
    "melee_dice": 2,
    "melee_dice_sides": 6,
    "melee_damage": [ { "damage_type": "cut", "amount": 2 } ],
    "dodge": 3,
    "armor": { "bash": 10, "cut": 20, "stab": 20, "bullet": 30, "acid": 5, "heat": 20 },
    "vision_day": 40,
    "vision_night": 15,
    "path_settings": { "max_dist": 10 },
    "luminance": 2,
    "regenerates": 1,
    "regeneration_modifiers": [ [ "onfire", -1 ], [ "corroding", -1 ] ],
    "regen_morale": true,
    "starting_ammo": { "battery": 100 },
    "harvest": "CBM_SOLDAT_ZOMBIE",
    "dissect": "dissect_CBM_SOLDAT_ZOMBIE",
    "special_attacks": [
      {
        "type": "gun",
        "cooldown": 5,
        "move_cost": 200,
        "gun_type": "xarm_laser_shotgun_monster",
        "ammo_type": "battery",
        "fake_str": 4,
        "fake_dex": 5,
        "fake_per": 3,
        "fake_int": 1,
        "max_ammo": 100,
        "ranges": [ [ 2, 10, "DEFAULT" ], [ 2, 10, "BURST" ] ],
        "require_targeting_player": true,
        "require_targeting_npc": true,
        "require_targeting_monster": true,
        "targeting_cost": 200,
        "targeting_sound": "argh!",
        "targeting_volume": 20,
        "description": "The super soldier fires its XARM scattergun!",
        "no_ammo_sound": "beep-beep-beep!"
      },
      { "id": "grab", "cooldown": 10 },
      { "id": "bio_op_takedown", "cooldown": 30 }
    ],
    "special_when_hit": [ "ZAPBACK", 60 ],
    "anger_triggers": [ "FRIEND_DIED", "FRIEND_ATTACKED", "HURT", "STALK", "PLAYER_CLOSE" ],
    "placate_triggers": [ "PLAYER_WEAK" ],
    "death_drops": "wild_bio_infantry_shotgun",
    "zombify_into": "mon_zombie_bio_reanimated",
    "flags": [ "SEES", "HEARS", "SMELLS", "POISON", "NO_BREATHE", "FILTHY", "PATH_AVOID_DANGER" ]
  },
  {
    "id": "mon_zombie_bio_knight_lmg",
    "type": "MONSTER",
    "looks_like": "mon_zombie_bio_knight",
    "name": { "str": "zombie augmented juggernaut" },
    "description": "An advanced, well-equipped member of the military that still succumbed to the cataclysm.  This one is relatively well-armored, wielding some sort of LMG as though it recalls how to use it.",
    "default_faction": "super_soldat",
    "species": [ "ZOMBIE" ],
    "diff": 20,
    "volume": "62500 ml",
    "weight": "81500 g",
    "hp": 100,
    "speed": 80,
    "material": [ "flesh" ],
    "symbol": "Z",
    "color": "red_cyan",
    "aggression": 0,
    "morale": 100,
    "melee_skill": 7,
    "melee_dice": 3,
    "melee_dice_sides": 6,
    "melee_damage": [ { "damage_type": "cut", "amount": 2 }, { "damage_type": "electric", "amount": 4 } ],
    "dodge": 3,
    "armor": { "bash": 15, "cut": 30, "stab": 30, "bullet": 45, "acid": 5, "heat": 30 },
    "vision_day": 40,
    "vision_night": 3,
    "luminance": 2,
    "regenerates": 3,
    "regeneration_modifiers": [ [ "onfire", -2 ], [ "corroding", -2 ] ],
    "regen_morale": true,
    "starting_ammo": { "battery": 200 },
    "harvest": "CBM_SOLDAT_KNIGHT_ZOMBIE",
    "dissect": "dissect_CBM_SOLDAT_KNIGHT_ZOMBIE",
    "special_attacks": [
      {
        "type": "gun",
        "cooldown": 5,
        "move_cost": 200,
        "gun_type": "krx_laser_lmg_monster",
        "ammo_type": "battery",
        "fake_str": 4,
        "fake_dex": 3,
        "fake_per": 3,
        "max_ammo": 200,
        "ranges": [ [ 10, 30, "DEFAULT" ], [ 10, 30, "BURST" ], [ 10, 30, "AUTO" ] ],
        "require_targeting_player": true,
        "require_targeting_npc": true,
        "require_targeting_monster": true,
        "targeting_cost": 200,
        "targeting_sound": "argh!",
        "targeting_volume": 20,
        "description": "The super soldier fires its LMG!",
        "no_ammo_sound": "beep-beep-beep!"
      },
      { "id": "grab_drag", "cooldown": 10 },
      [ "SMASH", 30 ],
      { "id": "slam" }
    ],
    "special_when_hit": [ "ZAPBACK", 60 ],
    "anger_triggers": [ "FRIEND_DIED", "HURT", "PLAYER_CLOSE", "STALK" ],
    "death_drops": "wild_bio_knight_lmg",
    "zombify_into": "mon_zombie_bio_reanimated",
    "flags": [ "SEES", "HEARS", "SMELLS", "POISON", "NO_BREATHE", "FILTHY", "BASHES", "PUSH_MON", "PUSH_VEH", "PATH_AVOID_FIRE" ]
  },
  {
    "id": "mon_zombie_bio_knight_lauhcher",
    "type": "MONSTER",
    "looks_like": "mon_zombie_bio_knight",
    "name": { "str": "zombie augmented juggernaut" },
    "description": "An advanced, well-equipped member of the military that still succumbed to the cataclysm.  This one is relatively well-armored, and the anti-tank weapon it's carrying looks to be in working order.  Run.",
    "default_faction": "super_soldat",
    "species": [ "ZOMBIE" ],
    "diff": 25,
    "volume": "62500 ml",
    "weight": "81500 g",
    "hp": 100,
    "speed": 80,
    "material": [ "flesh" ],
    "symbol": "Z",
    "color": "red_cyan",
    "aggression": 0,
    "morale": 100,
    "melee_skill": 7,
    "melee_dice": 3,
    "melee_dice_sides": 6,
    "melee_damage": [ { "damage_type": "cut", "amount": 2 }, { "damage_type": "electric", "amount": 4 } ],
    "dodge": 3,
    "armor": { "bash": 15, "cut": 30, "stab": 30, "bullet": 45, "acid": 5, "heat": 30 },
    "vision_day": 40,
    "vision_night": 3,
    "luminance": 2,
    "regenerates": 3,
    "regeneration_modifiers": [ [ "onfire", -2 ], [ "corroding", -2 ] ],
    "regen_morale": true,
    "starting_ammo": { "battery": 5 },
    "harvest": "CBM_SOLDAT_KNIGHT_ZOMBIE",
    "dissect": "dissect_CBM_SOLDAT_KNIGHT_ZOMBIE",
    "special_attacks": [
      {
        "type": "gun",
        "cooldown": 5,
        "move_cost": 200,
        "gun_type": "mk_ionic_cannon_monster",
        "ammo_type": "battery",
        "fake_str": 4,
        "fake_dex": 3,
        "fake_per": 3,
        "max_ammo": 5,
        "ranges": [ [ 15, 40, "DEFAULT" ] ],
        "require_targeting_player": true,
        "require_targeting_npc": true,
        "require_targeting_monster": true,
        "laser_lock": true,
        "targeting_cost": 200,
        "targeting_sound": "argh!",
        "targeting_volume": 20,
        "description": "The super soldier fires its launcher!",
        "no_ammo_sound": "beep-beep-beep!"
      },
      { "id": "grab_drag", "cooldown": 10 },
      [ "SMASH", 30 ],
      { "id": "slam" }
    ],
    "special_when_hit": [ "ZAPBACK", 60 ],
    "anger_triggers": [ "FRIEND_DIED", "HURT", "PLAYER_CLOSE", "STALK" ],
    "death_drops": "wild_bio_knight_launcher",
    "zombify_into": "mon_zombie_bio_reanimated",
    "flags": [ "SEES", "HEARS", "SMELLS", "POISON", "NO_BREATHE", "FILTHY", "BASHES", "PUSH_MON", "PUSH_VEH", "PATH_AVOID_FIRE" ]
  },
  {
    "id": "mon_zombie_bio_scout_sniper",
    "type": "MONSTER",
    "looks_like": "mon_zombie_bio_scout",
    "name": { "str": "zombie augmented scout" },
    "description": "An advanced, well-equipped member of the military that still succumbed to the cataclysm.  This one is wielding what seems to be a sniper rifle, and it seems unusually alert for a zombie…",
    "default_faction": "super_soldat",
    "species": [ "ZOMBIE" ],
    "diff": 25,
    "volume": "62500 ml",
    "weight": "81500 g",
    "hp": 100,
    "speed": 100,
    "material": [ "flesh" ],
    "symbol": "Z",
    "color": "red_cyan",
    "aggression": 0,
    "morale": 100,
    "melee_skill": 5,
    "melee_dice": 2,
    "melee_dice_sides": 6,
    "melee_damage": [ { "damage_type": "cut", "amount": 2 } ],
    "dodge": 3,
    "armor": { "bash": 5, "cut": 10, "stab": 10, "bullet": 15, "acid": 5, "heat": 10 },
    "vision_day": 40,
    "vision_night": 40,
    "path_settings": { "max_dist": 20 },
    "luminance": 2,
    "regenerates": 1,
    "regeneration_modifiers": [ [ "onfire", -1 ], [ "corroding", -1 ] ],
    "regen_morale": true,
    "starting_ammo": { "battery": 50 },
    "harvest": "CBM_SOLDAT_SNIPER_ZOMBIE",
    "dissect": "dissect_CBM_SOLDAT_SNIPER_ZOMBIE",
    "special_attacks": [
      {
        "type": "gun",
        "cooldown": 5,
        "move_cost": 200,
        "gun_type": "laser_sniper_monster",
        "ammo_type": "battery",
        "fake_str": 4,
        "fake_dex": 5,
        "fake_per": 4,
        "max_ammo": 50,
        "ranges": [ [ 10, 40, "DEFAULT" ] ],
        "require_targeting_player": true,
        "require_targeting_npc": true,
        "require_targeting_monster": true,
        "laser_lock": true,
        "targeting_cost": 200,
        "targeting_sound": "argh!",
        "targeting_volume": 20,
        "description": "The super scout fires its rifle!",
        "no_ammo_sound": "beep-beep-beep!"
      },
      { "id": "grab", "cooldown": 10 },
      { "id": "bio_op_takedown", "cooldown": 30 },
      [ "LUNGE", 20 ]
    ],
    "special_when_hit": [ "ZAPBACK", 60 ],
    "anger_triggers": [ "FRIEND_DIED", "HURT", "PLAYER_CLOSE", "STALK" ],
    "placate_triggers": [ "PLAYER_WEAK" ],
    "death_drops": "wild_bio_scout_sniper",
    "zombify_into": "mon_zombie_bio_reanimated",
    "flags": [ "SEES", "HEARS", "SMELLS", "POISON", "NO_BREATHE", "FILTHY", "PATH_AVOID_DANGER" ]
  },
  {
    "id": "mon_zombie_bio_tool_pistol",
    "type": "MONSTER",
    "looks_like": "mon_zombie_bio_tool",
    "name": { "str": "zombie augmented bio-engineer" },
    "description": "An advanced, well-equipped member of the military that still succumbed to the cataclysm.  This one is wielding some kind of pistol, and appears to recall how to use it.",
    "default_faction": "super_soldat",
    "species": [ "ZOMBIE" ],
    "diff": 5,
    "volume": "62500 ml",
    "weight": "81500 g",
    "hp": 100,
    "speed": 100,
    "material": [ "flesh" ],
    "symbol": "Z",
    "color": "red_cyan",
    "aggression": 0,
    "morale": 100,
    "melee_skill": 3,
    "melee_dice": 2,
    "melee_dice_sides": 4,
    "melee_damage": [ { "damage_type": "cut", "amount": 2 } ],
    "dodge": 3,
    "armor": { "bash": 5, "cut": 10, "stab": 10, "bullet": 15, "acid": 5, "heat": 10 },
    "vision_day": 40,
    "vision_night": 15,
    "path_settings": { "max_dist": 30, "avoid_traps": true, "avoid_dangerous_fields": true },
    "luminance": 2,
    "regenerates": 3,
    "regeneration_modifiers": [ [ "onfire", -2 ], [ "corroding", -2 ] ],
    "regen_morale": true,
    "starting_ammo": { "battery": 25 },
    "harvest": "CBM_SOLDAT_TOOL_ZOMBIE",
    "dissect": "dissect_CBM_SOLDAT_TOOL_ZOMBIE",
    "special_attacks": [
      {
        "type": "gun",
        "cooldown": 5,
        "move_cost": 200,
        "gun_type": "neo_laser_pistol_monster",
        "ammo_type": "battery",
        "fake_str": 3,
        "fake_dex": 4,
        "fake_per": 5,
        "max_ammo": 25,
        "ranges": [ [ 1, 15, "DEFAULT" ] ],
        "require_targeting_player": true,
        "require_targeting_npc": true,
        "require_targeting_monster": true,
        "targeting_cost": 200,
        "targeting_sound": "argh!",
        "targeting_volume": 20,
        "description": "The super soldier fires its pistol!",
        "no_ammo_sound": "beep-beep-beep!"
      },
      { "id": "grab", "cooldown": 10 },
      [ "scratch", 20 ]
    ],
    "special_when_hit": [ "ZAPBACK", 60 ],
    "anger_triggers": [ "FRIEND_DIED", "FRIEND_ATTACKED", "HURT", "STALK", "PLAYER_CLOSE" ],
    "placate_triggers": [ "PLAYER_WEAK" ],
    "death_drops": "wild_bio_tool_pistol",
    "zombify_into": "mon_zombie_bio_reanimated",
    "flags": [ "SEES", "HEARS", "SMELLS", "POISON", "NO_BREATHE", "FILTHY", "PATH_AVOID_DANGER" ]
  },
  {
    "id": "mon_zombie_bio_tool_smg",
    "type": "MONSTER",
    "looks_like": "mon_zombie_bio_tool",
    "name": { "str": "zombie augmented bio-engineer" },
    "description": "An advanced, well-equipped member of the military that still succumbed to the cataclysm.  This one is wielding some kind of submachine gun, and appears to recall how to use it.",
    "default_faction": "super_soldat",
    "species": [ "ZOMBIE" ],
    "diff": 10,
    "volume": "62500 ml",
    "weight": "81500 g",
    "hp": 100,
    "speed": 100,
    "material": [ "flesh" ],
    "symbol": "Z",
    "color": "red_cyan",
    "aggression": 0,
    "morale": 100,
    "melee_skill": 3,
    "melee_dice": 2,
    "melee_dice_sides": 4,
    "melee_damage": [ { "damage_type": "cut", "amount": 2 } ],
    "dodge": 3,
    "armor": { "bash": 5, "cut": 10, "stab": 10, "bullet": 15, "acid": 5, "heat": 10 },
    "vision_day": 40,
    "vision_night": 15,
    "path_settings": { "max_dist": 30, "avoid_traps": true, "avoid_dangerous_fields": true },
    "luminance": 2,
    "regenerates": 3,
    "regeneration_modifiers": [ [ "onfire", -2 ], [ "corroding", -2 ] ],
    "regen_morale": true,
    "starting_ammo": { "battery": 50 },
    "harvest": "CBM_SOLDAT_TOOL_ZOMBIE",
    "dissect": "dissect_CBM_SOLDAT_TOOL_ZOMBIE",
    "special_attacks": [
      {
        "type": "gun",
        "cooldown": 5,
        "move_cost": 200,
        "gun_type": "akro_laser_smg_monster",
        "ammo_type": "battery",
        "fake_str": 3,
        "fake_dex": 4,
        "fake_per": 5,
        "max_ammo": 50,
        "ranges": [ [ 3, 15, "DEFAULT" ], [ 3, 15, "BURST" ], [ 3, 15, "AUTO" ] ],
        "require_targeting_player": true,
        "require_targeting_npc": true,
        "require_targeting_monster": true,
        "targeting_cost": 200,
        "targeting_sound": "argh!",
        "targeting_volume": 20,
        "description": "The super soldier fires its smg!",
        "no_ammo_sound": "beep-beep-beep!"
      },
      { "id": "grab", "cooldown": 10 },
      [ "scratch", 20 ]
    ],
    "special_when_hit": [ "ZAPBACK", 60 ],
    "anger_triggers": [ "FRIEND_DIED", "FRIEND_ATTACKED", "HURT", "STALK", "PLAYER_CLOSE" ],
    "placate_triggers": [ "PLAYER_WEAK" ],
    "death_drops": "wild_bio_tool_smg",
    "zombify_into": "mon_zombie_bio_reanimated",
    "flags": [ "SEES", "HEARS", "SMELLS", "POISON", "NO_BREATHE", "FILTHY", "PATH_AVOID_DANGER" ]
  },
  {
    "id": "mon_zombie_bio_reanimated",
    "type": "MONSTER",
    "looks_like": "mon_zombie_bio_dormant_unarmed",
    "name": { "str": "reanimated augmented soldier" },
    "description": "An advanced, well-equipped member of the military that still succumbed to the cataclysm.  This one has no sign of its signature weaponry and its armor is in tatters, yet it still marches on with unnerving confidence and speed.",
    "default_faction": "super_soldat",
    "species": [ "ZOMBIE" ],
    "volume": "62500 ml",
    "weight": "81500 g",
    "hp": 90,
    "speed": 110,
    "material": [ "flesh" ],
    "symbol": "Z",
    "color": "red_cyan",
    "//": "It has long since been aggro'd at this point.",
    "aggression": 100,
    "morale": 100,
    "melee_skill": 5,
    "melee_dice": 2,
    "melee_dice_sides": 6,
    "melee_damage": [ { "damage_type": "cut", "amount": 2 } ],
    "path_settings": { "max_dist": 20 },
    "dodge": 5,
    "armor": { "bash": 5, "cut": 5, "stab": 5, "bullet": 10, "acid": 5, "heat": 5 },
    "vision_day": 40,
    "vision_night": 15,
    "luminance": 2,
    "regenerates": 1,
    "regeneration_modifiers": [ [ "onfire", -1 ], [ "corroding", -1 ] ],
    "regen_morale": true,
    "harvest": "CBM_SOLDAT_ZOMBIE_GENERIC",
    "dissect": "dissect_CBM_SOLDAT_ZOMBIE_GENERIC",
    "special_attacks": [
      { "type": "leap", "cooldown": 10, "max_range": 5 },
      { "id": "grab", "cooldown": 5 },
      { "id": "bio_op_takedown", "cooldown": 20 },
      [ "scratch", 15 ],
      { "type": "bite", "cooldown": 5 }
    ],
    "special_when_hit": [ "ZAPBACK", 60 ],
    "flags": [
      "HARDTOSHOOT",
      "REVIVES",
      "SEES",
      "HEARS",
      "SMELLS",
      "POISON",
      "NO_BREATHE",
      "FILTHY",
      "STUMBLES",
      "BASHES",
      "PATH_AVOID_DANGER"
    ]
  }
]
