[
  {
    "id": "GROUP_ZOMBIE_MID",
    "type": "monstergroup",
    "//": "This is obsolete in standard Cataclysm but used in PK's Rebalancing for some things.",
    "auto_total": true,
    "monsters": [
      { "monster": "mon_failed_weapon", "weight": 1, "cost_multiplier": 80 },
      { "monster": "mon_zombie_failed_weapon", "weight": 1, "cost_multiplier": 30 },
      { "monster": "mon_zombie_bio_knife", "weight": 1, "cost_multiplier": 15 },
      { "monster": "mon_zombie_bio_infantry_shotgun", "weight": 1, "cost_multiplier": 15 },
      { "monster": "mon_zombie_bio_knight_lmg", "weight": 1, "cost_multiplier": 15 },
      { "monster": "mon_zombie_bio_knight_lauhcher", "weight": 1, "cost_multiplier": 15 },
      { "monster": "mon_zombie_bio_scout_sniper", "weight": 1, "cost_multiplier": 15 },
      { "monster": "mon_zombie_bio_tool_pistol", "weight": 1, "cost_multiplier": 15 },
      { "monster": "mon_zombie_bio_tool_smg", "weight": 1, "cost_multiplier": 15 }
    ]
  }
]
