[
  {
    "id": "chem_cart",
    "type": "vehicle",
    "name": "Chemistry Station",
    "blueprint": [ "&" ],
    "parts": [
      { "x": 0, "y": 0, "parts": ["xlframe_vertical_2", "wheel_caster", "small_storage_battery", "chemlab"] }
    ]
  },
  {
    "id": "surv_cart",
    "type": "vehicle",
    "name": "Survivor Station",
    "blueprint": [ "&" ],
    "parts": [
      { "x": 0, "y": 0, "parts": ["xlframe_vertical_2", "wheel_caster", "small_storage_battery", "surv_station_t"] }
    ]
  },
  {
    "id": "autoclave_cart",
    "type": "vehicle",
    "name": "Autoclave Station",
    "blueprint": [ "&" ],
    "parts": [
      { "x": 0, "y": 0, "parts": [ "xlframe_horizontal", "wheel_caster", "medium_storage_battery", "autoclave" ] },
      { "x": 1, "y": 0, "parts": [ "xlframe_horizontal", "wheel_caster", "box", "water_faucet", { "part": "tank_little", "fuel": "water" } ] }
    ],
    "items": [ { "x": 0, "y": 0, "chance": 90, "items": [ "pouch_autoclave" ] } ]
  }
]
