[
  {
    "id": "dirtlot",
    "type": "vehicle_group",
    "vehicles": [ [ "surv_tractor", 5 ], [ "c_surv_rv_military", 5 ], [ "surv_tachanka", 5 ] ],
    "//": "Low since there are not many vehicles to pick from."
  },
  {
    "id": "city_vehicles",
    "type": "vehicle_group",
    "vehicles": [ [ "c_surv_rv_military", 5 ] ]
  },
  {
    "id": "parkinglot",
    "type": "vehicle_group",
    "vehicles": [ [ "c_surv_rv_military", 5 ] ]
  },
  {
    "id": "highway",
    "type": "vehicle_group",
    "vehicles": [ [ "c_surv_rv_military", 5 ] ]
  },
  {
    "id": "highway",
    "type": "vehicle_group",
    "vehicles": [ [ "surv_tachanka", 5 ], [ "c_surv_rv_military", 1 ] ]
  },
  {
    "type": "vehicle_group",
    "id": "speedway_rv",
    "vehicles": [ [ "c_surv_rv_military", 25 ] ]
  },
  {
    "id": "command_center_rvs",
    "type": "vehicle_group",
    "vehicles": [ [ "rv", 25 ], [ "lux_rv", 25 ], [ "surv_rv", 25 ], [ "c_surv_rv_military", 25 ] ]
  }
]
