[
  {
    "type": "vehicle_part",
    "copy-from": "turret",
    "id": "ups_rifle_t",
    "name": "mounted UPS rifle",
    "looks_like": "laser_rifle",
    "color": "yellow",
    "broken_symbol": "#",
    "broken_color": "yellow",
    "item": "ups_rifle",
    "folded_volume": "3500 ml",
    "//": "Haven't figured out the breaks_into...",
    "breaks_into": [ { "item": "ups_rifle", "prob": 50 } ],
    "requirements": {
      "install": { "skills": [ [ "mechanics", 6 ], [ "electronics", 6 ] ] },
      "removal": { "skills": [ [ "mechanics", 4 ] ] }
    }
  },
  {
    "type": "vehicle_part",
    "copy-from": "turret",
    "id": "unbio_chain_lightning_t",
    "name": "chain lightning rifle",
    "looks_like": "laser_rifle",
    "color": "yellow",
    "broken_symbol": "#",
    "broken_color": "yellow",
    "item": "unbio_chain_lightning",
    "folded_volume": "3500 ml",
    "breaks_into": [ { "item": "unbio_chain_lightning", "prob": 50 } ],
    "requirements": {
      "install": { "skills": [ [ "mechanics", 5 ], [ "electronics", 5 ] ] },
      "removal": { "skills": [ [ "mechanics", 3 ] ] }
    }
  },
  {
    "type": "vehicle_part",
    "copy-from": "turret",
    "id": "sur_pnu_lmg_t",
    "name": "mounted pneumatic LMG",
    "looks_like": "mounted_bigun",
    "color": "dark_gray",
    "broken_symbol": "#",
    "broken_color": "dark_gray",
    "item": "sur_pnu_lmg",
    "folded_volume": "4250 ml",
    "breaks_into": [ { "item": "sur_pnu_lmg", "prob": 50 } ],
    "requirements": { "install": { "skills": [ [ "mechanics", 4 ], [ "rifle", 2 ] ] }, "removal": { "skills": [ [ "mechanics", 2 ] ] } }
  },
  {
    "type": "vehicle_part",
    "copy-from": "turret",
    "id": "surv_battery_rifle_t",
    "name": "mounted survivor's battery rifle",
    "looks_like": "laser_rifle",
    "color": "yellow",
    "broken_symbol": "#",
    "broken_color": "yellow",
    "item": "surv_battery_rifle",
    "folded_volume": "3 L",
    "breaks_into": [ { "item": "surv_battery_rifle", "prob": 50 } ],
    "requirements": {
      "install": { "skills": [ [ "mechanics", 5 ], [ "electronics", 5 ] ] },
      "removal": { "skills": [ [ "mechanics", 3 ] ] }
    }
  },
  {
    "type": "GENERIC",
    "id": "surv_station",
    "//": "Actual item",
    "name": "survivor's station",
    "description": "A makeshift vehicle mountable station comprised of many utilities, all compressed into a single unit.  Has no cargo space due to all the components it is made out of.",
    "weight": "123134 g",
    "to_hit": -2,
    "color": "light_red",
    "symbol": "&",
    "looks_like": "craftrig",
    "material": [ "steel" ],
    "volume": "30 L",
    "category": "veh_parts",
    "price": "800 USD"
  },
  {
    "type": "vehicle_part",
    "id": "surv_station_t",
    "//": "Almost all utilities in one!",
    "name": "survivor's station unit",
    "description": "A makeshift vehicle mountable station comprised of many utilities, all compressed into a single unit.  Combines the functionality of a vehicle kitchen unit, forge, welder, chemistry set, and all of the myriad functions of the FOODCO kitchen buddy.  As a consequence, it leaves no space left for storage.",
    "looks_like": "craft_rig",
    "symbol": "&",
    "color": "light_red",
    "broken_symbol": "x",
    "broken_color": "light_red",
    "damage_modifier": 80,
    "durability": 100,
    "item": "surv_station",
    "location": "center",
    "flags": [ "OBSTACLE", "KITCHEN", "CHEMLAB", "CRAFTRIG", "FORGE", "WELDRIG", "WATER_PURIFIER", "FAUCET" ],
    "breaks_into": [
      { "item": "steel_lump", "count": [ 30, 40 ] },
      { "item": "steel_chunk", "count": [ 30, 40 ] },
      { "item": "scrap", "count": [ 30, 40 ] },
      { "item": "circuit", "count": [ 30, 40 ] },
      { "item": "e_scrap", "count": [ 30, 40 ] },
      { "item": "amplifier", "count": [ 30, 40 ] }
    ],
    "requirements": {
      "install": { "skills": [ [ "mechanics", 6 ] ], "time": "60 m", "using": [ [ "vehicle_bolt", 1 ] ] },
      "removal": { "skills": [ [ "mechanics", 5 ] ], "time": "30 m", "using": [ [ "vehicle_bolt", 1 ] ] },
      "repair": {
        "skills": [ [ "mechanics", 7 ] ],
        "time": "60 m",
        "using": [ [ "welding_standard", 5 ], [ "vehicle_repair_electronics", 2 ] ]
      }
    }
  },
  {
    "type": "vehicle_part",
    "id": "surv_full_223_t",
    "copy-from": "turret",
    "name": "mounted survivor's .223 assault rifle",
    "looks_like": "mounted_m1918",
    "color": "brown",
    "broken_symbol": "#",
    "broken_color": "brown",
    "item": "surv_full_223",
    "folded_volume": "2 L",
    "breaks_into": [ { "item": "surv_full_223", "prob": 50 } ],
    "requirements": { "install": { "skills": [ [ "mechanics", 4 ], [ "rifle", 2 ] ] }, "removal": { "skills": [ [ "mechanics", 2 ] ] } }
  },
  {
    "type": "vehicle_part",
    "id": "surv_full_308_t",
    "copy-from": "turret",
    "name": "mounted survivor's .308 battle rifle",
    "looks_like": "mounted_m1918",
    "color": "brown",
    "broken_symbol": "#",
    "broken_color": "brown",
    "item": "surv_full_308",
    "folded_volume": "2 L",
    "breaks_into": [ { "item": "surv_full_308", "prob": 50 } ],
    "requirements": { "install": { "skills": [ [ "mechanics", 4 ], [ "rifle", 2 ] ] }, "removal": { "skills": [ [ "mechanics", 2 ] ] } }
  },
  {
    "type": "vehicle_part",
    "copy-from": "turret",
    "id": "surv_full_762_t",
    "name": "mounted survivor's 7.62x39 assault rifle",
    "looks_like": "mounted_m1918",
    "color": "brown",
    "broken_symbol": "#",
    "broken_color": "brown",
    "item": "surv_full_762",
    "folded_volume": "2 L",
    "breaks_into": [ { "item": "surv_full_762", "prob": 50 } ],
    "requirements": { "install": { "skills": [ [ "mechanics", 4 ], [ "rifle", 2 ] ] }, "removal": { "skills": [ [ "mechanics", 2 ] ] } }
  },
  {
    "type": "vehicle_part",
    "copy-from": "turret",
    "id": "surv_full_762R_t",
    "name": "mounted survivor's 7.62x54 battle rifle",
    "looks_like": "mounted_m1918",
    "color": "brown",
    "broken_symbol": "#",
    "broken_color": "brown",
    "item": "surv_full_762R",
    "folded_volume": "2 L",
    "breaks_into": [ { "item": "surv_full_762R", "prob": 50 } ],
    "requirements": { "install": { "skills": [ [ "mechanics", 4 ], [ "rifle", 2 ] ] }, "removal": { "skills": [ [ "mechanics", 2 ] ] } }
  },
  {
    "type": "vehicle_part",
    "copy-from": "turret",
    "id": "surv_full_12_t",
    "name": "mounted survivor's full-auto shotgun",
    "looks_like": "mounted_bigun",
    "color": "brown",
    "broken_symbol": "#",
    "broken_color": "brown",
    "item": "surv_full_12",
    "folded_volume": "2500 ml",
    "breaks_into": [ { "item": "surv_full_12", "prob": 50 } ],
    "requirements": { "install": { "skills": [ [ "mechanics", 4 ], [ "shotgun", 2 ] ] }, "removal": { "skills": [ [ "mechanics", 2 ] ] } }
  },
  {
    "type": "vehicle_part",
    "copy-from": "turret",
    "id": "surv_lmg_308_t",
    "name": "mounted survivor's .308 GPMG",
    "looks_like": "mounted_m240",
    "color": "brown",
    "broken_symbol": "#",
    "broken_color": "brown",
    "item": "surv_lmg_308",
    "folded_volume": "2500 ml",
    "breaks_into": [ { "item": "surv_lmg_308", "prob": 50 } ],
    "requirements": { "install": { "skills": [ [ "mechanics", 4 ], [ "rifle", 2 ] ] }, "removal": { "skills": [ [ "mechanics", 2 ] ] } }
  },
  {
    "type": "vehicle_part",
    "copy-from": "turret",
    "id": "surv_lmg_223_t",
    "name": "mounted survivor's .223 LMG",
    "looks_like": "m249",
    "color": "brown",
    "broken_symbol": "#",
    "broken_color": "brown",
    "item": "surv_lmg_223",
    "folded_volume": "2500 ml",
    "breaks_into": [ { "item": "surv_lmg_223", "prob": 50 } ],
    "requirements": { "install": { "skills": [ [ "mechanics", 4 ], [ "rifle", 2 ] ] }, "removal": { "skills": [ [ "mechanics", 2 ] ] } }
  },
  {
    "type": "vehicle_part",
    "copy-from": "turret",
    "id": "surv_lmg_762_t",
    "name": "mounted survivor's 7.62x39 LMG",
    "looks_like": "m249",
    "color": "brown",
    "broken_symbol": "#",
    "broken_color": "brown",
    "item": "surv_lmg_762",
    "folded_volume": "2500 ml",
    "breaks_into": [ { "item": "surv_lmg_762", "prob": 50 } ],
    "requirements": { "install": { "skills": [ [ "mechanics", 4 ], [ "rifle", 2 ] ] }, "removal": { "skills": [ [ "mechanics", 2 ] ] } }
  },
  {
    "type": "vehicle_part",
    "copy-from": "turret",
    "id": "surv_lmg_762R_t",
    "name": "mounted survivor's 7.62x54 GPMG",
    "looks_like": "surv_lmg_308_t",
    "color": "brown",
    "broken_symbol": "#",
    "broken_color": "brown",
    "item": "surv_lmg_762R",
    "folded_volume": "2500 ml",
    "breaks_into": [ { "item": "surv_lmg_762R", "prob": 50 } ],
    "requirements": { "install": { "skills": [ [ "mechanics", 4 ], [ "rifle", 2 ] ] }, "removal": { "skills": [ [ "mechanics", 2 ] ] } }
  },
  {
    "type": "vehicle_part",
    "copy-from": "turret",
    "id": "surv_full_50_t",
    "name": "mounted survivor's .50 automatic AMR",
    "looks_like": "mounted_browning",
    "color": "brown",
    "broken_symbol": "#",
    "broken_color": "brown",
    "item": "surv_full_50",
    "folded_volume": "3 L",
    "breaks_into": [ { "item": "surv_full_50", "prob": 50 } ],
    "requirements": { "install": { "skills": [ [ "mechanics", 4 ], [ "rifle", 2 ] ] }, "removal": { "skills": [ [ "mechanics", 2 ] ] } }
  },
  {
    "type": "vehicle_part",
    "copy-from": "turret",
    "id": "laser_arc_carbine_t",
    "looks_like": "laser_rifle",
    "name": "mounted ARC-314 laser rifle",
    "color": "yellow",
    "broken_symbol": "#",
    "broken_color": "yellow",
    "item": "arc_laser_rifle",
    "folded_volume": "2 L",
    "breaks_into": [ { "item": "arc_laser_rifle", "prob": 50 } ],
    "requirements": {
      "install": { "skills": [ [ "mechanics", 6 ], [ "electronics", 4 ] ] },
      "removal": { "skills": [ [ "mechanics", 4 ] ] }
    }
  },
  {
    "type": "vehicle_part",
    "copy-from": "turret",
    "id": "laser_arc_carbine_t_ups",
    "looks_like": "laser_rifle",
    "name": "mounted ARC-314E1 laser rifle (UPS)",
    "color": "yellow",
    "broken_symbol": "#",
    "broken_color": "yellow",
    "item": "arc_laser_rifle_ups",
    "folded_volume": "2 L",
    "breaks_into": [ { "item": "arc_laser_rifle_ups", "prob": 50 } ],
    "requirements": {
      "install": { "skills": [ [ "mechanics", 6 ], [ "electronics", 4 ] ] },
      "removal": { "skills": [ [ "mechanics", 4 ] ] }
    }
  },
  {
    "type": "vehicle_part",
    "copy-from": "turret",
    "id": "laser_lmg_t",
    "looks_like": "laser_cannon",
    "name": "mounted KRX-108 laser LMG",
    "color": "yellow",
    "broken_symbol": "#",
    "broken_color": "yellow",
    "item": "krx_laser_lmg",
    "folded_volume": "3 L",
    "breaks_into": [ { "item": "krx_laser_lmg", "prob": 50 } ],
    "requirements": {
      "install": { "skills": [ [ "mechanics", 6 ], [ "electronics", 4 ] ] },
      "removal": { "skills": [ [ "mechanics", 4 ] ] }
    }
  },
  {
    "type": "vehicle_part",
    "copy-from": "turret",
    "id": "laser_lmg_t_ups",
    "looks_like": "laser_lmg_t",
    "name": "mounted KRX-108E1 laser LMG (UPS)",
    "color": "yellow",
    "broken_symbol": "#",
    "broken_color": "yellow",
    "item": "krx_laser_lmg_ups",
    "folded_volume": "2 L",
    "breaks_into": [ { "item": "krx_laser_lmg_ups", "prob": 50 } ],
    "requirements": {
      "install": { "skills": [ [ "mechanics", 6 ], [ "electronics", 4 ] ] },
      "removal": { "skills": [ [ "mechanics", 4 ] ] }
    }
  },
  {
    "type": "vehicle_part",
    "copy-from": "turret",
    "id": "laser_mx_sniper_t",
    "looks_like": "laser_rifle",
    "name": "mounted MX-84 laser sniper",
    "color": "yellow",
    "broken_symbol": "#",
    "broken_color": "yellow",
    "item": "mx_laser_sniper",
    "folded_volume": "3 L",
    "breaks_into": [ { "item": "mx_laser_sniper", "prob": 50 } ],
    "requirements": {
      "install": { "skills": [ [ "mechanics", 6 ], [ "electronics", 4 ] ] },
      "removal": { "skills": [ [ "mechanics", 4 ] ] }
    }
  },
  {
    "type": "vehicle_part",
    "copy-from": "turret",
    "id": "laser_mx_sniper_t_ups",
    "looks_like": "laser_rifle",
    "name": "mounted MX-84E1 laser sniper (UPS)",
    "color": "yellow",
    "broken_symbol": "#",
    "broken_color": "yellow",
    "item": "mx_laser_sniper_ups",
    "folded_volume": "3 L",
    "breaks_into": [ { "item": "mx_laser_sniper_ups", "prob": 50 } ],
    "requirements": {
      "install": { "skills": [ [ "mechanics", 6 ], [ "electronics", 4 ] ] },
      "removal": { "skills": [ [ "mechanics", 4 ] ] }
    }
  },
  {
    "type": "vehicle_part",
    "copy-from": "turret",
    "id": "xarm_laser_shotgun_t",
    "looks_like": "laser_rifle",
    "name": "mounted XARM-37 pulse scattergun",
    "color": "yellow",
    "broken_symbol": "#",
    "broken_color": "yellow",
    "item": "xarm_laser_shotgun",
    "folded_volume": "2 L",
    "breaks_into": [ { "item": "xarm_laser_shotgun", "prob": 50 } ],
    "requirements": {
      "install": { "skills": [ [ "mechanics", 6 ], [ "electronics", 4 ] ] },
      "removal": { "skills": [ [ "mechanics", 4 ] ] }
    }
  },
  {
    "type": "vehicle_part",
    "copy-from": "turret",
    "id": "xarm_laser_shotgun_t_ups",
    "looks_like": "laser_rifle",
    "name": "mounted XARM-37E1 pulse scattergun (UPS)",
    "color": "yellow",
    "broken_symbol": "#",
    "broken_color": "yellow",
    "item": "xarm_laser_shotgun_ups",
    "folded_volume": "2 L",
    "breaks_into": [ { "item": "xarm_laser_shotgun_ups", "prob": 50 } ],
    "requirements": {
      "install": { "skills": [ [ "mechanics", 6 ], [ "electronics", 4 ] ] },
      "removal": { "skills": [ [ "mechanics", 4 ] ] }
    }
  },
  {
    "type": "vehicle_part",
    "copy-from": "turret",
    "id": "br_bolt_rifle_elec_t",
    "looks_like": "mounted_coilgun",
    "name": "mounted BR-96 bolt rifle",
    "color": "yellow",
    "broken_symbol": "#",
    "broken_color": "yellow",
    "item": "br_bolt_rifle_elec",
    "folded_volume": "2 L",
    "breaks_into": [ { "item": "br_bolt_rifle_elec", "prob": 50 } ],
    "requirements": {
      "install": { "skills": [ [ "mechanics", 5 ], [ "electronics", 5 ] ] },
      "removal": { "skills": [ [ "mechanics", 3 ] ] }
    }
  },
  {
    "type": "vehicle_part",
    "copy-from": "turret",
    "id": "mk_ionic_cannon_t",
    "looks_like": "laser_cannon",
    "name": "mounted MK-2 Ionic Cannon",
    "color": "yellow",
    "broken_symbol": "#",
    "broken_color": "yellow",
    "item": "mk_ionic_cannon",
    "folded_volume": "3 L",
    "breaks_into": [ { "item": "mk_ionic_cannon", "prob": 50 } ],
    "requirements": {
      "install": { "skills": [ [ "mechanics", 7 ], [ "electronics", 5 ] ] },
      "removal": { "skills": [ [ "mechanics", 5 ] ] }
    }
  },
  {
    "type": "vehicle_part",
    "copy-from": "turret",
    "id": "mk_ionic_cannon_plut_t",
    "looks_like": "laser_cannon",
    "name": "mounted MK-2N1 Atomic Cannon",
    "color": "yellow",
    "broken_symbol": "#",
    "broken_color": "yellow",
    "item": "mk_ionic_cannon_plut",
    "folded_volume": "3 L",
    "breaks_into": [ { "item": "mk_ionic_cannon_plut", "prob": 50 } ],
    "requirements": {
      "install": { "skills": [ [ "mechanics", 7 ], [ "electronics", 5 ] ] },
      "removal": { "skills": [ [ "mechanics", 5 ] ] }
    }
  },
  {
    "type": "vehicle_part",
    "copy-from": "turret",
    "id": "c_mi_go_rifle_salvaged_t",
    "looks_like": "mounted_bigun",
    "name": "mounted salvaged resin rifle",
    "color": "green",
    "broken_symbol": "#",
    "broken_color": "green",
    "folded_volume": "3 L",
    "item": "c_mi_go_rifle_salvaged",
    "breaks_into": [ { "item": "c_mi_go_rifle_salvaged", "prob": 50 } ],
    "requirements": { "install": { "skills": [ [ "mechanics", 4 ], [ "rifle", 2 ] ] }, "removal": { "skills": [ [ "mechanics", 2 ] ] } }
  },
  {
    "id": "flamethrower_surv_t",
    "copy-from": "turret",
    "type": "vehicle_part",
    "name": { "str": "mounted survivor's flamethrower" },
    "item": "flamethrower_surv",
    "default_ammo": "diesel",
    "color": "dark_gray",
    "broken_color": "dark_gray",
    "breaks_into": [ { "item": "scrap", "count": 3 }, { "item": "steel_chunk", "count": 1 }, { "item": "steel_lump", "count": 1 } ],
    "requirements": { "install": { "skills": [ [ "mechanics", 5 ], [ "launcher", 1 ] ] }, "removal": { "skills": [ [ "mechanics", 3 ] ] } },
    "extend": { "flags": [ "USE_TANKS" ] }
  },
  {
    "id": "generator_electric_tiny",
    "copy-from": "vehicle_alternator",
    "type": "vehicle_part",
    "name": "tiny electric dynamo",
    "description": "An electric motor improvised to serve as an electric generator, to be attached to an internal combustion engine.  Much less efficient compared to its normal application as a motor.",
    "item": "motor_tiny",
    "folded_volume": 1,
    "durability": 80,
    "power": -800,
    "epower": 320,
    "//": "All improvised electric dynamos set to use input matching their motor counterpart's power output, and an output offering half their normal efficiency.",
    "damage_modifier": 80,
    "breaks_into": [
      { "item": "plastic_chunk", "count": [ 1, 2 ] },
      { "item": "scrap", "count": [ 1, 2 ] },
      { "item": "cable", "charges": [ 1, 3 ] }
    ],
    "extend": { "flags": [ "FOLDABLE" ] },
    "requirements": {
      "install": { "skills": [ [ "mechanics", 1 ] ], "time": "60 m", "using": [ [ "vehicle_screw", 1 ] ] },
      "removal": { "skills": [ [ "mechanics", 2 ] ], "time": "30 m", "using": [ [ "vehicle_screw", 1 ] ] },
      "repair": {
        "skills": [ [ "mechanics", 2 ] ],
        "time": "60 m",
        "using": [ [ "adhesive", 1 ], [ "vehicle_repair_electronics", 1 ] ]
      }
    }
  },
  {
    "id": "generator_electric_small",
    "copy-from": "vehicle_alternator",
    "type": "vehicle_part",
    "name": "small electric dynamo",
    "description": "An electric motor improvised to serve as an electric generator, to be attached to an internal combustion engine.  Much less efficient compared to its normal application as a motor.",
    "item": "motor_small",
    "durability": 120,
    "power": -7040,
    "epower": 3098,
    "damage_modifier": 80,
    "folded_volume": 1,
    "breaks_into": [
      { "item": "steel_lump", "count": [ 1, 2 ] },
      { "item": "steel_chunk", "count": [ 1, 2 ] },
      { "item": "scrap", "count": [ 1, 2 ] },
      { "item": "cable", "charges": [ 3, 6 ] }
    ],
    "extend": { "flags": [ "FOLDABLE" ] },
    "damage_reduction": { "all": 6 },
    "requirements": {
      "install": { "skills": [ [ "mechanics", 1 ] ], "time": "60 m", "using": [ [ "vehicle_screw", 1 ] ] },
      "removal": { "skills": [ [ "mechanics", 2 ] ], "time": "30 m", "using": [ [ "vehicle_screw", 1 ] ] },
      "repair": {
        "skills": [ [ "mechanics", 2 ] ],
        "time": "60 m",
        "using": [ [ "adhesive", 1 ], [ "vehicle_repair_electronics", 1 ] ]
      }
    }
  },
  {
    "id": "generator_electric",
    "copy-from": "vehicle_alternator",
    "type": "vehicle_part",
    "name": "electric dynamo",
    "description": "An electric motor improvised to serve as an electric generator, to be attached to an internal combustion engine.  Much less efficient compared to its normal application as a motor.",
    "item": "motor",
    "durability": 200,
    "power": -36000,
    "epower": 16200,
    "damage_modifier": 80,
    "breaks_into": [
      { "item": "steel_lump", "count": [ 3, 5 ] },
      { "item": "steel_chunk", "count": [ 3, 5 ] },
      { "item": "scrap", "count": [ 3, 5 ] },
      { "item": "cable", "charges": [ 10, 15 ] }
    ],
    "damage_reduction": { "all": 32 },
    "requirements": {
      "install": { "skills": [ [ "mechanics", 2 ] ], "time": "60 m", "using": [ [ "vehicle_bolt", 1 ] ] },
      "removal": { "skills": [ [ "mechanics", 2 ] ], "time": "30 m", "using": [ [ "vehicle_bolt", 1 ] ] },
      "repair": {
        "skills": [ [ "mechanics", 3 ] ],
        "time": "60 m",
        "using": [ [ "welding_standard", 5 ], [ "vehicle_repair_electronics", 2 ] ]
      }
    }
  },
  {
    "id": "generator_electric_large",
    "copy-from": "vehicle_alternator",
    "type": "vehicle_part",
    "name": "large electric dynamo",
    "description": "An electric motor improvised to serve as an electric generator, to be attached to an internal combustion engine.  It would need a fairly powerful engine to effectively generate power, and it's much less efficient compared to its normal application as a motor.",
    "item": "motor_large",
    "durability": 400,
    "power": -150000,
    "epower": 69018,
    "damage_modifier": 80,
    "breaks_into": [
      { "item": "steel_lump", "count": [ 3, 5 ] },
      { "item": "steel_chunk", "count": [ 3, 5 ] },
      { "item": "scrap", "count": [ 3, 5 ] },
      { "item": "cable", "charges": [ 10, 15 ] }
    ],
    "damage_reduction": { "all": 43 },
    "requirements": {
      "install": { "skills": [ [ "mechanics", 3 ] ], "time": "60 m", "using": [ [ "vehicle_bolt", 1 ] ] },
      "removal": { "skills": [ [ "mechanics", 2 ] ], "time": "30 m", "using": [ [ "vehicle_bolt", 1 ] ] },
      "repair": {
        "skills": [ [ "mechanics", 4 ] ],
        "time": "60 m",
        "using": [ [ "welding_standard", 5 ], [ "vehicle_repair_electronics", 2 ] ]
      }
    }
  },
  {
    "id": "generator_electric_enhanced",
    "copy-from": "vehicle_alternator",
    "type": "vehicle_part",
    "name": "enhanced electric dynamo",
    "description": "An electric motor improvised to serve as an electric generator, to be attached to an internal combustion engine.  It requires a rather powerful engine to operate, at reduced efficiency compared to its normal application as a motor.",
    "item": "motor_enhanced",
    "durability": 200,
    "power": -282000,
    "epower": 132540,
    "damage_modifier": 80,
    "breaks_into": [
      { "item": "steel_lump", "count": [ 3, 5 ] },
      { "item": "steel_chunk", "count": [ 3, 5 ] },
      { "item": "scrap", "count": [ 3, 5 ] },
      { "item": "cable", "charges": [ 10, 15 ] }
    ],
    "damage_reduction": { "all": 50 },
    "requirements": {
      "install": { "skills": [ [ "mechanics", 4 ] ], "time": "60 m", "using": [ [ "vehicle_bolt", 1 ] ] },
      "removal": { "skills": [ [ "mechanics", 2 ] ], "time": "30 m", "using": [ [ "vehicle_bolt", 1 ] ] },
      "repair": {
        "skills": [ [ "mechanics", 5 ] ],
        "time": "60 m",
        "using": [ [ "welding_standard", 5 ], [ "vehicle_repair_electronics", 2 ] ]
      }
    }
  },
  {
    "id": "generator_electric_super",
    "copy-from": "vehicle_alternator",
    "type": "vehicle_part",
    "name": "super electric dynamo",
    "description": "An electric motor improvised to serve as an electric generator, to be attached to an internal combustion engine.  Even being less effective like this, its power output is immense.  You would need one hell of an engine to use this as a generator!",
    "item": "motor_super",
    "durability": 400,
    "power": -475000,
    "epower": 225625,
    "damage_modifier": 80,
    "breaks_into": [
      { "item": "steel_lump", "count": [ 6, 10 ] },
      { "item": "steel_chunk", "count": [ 6, 10 ] },
      { "item": "scrap", "count": [ 6, 10 ] },
      { "item": "cable", "charges": [ 20, 30 ] }
    ],
    "damage_reduction": { "all": 60 },
    "requirements": {
      "install": { "skills": [ [ "mechanics", 5 ] ], "time": "60 m", "using": [ [ "vehicle_bolt", 1 ] ] },
      "removal": { "skills": [ [ "mechanics", 3 ] ], "time": "30 m", "using": [ [ "vehicle_bolt", 1 ] ] },
      "repair": {
        "skills": [ [ "mechanics", 6 ] ],
        "time": "60 m",
        "using": [ [ "welding_standard", 5 ], [ "vehicle_repair_electronics", 2 ] ]
      }
    }
  }
]
